system:index,Change Vec,EVI,Link,NDVI,NDWI,point_id,survey_d_1,survey_d_2,survey_d_3,survey_dat,.geo
1_LT05_189025_20000927_00000000000000000000,E20 E20 E20 B14,0.38296958166998457,https://1drv.ms/i/s!AuR4bnS0n2fes6oTswjXvyT1j1AR-w?e=2btkJW,0.5927375504019827,-0.5731348830543855,48503016,1246950000000,1337151600000,1432710000000,1145602800000,"{""type"":""Polygon"",""coordinates"":[[[17.394458249275434,50.01639594036222],[17.394380016254935,50.016388777238625],[17.394308010648277,50.0163678580586],[17.394247964146743,50.0163348480053],[17.394204656462406,50.01629237470058],[17.394181534859737,50.01624381903957],[17.394180439761843,50.01619304606513],[17.394201458270434,50.01614409730665],[17.39424291725374,50.01610086907407],[17.394301516546072,50.016066802315144],[17.394372591650555,50.01604460872211],[17.394450485030966,50.01603605488776],[17.39452899643848,50.01604182169007],[17.394601876431423,50.016061450096494],[17.39466332381011,50.016093377701466],[17.394708447377468,50.016135063089074],[17.39473365527383,50.016183188122945],[17.394736940896387,50.016233922063634],[17.394718042641703,50.01628322649128],[17.394678464750527,50.01632717676328],[17.39462135758904,50.016362274419],[17.394551266890332,50.01638572566319],[17.39447377191308,50.01639566375888],[17.394458249275434,50.01639594036222]]]}"
1_LT05_189025_20000927_00000000000000000001,E20 E20 E20 B15,0.3527910509028685,https://1drv.ms/i/s!AuR4bnS0n2fes6l2UZaBG9i3u8Pu5Q?e=Vk797c,0.6063648891273282,-0.5385561625493028,48602992,1247122800000,1341212400000,1438326000000,1148454000000,"{""type"":""Polygon"",""coordinates"":[[[17.499643984025177,49.79277202253191],[17.499566112829868,49.792764859408535],[17.49949444024629,49.79274394022906],[17.499434671456545,49.79271093017648],[17.499391564066705,49.79266845687245],[17.49936854939814,49.79261990121186],[17.49936745936271,49.79256912823744],[17.499388380659994,49.792520179478586],[17.49942964789698,49.79247695124533],[17.499487976171363,49.79244288448566],[17.499558722559215,49.792420690892044],[17.499636255689637,49.792412137057454],[17.49971440398889,49.792417903859935],[17.499786946917894,49.792437532266874],[17.49984811010666,49.792469459872585],[17.49989302497945,49.79251114526088],[17.499918116288985,49.79255927029521],[17.499921386713446,49.79261000423597],[17.499902575860002,49.79265930866327],[17.499863181013026,49.792703258934615],[17.49980633796881,49.7927383565896],[17.499736571436657,49.79276180783317],[17.499659434871106,49.79277174592857],[17.499643984025177,49.79277202253191]]]}"
1_LT05_189025_20010509_00000000000000000000,E20 E20 E20 B14,0.37447217118252657,https://1drv.ms/i/s!AuR4bnS0n2fes6oTswjXvyT1j1AR-w?e=2btkJW,0.5493814900475487,-0.5415174884536634,48503016,1246950000000,1337151600000,1432710000000,1145602800000,"{""type"":""Polygon"",""coordinates"":[[[17.394458249275434,50.01639594036222],[17.394380016254935,50.016388777238625],[17.394308010648277,50.0163678580586],[17.394247964146743,50.0163348480053],[17.394204656462406,50.01629237470058],[17.394181534859737,50.01624381903957],[17.394180439761843,50.01619304606513],[17.394201458270434,50.01614409730665],[17.39424291725374,50.01610086907407],[17.394301516546072,50.016066802315144],[17.394372591650555,50.01604460872211],[17.394450485030966,50.01603605488776],[17.39452899643848,50.01604182169007],[17.394601876431423,50.016061450096494],[17.39466332381011,50.016093377701466],[17.394708447377468,50.016135063089074],[17.39473365527383,50.016183188122945],[17.394736940896387,50.016233922063634],[17.394718042641703,50.01628322649128],[17.394678464750527,50.01632717676328],[17.39462135758904,50.016362274419],[17.394551266890332,50.01638572566319],[17.39447377191308,50.01639566375888],[17.394458249275434,50.01639594036222]]]}"
1_LT05_189025_20010509_00000000000000000001,E20 E20 E20 B15,0.10455388936863463,https://1drv.ms/i/s!AuR4bnS0n2fes6l2UZaBG9i3u8Pu5Q?e=Vk797c,0.14290227235094505,-0.24180632380781653,48602992,1247122800000,1341212400000,1438326000000,1148454000000,"{""type"":""Polygon"",""coordinates"":[[[17.499643984025177,49.79277202253191],[17.499566112829868,49.792764859408535],[17.49949444024629,49.79274394022906],[17.499434671456545,49.79271093017648],[17.499391564066705,49.79266845687245],[17.49936854939814,49.79261990121186],[17.49936745936271,49.79256912823744],[17.499388380659994,49.792520179478586],[17.49942964789698,49.79247695124533],[17.499487976171363,49.79244288448566],[17.499558722559215,49.792420690892044],[17.499636255689637,49.792412137057454],[17.49971440398889,49.792417903859935],[17.499786946917894,49.792437532266874],[17.49984811010666,49.792469459872585],[17.49989302497945,49.79251114526088],[17.499918116288985,49.79255927029521],[17.499921386713446,49.79261000423597],[17.499902575860002,49.79265930866327],[17.499863181013026,49.792703258934615],[17.49980633796881,49.7927383565896],[17.499736571436657,49.79276180783317],[17.499659434871106,49.79277174592857],[17.499643984025177,49.79277202253191]]]}"
1_LT05_189025_20010728_00000000000000000001,E20 E20 E20 B15,0.6496480780166572,https://1drv.ms/i/s!AuR4bnS0n2fes6l2UZaBG9i3u8Pu5Q?e=Vk797c,0.8075540440694617,-0.7196155907357666,48602992,1247122800000,1341212400000,1438326000000,1148454000000,"{""type"":""Polygon"",""coordinates"":[[[17.499643984025177,49.79277202253191],[17.499566112829868,49.792764859408535],[17.49949444024629,49.79274394022906],[17.499434671456545,49.79271093017648],[17.499391564066705,49.79266845687245],[17.49936854939814,49.79261990121186],[17.49936745936271,49.79256912823744],[17.499388380659994,49.792520179478586],[17.49942964789698,49.79247695124533],[17.499487976171363,49.79244288448566],[17.499558722559215,49.792420690892044],[17.499636255689637,49.792412137057454],[17.49971440398889,49.792417903859935],[17.499786946917894,49.792437532266874],[17.49984811010666,49.792469459872585],[17.49989302497945,49.79251114526088],[17.499918116288985,49.79255927029521],[17.499921386713446,49.79261000423597],[17.499902575860002,49.79265930866327],[17.499863181013026,49.792703258934615],[17.49980633796881,49.7927383565896],[17.499736571436657,49.79276180783317],[17.499659434871106,49.79277174592857],[17.499643984025177,49.79277202253191]]]}"
1_LT05_189025_20020104_00000000000000000000,E20 E20 E20 B14,-0.05625054204458251,https://1drv.ms/i/s!AuR4bnS0n2fes6oTswjXvyT1j1AR-w?e=2btkJW,-0.014759120951741101,-0.006724129913622825,48503016,1246950000000,1337151600000,1432710000000,1145602800000,"{""type"":""Polygon"",""coordinates"":[[[17.394458249275434,50.01639594036222],[17.394380016254935,50.016388777238625],[17.394308010648277,50.0163678580586],[17.394247964146743,50.0163348480053],[17.394204656462406,50.01629237470058],[17.394181534859737,50.01624381903957],[17.394180439761843,50.01619304606513],[17.394201458270434,50.01614409730665],[17.39424291725374,50.01610086907407],[17.394301516546072,50.016066802315144],[17.394372591650555,50.01604460872211],[17.394450485030966,50.01603605488776],[17.39452899643848,50.01604182169007],[17.394601876431423,50.016061450096494],[17.39466332381011,50.016093377701466],[17.394708447377468,50.016135063089074],[17.39473365527383,50.016183188122945],[17.394736940896387,50.016233922063634],[17.394718042641703,50.01628322649128],[17.394678464750527,50.01632717676328],[17.39462135758904,50.016362274419],[17.394551266890332,50.01638572566319],[17.39447377191308,50.01639566375888],[17.394458249275434,50.01639594036222]]]}"
1_LT05_189025_20020104_00000000000000000001,E20 E20 E20 B15,-0.10018628824914541,https://1drv.ms/i/s!AuR4bnS0n2fes6l2UZaBG9i3u8Pu5Q?e=Vk797c,-0.020024175365922853,0.02118447142306081,48602992,1247122800000,1341212400000,1438326000000,1148454000000,"{""type"":""Polygon"",""coordinates"":[[[17.499643984025177,49.79277202253191],[17.499566112829868,49.792764859408535],[17.49949444024629,49.79274394022906],[17.499434671456545,49.79271093017648],[17.499391564066705,49.79266845687245],[17.49936854939814,49.79261990121186],[17.49936745936271,49.79256912823744],[17.499388380659994,49.792520179478586],[17.49942964789698,49.79247695124533],[17.499487976171363,49.79244288448566],[17.499558722559215,49.792420690892044],[17.499636255689637,49.792412137057454],[17.49971440398889,49.792417903859935],[17.499786946917894,49.792437532266874],[17.49984811010666,49.792469459872585],[17.49989302497945,49.79251114526088],[17.499918116288985,49.79255927029521],[17.499921386713446,49.79261000423597],[17.499902575860002,49.79265930866327],[17.499863181013026,49.792703258934615],[17.49980633796881,49.7927383565896],[17.499736571436657,49.79276180783317],[17.499659434871106,49.79277174592857],[17.499643984025177,49.79277202253191]]]}"
1_LT05_189025_20030803_00000000000000000000,E20 E20 E20 B14,0.44082930710510465,https://1drv.ms/i/s!AuR4bnS0n2fes6oTswjXvyT1j1AR-w?e=2btkJW,0.6429758296768157,-0.6124801241777511,48503016,1246950000000,1337151600000,1432710000000,1145602800000,"{""type"":""Polygon"",""coordinates"":[[[17.394458249275434,50.01639594036222],[17.394380016254935,50.016388777238625],[17.394308010648277,50.0163678580586],[17.394247964146743,50.0163348480053],[17.394204656462406,50.01629237470058],[17.394181534859737,50.01624381903957],[17.394180439761843,50.01619304606513],[17.394201458270434,50.01614409730665],[17.39424291725374,50.01610086907407],[17.394301516546072,50.016066802315144],[17.394372591650555,50.01604460872211],[17.394450485030966,50.01603605488776],[17.39452899643848,50.01604182169007],[17.394601876431423,50.016061450096494],[17.39466332381011,50.016093377701466],[17.394708447377468,50.016135063089074],[17.39473365527383,50.016183188122945],[17.394736940896387,50.016233922063634],[17.394718042641703,50.01628322649128],[17.394678464750527,50.01632717676328],[17.39462135758904,50.016362274419],[17.394551266890332,50.01638572566319],[17.39447377191308,50.01639566375888],[17.394458249275434,50.01639594036222]]]}"
1_LT05_189025_20030803_00000000000000000001,E20 E20 E20 B15,0.38034913825328,https://1drv.ms/i/s!AuR4bnS0n2fes6l2UZaBG9i3u8Pu5Q?e=Vk797c,0.5957326632789789,-0.5873698542495291,48602992,1247122800000,1341212400000,1438326000000,1148454000000,"{""type"":""Polygon"",""coordinates"":[[[17.499643984025177,49.79277202253191],[17.499566112829868,49.792764859408535],[17.49949444024629,49.79274394022906],[17.499434671456545,49.79271093017648],[17.499391564066705,49.79266845687245],[17.49936854939814,49.79261990121186],[17.49936745936271,49.79256912823744],[17.499388380659994,49.792520179478586],[17.49942964789698,49.79247695124533],[17.499487976171363,49.79244288448566],[17.499558722559215,49.792420690892044],[17.499636255689637,49.792412137057454],[17.49971440398889,49.792417903859935],[17.499786946917894,49.792437532266874],[17.49984811010666,49.792469459872585],[17.49989302497945,49.79251114526088],[17.499918116288985,49.79255927029521],[17.499921386713446,49.79261000423597],[17.499902575860002,49.79265930866327],[17.499863181013026,49.792703258934615],[17.49980633796881,49.7927383565896],[17.499736571436657,49.79276180783317],[17.499659434871106,49.79277174592857],[17.499643984025177,49.79277202253191]]]}"
1_LT05_189025_20030920_00000000000000000000,E20 E20 E20 B14,0.25544651231336557,https://1drv.ms/i/s!AuR4bnS0n2fes6oTswjXvyT1j1AR-w?e=2btkJW,0.4534117746248546,-0.51953307482883,48503016,1246950000000,1337151600000,1432710000000,1145602800000,"{""type"":""Polygon"",""coordinates"":[[[17.394458249275434,50.01639594036222],[17.394380016254935,50.016388777238625],[17.394308010648277,50.0163678580586],[17.394247964146743,50.0163348480053],[17.394204656462406,50.01629237470058],[17.394181534859737,50.01624381903957],[17.394180439761843,50.01619304606513],[17.394201458270434,50.01614409730665],[17.39424291725374,50.01610086907407],[17.394301516546072,50.016066802315144],[17.394372591650555,50.01604460872211],[17.394450485030966,50.01603605488776],[17.39452899643848,50.01604182169007],[17.394601876431423,50.016061450096494],[17.39466332381011,50.016093377701466],[17.394708447377468,50.016135063089074],[17.39473365527383,50.016183188122945],[17.394736940896387,50.016233922063634],[17.394718042641703,50.01628322649128],[17.394678464750527,50.01632717676328],[17.39462135758904,50.016362274419],[17.394551266890332,50.01638572566319],[17.39447377191308,50.01639566375888],[17.394458249275434,50.01639594036222]]]}"
1_LT05_189025_20030920_00000000000000000001,E20 E20 E20 B15,0.30600385520547796,https://1drv.ms/i/s!AuR4bnS0n2fes6l2UZaBG9i3u8Pu5Q?e=Vk797c,0.5115856871545891,-0.569984136634519,48602992,1247122800000,1341212400000,1438326000000,1148454000000,"{""type"":""Polygon"",""coordinates"":[[[17.499643984025177,49.79277202253191],[17.499566112829868,49.792764859408535],[17.49949444024629,49.79274394022906],[17.499434671456545,49.79271093017648],[17.499391564066705,49.79266845687245],[17.49936854939814,49.79261990121186],[17.49936745936271,49.79256912823744],[17.499388380659994,49.792520179478586],[17.49942964789698,49.79247695124533],[17.499487976171363,49.79244288448566],[17.499558722559215,49.792420690892044],[17.499636255689637,49.792412137057454],[17.49971440398889,49.792417903859935],[17.499786946917894,49.792437532266874],[17.49984811010666,49.792469459872585],[17.49989302497945,49.79251114526088],[17.499918116288985,49.79255927029521],[17.499921386713446,49.79261000423597],[17.499902575860002,49.79265930866327],[17.499863181013026,49.792703258934615],[17.49980633796881,49.7927383565896],[17.499736571436657,49.79276180783317],[17.499659434871106,49.79277174592857],[17.499643984025177,49.79277202253191]]]}"
1_LT05_189025_20040415_00000000000000000000,E20 E20 E20 B14,0.30620355432817536,https://1drv.ms/i/s!AuR4bnS0n2fes6oTswjXvyT1j1AR-w?e=2btkJW,0.4532671504211717,-0.4882675778579434,48503016,1246950000000,1337151600000,1432710000000,1145602800000,"{""type"":""Polygon"",""coordinates"":[[[17.394458249275434,50.01639594036222],[17.394380016254935,50.016388777238625],[17.394308010648277,50.0163678580586],[17.394247964146743,50.0163348480053],[17.394204656462406,50.01629237470058],[17.394181534859737,50.01624381903957],[17.394180439761843,50.01619304606513],[17.394201458270434,50.01614409730665],[17.39424291725374,50.01610086907407],[17.394301516546072,50.016066802315144],[17.394372591650555,50.01604460872211],[17.394450485030966,50.01603605488776],[17.39452899643848,50.01604182169007],[17.394601876431423,50.016061450096494],[17.39466332381011,50.016093377701466],[17.394708447377468,50.016135063089074],[17.39473365527383,50.016183188122945],[17.394736940896387,50.016233922063634],[17.394718042641703,50.01628322649128],[17.394678464750527,50.01632717676328],[17.39462135758904,50.016362274419],[17.394551266890332,50.01638572566319],[17.39447377191308,50.01639566375888],[17.394458249275434,50.01639594036222]]]}"
1_LT05_189025_20050520_00000000000000000000,E20 E20 E20 B14,0.46582876766828196,https://1drv.ms/i/s!AuR4bnS0n2fes6oTswjXvyT1j1AR-w?e=2btkJW,0.6353478448033292,-0.5919660290089268,48503016,1246950000000,1337151600000,1432710000000,1145602800000,"{""type"":""Polygon"",""coordinates"":[[[17.394458249275434,50.01639594036222],[17.394380016254935,50.016388777238625],[17.394308010648277,50.0163678580586],[17.394247964146743,50.0163348480053],[17.394204656462406,50.01629237470058],[17.394181534859737,50.01624381903957],[17.394180439761843,50.01619304606513],[17.394201458270434,50.01614409730665],[17.39424291725374,50.01610086907407],[17.394301516546072,50.016066802315144],[17.394372591650555,50.01604460872211],[17.394450485030966,50.01603605488776],[17.39452899643848,50.01604182169007],[17.394601876431423,50.016061450096494],[17.39466332381011,50.016093377701466],[17.394708447377468,50.016135063089074],[17.39473365527383,50.016183188122945],[17.394736940896387,50.016233922063634],[17.394718042641703,50.01628322649128],[17.394678464750527,50.01632717676328],[17.39462135758904,50.016362274419],[17.394551266890332,50.01638572566319],[17.39447377191308,50.01639566375888],[17.394458249275434,50.01639594036222]]]}"
1_LT05_189025_20050520_00000000000000000001,E20 E20 E20 B15,0.33297375103516097,https://1drv.ms/i/s!AuR4bnS0n2fes6l2UZaBG9i3u8Pu5Q?e=Vk797c,0.540835385508762,-0.5380485747255637,48602992,1247122800000,1341212400000,1438326000000,1148454000000,"{""type"":""Polygon"",""coordinates"":[[[17.499643984025177,49.79277202253191],[17.499566112829868,49.792764859408535],[17.49949444024629,49.79274394022906],[17.499434671456545,49.79271093017648],[17.499391564066705,49.79266845687245],[17.49936854939814,49.79261990121186],[17.49936745936271,49.79256912823744],[17.499388380659994,49.792520179478586],[17.49942964789698,49.79247695124533],[17.499487976171363,49.79244288448566],[17.499558722559215,49.792420690892044],[17.499636255689637,49.792412137057454],[17.49971440398889,49.792417903859935],[17.499786946917894,49.792437532266874],[17.49984811010666,49.792469459872585],[17.49989302497945,49.79251114526088],[17.499918116288985,49.79255927029521],[17.499921386713446,49.79261000423597],[17.499902575860002,49.79265930866327],[17.499863181013026,49.792703258934615],[17.49980633796881,49.7927383565896],[17.499736571436657,49.79276180783317],[17.499659434871106,49.79277174592857],[17.499643984025177,49.79277202253191]]]}"
1_LT05_189025_20050621_00000000000000000000,E20 E20 E20 B14,0.5473625712480705,https://1drv.ms/i/s!AuR4bnS0n2fes6oTswjXvyT1j1AR-w?e=2btkJW,0.6993323184561369,-0.6434828040297934,48503016,1246950000000,1337151600000,1432710000000,1145602800000,"{""type"":""Polygon"",""coordinates"":[[[17.394458249275434,50.01639594036222],[17.394380016254935,50.016388777238625],[17.394308010648277,50.0163678580586],[17.394247964146743,50.0163348480053],[17.394204656462406,50.01629237470058],[17.394181534859737,50.01624381903957],[17.394180439761843,50.01619304606513],[17.394201458270434,50.01614409730665],[17.39424291725374,50.01610086907407],[17.394301516546072,50.016066802315144],[17.394372591650555,50.01604460872211],[17.394450485030966,50.01603605488776],[17.39452899643848,50.01604182169007],[17.394601876431423,50.016061450096494],[17.39466332381011,50.016093377701466],[17.394708447377468,50.016135063089074],[17.39473365527383,50.016183188122945],[17.394736940896387,50.016233922063634],[17.394718042641703,50.01628322649128],[17.394678464750527,50.01632717676328],[17.39462135758904,50.016362274419],[17.394551266890332,50.01638572566319],[17.39447377191308,50.01639566375888],[17.394458249275434,50.01639594036222]]]}"
1_LT05_189025_20050621_00000000000000000001,E20 E20 E20 B15,0.32577076943165556,https://1drv.ms/i/s!AuR4bnS0n2fes6l2UZaBG9i3u8Pu5Q?e=Vk797c,0.4847112944022535,-0.5295281094333306,48602992,1247122800000,1341212400000,1438326000000,1148454000000,"{""type"":""Polygon"",""coordinates"":[[[17.499643984025177,49.79277202253191],[17.499566112829868,49.792764859408535],[17.49949444024629,49.79274394022906],[17.499434671456545,49.79271093017648],[17.499391564066705,49.79266845687245],[17.49936854939814,49.79261990121186],[17.49936745936271,49.79256912823744],[17.499388380659994,49.792520179478586],[17.49942964789698,49.79247695124533],[17.499487976171363,49.79244288448566],[17.499558722559215,49.792420690892044],[17.499636255689637,49.792412137057454],[17.49971440398889,49.792417903859935],[17.499786946917894,49.792437532266874],[17.49984811010666,49.792469459872585],[17.49989302497945,49.79251114526088],[17.499918116288985,49.79255927029521],[17.499921386713446,49.79261000423597],[17.499902575860002,49.79265930866327],[17.499863181013026,49.792703258934615],[17.49980633796881,49.7927383565896],[17.499736571436657,49.79276180783317],[17.499659434871106,49.79277174592857],[17.499643984025177,49.79277202253191]]]}"
1_LT05_189025_20050909_00000000000000000000,E20 E20 E20 B14,0.4483988791207138,https://1drv.ms/i/s!AuR4bnS0n2fes6oTswjXvyT1j1AR-w?e=2btkJW,0.58952986730609,-0.6023935693408289,48503016,1246950000000,1337151600000,1432710000000,1145602800000,"{""type"":""Polygon"",""coordinates"":[[[17.394458249275434,50.01639594036222],[17.394380016254935,50.016388777238625],[17.394308010648277,50.0163678580586],[17.394247964146743,50.0163348480053],[17.394204656462406,50.01629237470058],[17.394181534859737,50.01624381903957],[17.394180439761843,50.01619304606513],[17.394201458270434,50.01614409730665],[17.39424291725374,50.01610086907407],[17.394301516546072,50.016066802315144],[17.394372591650555,50.01604460872211],[17.394450485030966,50.01603605488776],[17.39452899643848,50.01604182169007],[17.394601876431423,50.016061450096494],[17.39466332381011,50.016093377701466],[17.394708447377468,50.016135063089074],[17.39473365527383,50.016183188122945],[17.394736940896387,50.016233922063634],[17.394718042641703,50.01628322649128],[17.394678464750527,50.01632717676328],[17.39462135758904,50.016362274419],[17.394551266890332,50.01638572566319],[17.39447377191308,50.01639566375888],[17.394458249275434,50.01639594036222]]]}"
1_LT05_189025_20060912_00000000000000000000,E20 E20 E20 B14,0.5654920940244477,https://1drv.ms/i/s!AuR4bnS0n2fes6oTswjXvyT1j1AR-w?e=2btkJW,0.7451177480297293,-0.6646840364913139,48503016,1246950000000,1337151600000,1432710000000,1145602800000,"{""type"":""Polygon"",""coordinates"":[[[17.394458249275434,50.01639594036222],[17.394380016254935,50.016388777238625],[17.394308010648277,50.0163678580586],[17.394247964146743,50.0163348480053],[17.394204656462406,50.01629237470058],[17.394181534859737,50.01624381903957],[17.394180439761843,50.01619304606513],[17.394201458270434,50.01614409730665],[17.39424291725374,50.01610086907407],[17.394301516546072,50.016066802315144],[17.394372591650555,50.01604460872211],[17.394450485030966,50.01603605488776],[17.39452899643848,50.01604182169007],[17.394601876431423,50.016061450096494],[17.39466332381011,50.016093377701466],[17.394708447377468,50.016135063089074],[17.39473365527383,50.016183188122945],[17.394736940896387,50.016233922063634],[17.394718042641703,50.01628322649128],[17.394678464750527,50.01632717676328],[17.39462135758904,50.016362274419],[17.394551266890332,50.01638572566319],[17.39447377191308,50.01639566375888],[17.394458249275434,50.01639594036222]]]}"
1_LT05_189025_20060912_00000000000000000001,E20 E20 E20 B15,0.5033165755683231,https://1drv.ms/i/s!AuR4bnS0n2fes6l2UZaBG9i3u8Pu5Q?e=Vk797c,0.7063319746004195,-0.6462297272422037,48602992,1247122800000,1341212400000,1438326000000,1148454000000,"{""type"":""Polygon"",""coordinates"":[[[17.499643984025177,49.79277202253191],[17.499566112829868,49.792764859408535],[17.49949444024629,49.79274394022906],[17.499434671456545,49.79271093017648],[17.499391564066705,49.79266845687245],[17.49936854939814,49.79261990121186],[17.49936745936271,49.79256912823744],[17.499388380659994,49.792520179478586],[17.49942964789698,49.79247695124533],[17.499487976171363,49.79244288448566],[17.499558722559215,49.792420690892044],[17.499636255689637,49.792412137057454],[17.49971440398889,49.792417903859935],[17.499786946917894,49.792437532266874],[17.49984811010666,49.792469459872585],[17.49989302497945,49.79251114526088],[17.499918116288985,49.79255927029521],[17.499921386713446,49.79261000423597],[17.499902575860002,49.79265930866327],[17.499863181013026,49.792703258934615],[17.49980633796881,49.7927383565896],[17.499736571436657,49.79276180783317],[17.499659434871106,49.79277174592857],[17.499643984025177,49.79277202253191]]]}"
1_LT05_189025_20070307_00000000000000000000,E20 E20 E20 B14,0.2514715802499035,https://1drv.ms/i/s!AuR4bnS0n2fes6oTswjXvyT1j1AR-w?e=2btkJW,0.40671290211174727,-0.4723941673540356,48503016,1246950000000,1337151600000,1432710000000,1145602800000,"{""type"":""Polygon"",""coordinates"":[[[17.394458249275434,50.01639594036222],[17.394380016254935,50.016388777238625],[17.394308010648277,50.0163678580586],[17.394247964146743,50.0163348480053],[17.394204656462406,50.01629237470058],[17.394181534859737,50.01624381903957],[17.394180439761843,50.01619304606513],[17.394201458270434,50.01614409730665],[17.39424291725374,50.01610086907407],[17.394301516546072,50.016066802315144],[17.394372591650555,50.01604460872211],[17.394450485030966,50.01603605488776],[17.39452899643848,50.01604182169007],[17.394601876431423,50.016061450096494],[17.39466332381011,50.016093377701466],[17.394708447377468,50.016135063089074],[17.39473365527383,50.016183188122945],[17.394736940896387,50.016233922063634],[17.394718042641703,50.01628322649128],[17.394678464750527,50.01632717676328],[17.39462135758904,50.016362274419],[17.394551266890332,50.01638572566319],[17.39447377191308,50.01639566375888],[17.394458249275434,50.01639594036222]]]}"
1_LT05_189025_20070307_00000000000000000001,E20 E20 E20 B15,0.15264741986071062,https://1drv.ms/i/s!AuR4bnS0n2fes6l2UZaBG9i3u8Pu5Q?e=Vk797c,0.2551805430277837,-0.35045342094250187,48602992,1247122800000,1341212400000,1438326000000,1148454000000,"{""type"":""Polygon"",""coordinates"":[[[17.499643984025177,49.79277202253191],[17.499566112829868,49.792764859408535],[17.49949444024629,49.79274394022906],[17.499434671456545,49.79271093017648],[17.499391564066705,49.79266845687245],[17.49936854939814,49.79261990121186],[17.49936745936271,49.79256912823744],[17.499388380659994,49.792520179478586],[17.49942964789698,49.79247695124533],[17.499487976171363,49.79244288448566],[17.499558722559215,49.792420690892044],[17.499636255689637,49.792412137057454],[17.49971440398889,49.792417903859935],[17.499786946917894,49.792437532266874],[17.49984811010666,49.792469459872585],[17.49989302497945,49.79251114526088],[17.499918116288985,49.79255927029521],[17.499921386713446,49.79261000423597],[17.499902575860002,49.79265930866327],[17.499863181013026,49.792703258934615],[17.49980633796881,49.7927383565896],[17.499736571436657,49.79276180783317],[17.499659434871106,49.79277174592857],[17.499643984025177,49.79277202253191]]]}"
1_LT05_189025_20090920_00000000000000000000,E20 E20 E20 B14,0.4224189193063261,https://1drv.ms/i/s!AuR4bnS0n2fes6oTswjXvyT1j1AR-w?e=2btkJW,0.5655072420118796,-0.5510416382021383,48503016,1246950000000,1337151600000,1432710000000,1145602800000,"{""type"":""Polygon"",""coordinates"":[[[17.394458249275434,50.01639594036222],[17.394380016254935,50.016388777238625],[17.394308010648277,50.0163678580586],[17.394247964146743,50.0163348480053],[17.394204656462406,50.01629237470058],[17.394181534859737,50.01624381903957],[17.394180439761843,50.01619304606513],[17.394201458270434,50.01614409730665],[17.39424291725374,50.01610086907407],[17.394301516546072,50.016066802315144],[17.394372591650555,50.01604460872211],[17.394450485030966,50.01603605488776],[17.39452899643848,50.01604182169007],[17.394601876431423,50.016061450096494],[17.39466332381011,50.016093377701466],[17.394708447377468,50.016135063089074],[17.39473365527383,50.016183188122945],[17.394736940896387,50.016233922063634],[17.394718042641703,50.01628322649128],[17.394678464750527,50.01632717676328],[17.39462135758904,50.016362274419],[17.394551266890332,50.01638572566319],[17.39447377191308,50.01639566375888],[17.394458249275434,50.01639594036222]]]}"
1_LT05_189025_20090920_00000000000000000001,E20 E20 E20 B15,0.3954994582758871,https://1drv.ms/i/s!AuR4bnS0n2fes6l2UZaBG9i3u8Pu5Q?e=Vk797c,0.5894688255220432,-0.5768082998204966,48602992,1247122800000,1341212400000,1438326000000,1148454000000,"{""type"":""Polygon"",""coordinates"":[[[17.499643984025177,49.79277202253191],[17.499566112829868,49.792764859408535],[17.49949444024629,49.79274394022906],[17.499434671456545,49.79271093017648],[17.499391564066705,49.79266845687245],[17.49936854939814,49.79261990121186],[17.49936745936271,49.79256912823744],[17.499388380659994,49.792520179478586],[17.49942964789698,49.79247695124533],[17.499487976171363,49.79244288448566],[17.499558722559215,49.792420690892044],[17.499636255689637,49.792412137057454],[17.49971440398889,49.792417903859935],[17.499786946917894,49.792437532266874],[17.49984811010666,49.792469459872585],[17.49989302497945,49.79251114526088],[17.499918116288985,49.79255927029521],[17.499921386713446,49.79261000423597],[17.499902575860002,49.79265930866327],[17.499863181013026,49.792703258934615],[17.49980633796881,49.7927383565896],[17.499736571436657,49.79276180783317],[17.499659434871106,49.79277174592857],[17.499643984025177,49.79277202253191]]]}"
1_LT05_189025_20100822_00000000000000000000,E20 E20 E20 B14,0.49021893639485636,https://1drv.ms/i/s!AuR4bnS0n2fes6oTswjXvyT1j1AR-w?e=2btkJW,0.6529098637056356,-0.6371284178139416,48503016,1246950000000,1337151600000,1432710000000,1145602800000,"{""type"":""Polygon"",""coordinates"":[[[17.394458249275434,50.01639594036222],[17.394380016254935,50.016388777238625],[17.394308010648277,50.0163678580586],[17.394247964146743,50.0163348480053],[17.394204656462406,50.01629237470058],[17.394181534859737,50.01624381903957],[17.394180439761843,50.01619304606513],[17.394201458270434,50.01614409730665],[17.39424291725374,50.01610086907407],[17.394301516546072,50.016066802315144],[17.394372591650555,50.01604460872211],[17.394450485030966,50.01603605488776],[17.39452899643848,50.01604182169007],[17.394601876431423,50.016061450096494],[17.39466332381011,50.016093377701466],[17.394708447377468,50.016135063089074],[17.39473365527383,50.016183188122945],[17.394736940896387,50.016233922063634],[17.394718042641703,50.01628322649128],[17.394678464750527,50.01632717676328],[17.39462135758904,50.016362274419],[17.394551266890332,50.01638572566319],[17.39447377191308,50.01639566375888],[17.394458249275434,50.01639594036222]]]}"
1_LT05_189025_20100822_00000000000000000001,E20 E20 E20 B15,0.5325421081034984,https://1drv.ms/i/s!AuR4bnS0n2fes6l2UZaBG9i3u8Pu5Q?e=Vk797c,0.7207194258939567,-0.6490831764804299,48602992,1247122800000,1341212400000,1438326000000,1148454000000,"{""type"":""Polygon"",""coordinates"":[[[17.499643984025177,49.79277202253191],[17.499566112829868,49.792764859408535],[17.49949444024629,49.79274394022906],[17.499434671456545,49.79271093017648],[17.499391564066705,49.79266845687245],[17.49936854939814,49.79261990121186],[17.49936745936271,49.79256912823744],[17.499388380659994,49.792520179478586],[17.49942964789698,49.79247695124533],[17.499487976171363,49.79244288448566],[17.499558722559215,49.792420690892044],[17.499636255689637,49.792412137057454],[17.49971440398889,49.792417903859935],[17.499786946917894,49.792437532266874],[17.49984811010666,49.792469459872585],[17.49989302497945,49.79251114526088],[17.499918116288985,49.79255927029521],[17.499921386713446,49.79261000423597],[17.499902575860002,49.79265930866327],[17.499863181013026,49.792703258934615],[17.49980633796881,49.7927383565896],[17.499736571436657,49.79276180783317],[17.499659434871106,49.79277174592857],[17.499643984025177,49.79277202253191]]]}"
1_LT05_189025_20100923_00000000000000000000,E20 E20 E20 B14,0.5595874405917096,https://1drv.ms/i/s!AuR4bnS0n2fes6oTswjXvyT1j1AR-w?e=2btkJW,0.7169867666105929,-0.6455020967912267,48503016,1246950000000,1337151600000,1432710000000,1145602800000,"{""type"":""Polygon"",""coordinates"":[[[17.394458249275434,50.01639594036222],[17.394380016254935,50.016388777238625],[17.394308010648277,50.0163678580586],[17.394247964146743,50.0163348480053],[17.394204656462406,50.01629237470058],[17.394181534859737,50.01624381903957],[17.394180439761843,50.01619304606513],[17.394201458270434,50.01614409730665],[17.39424291725374,50.01610086907407],[17.394301516546072,50.016066802315144],[17.394372591650555,50.01604460872211],[17.394450485030966,50.01603605488776],[17.39452899643848,50.01604182169007],[17.394601876431423,50.016061450096494],[17.39466332381011,50.016093377701466],[17.394708447377468,50.016135063089074],[17.39473365527383,50.016183188122945],[17.394736940896387,50.016233922063634],[17.394718042641703,50.01628322649128],[17.394678464750527,50.01632717676328],[17.39462135758904,50.016362274419],[17.394551266890332,50.01638572566319],[17.39447377191308,50.01639566375888],[17.394458249275434,50.01639594036222]]]}"
1_LT05_189025_20100923_00000000000000000001,E20 E20 E20 B15,0.5411232987874288,https://1drv.ms/i/s!AuR4bnS0n2fes6l2UZaBG9i3u8Pu5Q?e=Vk797c,0.7130135713092552,-0.651908839360879,48602992,1247122800000,1341212400000,1438326000000,1148454000000,"{""type"":""Polygon"",""coordinates"":[[[17.499643984025177,49.79277202253191],[17.499566112829868,49.792764859408535],[17.49949444024629,49.79274394022906],[17.499434671456545,49.79271093017648],[17.499391564066705,49.79266845687245],[17.49936854939814,49.79261990121186],[17.49936745936271,49.79256912823744],[17.499388380659994,49.792520179478586],[17.49942964789698,49.79247695124533],[17.499487976171363,49.79244288448566],[17.499558722559215,49.792420690892044],[17.499636255689637,49.792412137057454],[17.49971440398889,49.792417903859935],[17.499786946917894,49.792437532266874],[17.49984811010666,49.792469459872585],[17.49989302497945,49.79251114526088],[17.499918116288985,49.79255927029521],[17.499921386713446,49.79261000423597],[17.499902575860002,49.79265930866327],[17.499863181013026,49.792703258934615],[17.49980633796881,49.7927383565896],[17.499736571436657,49.79276180783317],[17.499659434871106,49.79277174592857],[17.499643984025177,49.79277202253191]]]}"
1_LT05_189025_20101009_00000000000000000000,E20 E20 E20 B14,0.5791088941568611,https://1drv.ms/i/s!AuR4bnS0n2fes6oTswjXvyT1j1AR-w?e=2btkJW,0.7375439174828535,-0.6828529056277792,48503016,1246950000000,1337151600000,1432710000000,1145602800000,"{""type"":""Polygon"",""coordinates"":[[[17.394458249275434,50.01639594036222],[17.394380016254935,50.016388777238625],[17.394308010648277,50.0163678580586],[17.394247964146743,50.0163348480053],[17.394204656462406,50.01629237470058],[17.394181534859737,50.01624381903957],[17.394180439761843,50.01619304606513],[17.394201458270434,50.01614409730665],[17.39424291725374,50.01610086907407],[17.394301516546072,50.016066802315144],[17.394372591650555,50.01604460872211],[17.394450485030966,50.01603605488776],[17.39452899643848,50.01604182169007],[17.394601876431423,50.016061450096494],[17.39466332381011,50.016093377701466],[17.394708447377468,50.016135063089074],[17.39473365527383,50.016183188122945],[17.394736940896387,50.016233922063634],[17.394718042641703,50.01628322649128],[17.394678464750527,50.01632717676328],[17.39462135758904,50.016362274419],[17.394551266890332,50.01638572566319],[17.39447377191308,50.01639566375888],[17.394458249275434,50.01639594036222]]]}"
1_LT05_189025_20101009_00000000000000000001,E20 E20 E20 B15,0.4938353462292488,https://1drv.ms/i/s!AuR4bnS0n2fes6l2UZaBG9i3u8Pu5Q?e=Vk797c,0.6037776967464313,-0.5552716893062258,48602992,1247122800000,1341212400000,1438326000000,1148454000000,"{""type"":""Polygon"",""coordinates"":[[[17.499643984025177,49.79277202253191],[17.499566112829868,49.792764859408535],[17.49949444024629,49.79274394022906],[17.499434671456545,49.79271093017648],[17.499391564066705,49.79266845687245],[17.49936854939814,49.79261990121186],[17.49936745936271,49.79256912823744],[17.499388380659994,49.792520179478586],[17.49942964789698,49.79247695124533],[17.499487976171363,49.79244288448566],[17.499558722559215,49.792420690892044],[17.499636255689637,49.792412137057454],[17.49971440398889,49.792417903859935],[17.499786946917894,49.792437532266874],[17.49984811010666,49.792469459872585],[17.49989302497945,49.79251114526088],[17.499918116288985,49.79255927029521],[17.499921386713446,49.79261000423597],[17.499902575860002,49.79265930866327],[17.499863181013026,49.792703258934615],[17.49980633796881,49.7927383565896],[17.499736571436657,49.79276180783317],[17.499659434871106,49.79277174592857],[17.499643984025177,49.79277202253191]]]}"
1_LT05_189025_20110302_00000000000000000000,E20 E20 E20 B14,0.20941947270570158,https://1drv.ms/i/s!AuR4bnS0n2fes6oTswjXvyT1j1AR-w?e=2btkJW,0.30507306300298864,-0.39632352616617467,48503016,1246950000000,1337151600000,1432710000000,1145602800000,"{""type"":""Polygon"",""coordinates"":[[[17.394458249275434,50.01639594036222],[17.394380016254935,50.016388777238625],[17.394308010648277,50.0163678580586],[17.394247964146743,50.0163348480053],[17.394204656462406,50.01629237470058],[17.394181534859737,50.01624381903957],[17.394180439761843,50.01619304606513],[17.394201458270434,50.01614409730665],[17.39424291725374,50.01610086907407],[17.394301516546072,50.016066802315144],[17.394372591650555,50.01604460872211],[17.394450485030966,50.01603605488776],[17.39452899643848,50.01604182169007],[17.394601876431423,50.016061450096494],[17.39466332381011,50.016093377701466],[17.394708447377468,50.016135063089074],[17.39473365527383,50.016183188122945],[17.394736940896387,50.016233922063634],[17.394718042641703,50.01628322649128],[17.394678464750527,50.01632717676328],[17.39462135758904,50.016362274419],[17.394551266890332,50.01638572566319],[17.39447377191308,50.01639566375888],[17.394458249275434,50.01639594036222]]]}"
1_LT05_189025_20110302_00000000000000000001,E20 E20 E20 B15,0.17165371454223274,https://1drv.ms/i/s!AuR4bnS0n2fes6l2UZaBG9i3u8Pu5Q?e=Vk797c,0.2586738472185685,-0.34307441219947094,48602992,1247122800000,1341212400000,1438326000000,1148454000000,"{""type"":""Polygon"",""coordinates"":[[[17.499643984025177,49.79277202253191],[17.499566112829868,49.792764859408535],[17.49949444024629,49.79274394022906],[17.499434671456545,49.79271093017648],[17.499391564066705,49.79266845687245],[17.49936854939814,49.79261990121186],[17.49936745936271,49.79256912823744],[17.499388380659994,49.792520179478586],[17.49942964789698,49.79247695124533],[17.499487976171363,49.79244288448566],[17.499558722559215,49.792420690892044],[17.499636255689637,49.792412137057454],[17.49971440398889,49.792417903859935],[17.499786946917894,49.792437532266874],[17.49984811010666,49.792469459872585],[17.49989302497945,49.79251114526088],[17.499918116288985,49.79255927029521],[17.499921386713446,49.79261000423597],[17.499902575860002,49.79265930866327],[17.499863181013026,49.792703258934615],[17.49980633796881,49.7927383565896],[17.499736571436657,49.79276180783317],[17.499659434871106,49.79277174592857],[17.499643984025177,49.79277202253191]]]}"
1_LT05_189025_20110926_00000000000000000000,E20 E20 E20 B14,0.7987044831170076,https://1drv.ms/i/s!AuR4bnS0n2fes6oTswjXvyT1j1AR-w?e=2btkJW,0.8601470351727913,-0.7478121881969038,48503016,1246950000000,1337151600000,1432710000000,1145602800000,"{""type"":""Polygon"",""coordinates"":[[[17.394458249275434,50.01639594036222],[17.394380016254935,50.016388777238625],[17.394308010648277,50.0163678580586],[17.394247964146743,50.0163348480053],[17.394204656462406,50.01629237470058],[17.394181534859737,50.01624381903957],[17.394180439761843,50.01619304606513],[17.394201458270434,50.01614409730665],[17.39424291725374,50.01610086907407],[17.394301516546072,50.016066802315144],[17.394372591650555,50.01604460872211],[17.394450485030966,50.01603605488776],[17.39452899643848,50.01604182169007],[17.394601876431423,50.016061450096494],[17.39466332381011,50.016093377701466],[17.394708447377468,50.016135063089074],[17.39473365527383,50.016183188122945],[17.394736940896387,50.016233922063634],[17.394718042641703,50.01628322649128],[17.394678464750527,50.01632717676328],[17.39462135758904,50.016362274419],[17.394551266890332,50.01638572566319],[17.39447377191308,50.01639566375888],[17.394458249275434,50.01639594036222]]]}"
1_LT05_189025_20110926_00000000000000000001,E20 E20 E20 B15,0.4561594277631305,https://1drv.ms/i/s!AuR4bnS0n2fes6l2UZaBG9i3u8Pu5Q?e=Vk797c,0.647996433674807,-0.6112628467799964,48602992,1247122800000,1341212400000,1438326000000,1148454000000,"{""type"":""Polygon"",""coordinates"":[[[17.499643984025177,49.79277202253191],[17.499566112829868,49.792764859408535],[17.49949444024629,49.79274394022906],[17.499434671456545,49.79271093017648],[17.499391564066705,49.79266845687245],[17.49936854939814,49.79261990121186],[17.49936745936271,49.79256912823744],[17.499388380659994,49.792520179478586],[17.49942964789698,49.79247695124533],[17.499487976171363,49.79244288448566],[17.499558722559215,49.792420690892044],[17.499636255689637,49.792412137057454],[17.49971440398889,49.792417903859935],[17.499786946917894,49.792437532266874],[17.49984811010666,49.792469459872585],[17.49989302497945,49.79251114526088],[17.499918116288985,49.79255927029521],[17.499921386713446,49.79261000423597],[17.499902575860002,49.79265930866327],[17.499863181013026,49.792703258934615],[17.49980633796881,49.7927383565896],[17.499736571436657,49.79276180783317],[17.499659434871106,49.79277174592857],[17.499643984025177,49.79277202253191]]]}"
1_LT05_189026_20000506_00000000000000000006,E20 E20 B11 B11,0.7349246651161555,https://1drv.ms/i/s!AuR4bnS0n2fes6lz0ave8fSdffwE0A?e=9lqkB0,0.7827047541074397,-0.726521862099968,48562932,1243234800000,1340348400000,1433401200000,1146121200000,"{""type"":""Polygon"",""coordinates"":[[[17.363052800556023,49.259789050916694],[17.362975773694554,49.25978188779379],[17.362904878233962,49.25976096861563],[17.362845757496036,49.25972795856478],[17.36280311750162,49.25968548526233],[17.362780352368212,49.25963692960272],[17.362779274146295,49.25958615662836],[17.36279996859707,49.259537207868604],[17.362840788386187,49.259493979633795],[17.362898484229085,49.25945991287239],[17.36296846354319,49.25943771927741],[17.36304515601545,49.25942916544224],[17.36312245698666,49.25943493224511],[17.363194213363126,49.25945456065329],[17.36325471338306,49.25948648826071],[17.363299141258555,49.25952817365063],[17.363323960507994,49.25957629868602],[17.36332719546712,49.259627032626916],[17.363308588568117,49.25967633705341],[17.3632696208623,49.25972028732325],[17.363213394146534,49.259755384976486],[17.363144384070278,49.259778836218636],[17.363068083873056,49.25978877431337],[17.363052800556023,49.259789050916694]]]}"
1_LT05_189026_20000927_00000000000000000006,E20 E20 B11 B11,0.4268405135108051,https://1drv.ms/i/s!AuR4bnS0n2fes6lz0ave8fSdffwE0A?e=9lqkB0,0.5801234497259866,-0.5559893895810132,48562932,1243234800000,1340348400000,1433401200000,1146121200000,"{""type"":""Polygon"",""coordinates"":[[[17.363052800556023,49.259789050916694],[17.362975773694554,49.25978188779379],[17.362904878233962,49.25976096861563],[17.362845757496036,49.25972795856478],[17.36280311750162,49.25968548526233],[17.362780352368212,49.25963692960272],[17.362779274146295,49.25958615662836],[17.36279996859707,49.259537207868604],[17.362840788386187,49.259493979633795],[17.362898484229085,49.25945991287239],[17.36296846354319,49.25943771927741],[17.36304515601545,49.25942916544224],[17.36312245698666,49.25943493224511],[17.363194213363126,49.25945456065329],[17.36325471338306,49.25948648826071],[17.363299141258555,49.25952817365063],[17.363323960507994,49.25957629868602],[17.36332719546712,49.259627032626916],[17.363308588568117,49.25967633705341],[17.3632696208623,49.25972028732325],[17.363213394146534,49.259755384976486],[17.363144384070278,49.259778836218636],[17.363068083873056,49.25978877431337],[17.363052800556023,49.259789050916694]]]}"
1_LT05_189026_20010509_00000000000000000006,E20 E20 B11 B11,0.12533779492976413,https://1drv.ms/i/s!AuR4bnS0n2fes6lz0ave8fSdffwE0A?e=9lqkB0,0.23983777761084393,-0.3380431833606847,48562932,1243234800000,1340348400000,1433401200000,1146121200000,"{""type"":""Polygon"",""coordinates"":[[[17.363052800556023,49.259789050916694],[17.362975773694554,49.25978188779379],[17.362904878233962,49.25976096861563],[17.362845757496036,49.25972795856478],[17.36280311750162,49.25968548526233],[17.362780352368212,49.25963692960272],[17.362779274146295,49.25958615662836],[17.36279996859707,49.259537207868604],[17.362840788386187,49.259493979633795],[17.362898484229085,49.25945991287239],[17.36296846354319,49.25943771927741],[17.36304515601545,49.25942916544224],[17.36312245698666,49.25943493224511],[17.363194213363126,49.25945456065329],[17.36325471338306,49.25948648826071],[17.363299141258555,49.25952817365063],[17.363323960507994,49.25957629868602],[17.36332719546712,49.259627032626916],[17.363308588568117,49.25967633705341],[17.3632696208623,49.25972028732325],[17.363213394146534,49.259755384976486],[17.363144384070278,49.259778836218636],[17.363068083873056,49.25978877431337],[17.363052800556023,49.259789050916694]]]}"
1_LT05_189026_20010525_00000000000000000006,E20 E20 B11 B11,0.16672610949735409,https://1drv.ms/i/s!AuR4bnS0n2fes6lz0ave8fSdffwE0A?e=9lqkB0,0.27536495567391317,-0.37454787947845275,48562932,1243234800000,1340348400000,1433401200000,1146121200000,"{""type"":""Polygon"",""coordinates"":[[[17.363052800556023,49.259789050916694],[17.362975773694554,49.25978188779379],[17.362904878233962,49.25976096861563],[17.362845757496036,49.25972795856478],[17.36280311750162,49.25968548526233],[17.362780352368212,49.25963692960272],[17.362779274146295,49.25958615662836],[17.36279996859707,49.259537207868604],[17.362840788386187,49.259493979633795],[17.362898484229085,49.25945991287239],[17.36296846354319,49.25943771927741],[17.36304515601545,49.25942916544224],[17.36312245698666,49.25943493224511],[17.363194213363126,49.25945456065329],[17.36325471338306,49.25948648826071],[17.363299141258555,49.25952817365063],[17.363323960507994,49.25957629868602],[17.36332719546712,49.259627032626916],[17.363308588568117,49.25967633705341],[17.3632696208623,49.25972028732325],[17.363213394146534,49.259755384976486],[17.363144384070278,49.259778836218636],[17.363068083873056,49.25978877431337],[17.363052800556023,49.259789050916694]]]}"
1_LT05_189026_20010728_00000000000000000006,E20 E20 B11 B11,0.6724330485889547,https://1drv.ms/i/s!AuR4bnS0n2fes6lz0ave8fSdffwE0A?e=9lqkB0,0.8372863901445684,-0.7928960378230464,48562932,1243234800000,1340348400000,1433401200000,1146121200000,"{""type"":""Polygon"",""coordinates"":[[[17.363052800556023,49.259789050916694],[17.362975773694554,49.25978188779379],[17.362904878233962,49.25976096861563],[17.362845757496036,49.25972795856478],[17.36280311750162,49.25968548526233],[17.362780352368212,49.25963692960272],[17.362779274146295,49.25958615662836],[17.36279996859707,49.259537207868604],[17.362840788386187,49.259493979633795],[17.362898484229085,49.25945991287239],[17.36296846354319,49.25943771927741],[17.36304515601545,49.25942916544224],[17.36312245698666,49.25943493224511],[17.363194213363126,49.25945456065329],[17.36325471338306,49.25948648826071],[17.363299141258555,49.25952817365063],[17.363323960507994,49.25957629868602],[17.36332719546712,49.259627032626916],[17.363308588568117,49.25967633705341],[17.3632696208623,49.25972028732325],[17.363213394146534,49.259755384976486],[17.363144384070278,49.259778836218636],[17.363068083873056,49.25978877431337],[17.363052800556023,49.259789050916694]]]}"
1_LT05_189026_20011117_00000000000000000006,E20 E20 B11 B11,0.1075995205845352,https://1drv.ms/i/s!AuR4bnS0n2fes6lz0ave8fSdffwE0A?e=9lqkB0,0.2249291156676756,-0.26831357168710745,48562932,1243234800000,1340348400000,1433401200000,1146121200000,"{""type"":""Polygon"",""coordinates"":[[[17.363052800556023,49.259789050916694],[17.362975773694554,49.25978188779379],[17.362904878233962,49.25976096861563],[17.362845757496036,49.25972795856478],[17.36280311750162,49.25968548526233],[17.362780352368212,49.25963692960272],[17.362779274146295,49.25958615662836],[17.36279996859707,49.259537207868604],[17.362840788386187,49.259493979633795],[17.362898484229085,49.25945991287239],[17.36296846354319,49.25943771927741],[17.36304515601545,49.25942916544224],[17.36312245698666,49.25943493224511],[17.363194213363126,49.25945456065329],[17.36325471338306,49.25948648826071],[17.363299141258555,49.25952817365063],[17.363323960507994,49.25957629868602],[17.36332719546712,49.259627032626916],[17.363308588568117,49.25967633705341],[17.3632696208623,49.25972028732325],[17.363213394146534,49.259755384976486],[17.363144384070278,49.259778836218636],[17.363068083873056,49.25978877431337],[17.363052800556023,49.259789050916694]]]}"
1_LT05_189026_20020104_00000000000000000006,E20 E20 B11 B11,-0.03043948515277459,https://1drv.ms/i/s!AuR4bnS0n2fes6lz0ave8fSdffwE0A?e=9lqkB0,-0.009040047930027294,0.0010750908042834767,48562932,1243234800000,1340348400000,1433401200000,1146121200000,"{""type"":""Polygon"",""coordinates"":[[[17.363052800556023,49.259789050916694],[17.362975773694554,49.25978188779379],[17.362904878233962,49.25976096861563],[17.362845757496036,49.25972795856478],[17.36280311750162,49.25968548526233],[17.362780352368212,49.25963692960272],[17.362779274146295,49.25958615662836],[17.36279996859707,49.259537207868604],[17.362840788386187,49.259493979633795],[17.362898484229085,49.25945991287239],[17.36296846354319,49.25943771927741],[17.36304515601545,49.25942916544224],[17.36312245698666,49.25943493224511],[17.363194213363126,49.25945456065329],[17.36325471338306,49.25948648826071],[17.363299141258555,49.25952817365063],[17.363323960507994,49.25957629868602],[17.36332719546712,49.259627032626916],[17.363308588568117,49.25967633705341],[17.3632696208623,49.25972028732325],[17.363213394146534,49.259755384976486],[17.363144384070278,49.259778836218636],[17.363068083873056,49.25978877431337],[17.363052800556023,49.259789050916694]]]}"
1_LT05_189026_20030803_00000000000000000006,E20 E20 B11 B11,0.25944802202059963,https://1drv.ms/i/s!AuR4bnS0n2fes6lz0ave8fSdffwE0A?e=9lqkB0,0.463982658818401,-0.51998771996144,48562932,1243234800000,1340348400000,1433401200000,1146121200000,"{""type"":""Polygon"",""coordinates"":[[[17.363052800556023,49.259789050916694],[17.362975773694554,49.25978188779379],[17.362904878233962,49.25976096861563],[17.362845757496036,49.25972795856478],[17.36280311750162,49.25968548526233],[17.362780352368212,49.25963692960272],[17.362779274146295,49.25958615662836],[17.36279996859707,49.259537207868604],[17.362840788386187,49.259493979633795],[17.362898484229085,49.25945991287239],[17.36296846354319,49.25943771927741],[17.36304515601545,49.25942916544224],[17.36312245698666,49.25943493224511],[17.363194213363126,49.25945456065329],[17.36325471338306,49.25948648826071],[17.363299141258555,49.25952817365063],[17.363323960507994,49.25957629868602],[17.36332719546712,49.259627032626916],[17.363308588568117,49.25967633705341],[17.3632696208623,49.25972028732325],[17.363213394146534,49.259755384976486],[17.363144384070278,49.259778836218636],[17.363068083873056,49.25978877431337],[17.363052800556023,49.259789050916694]]]}"
1_LT05_189026_20030920_00000000000000000006,E20 E20 B11 B11,0.10478985963630012,https://1drv.ms/i/s!AuR4bnS0n2fes6lz0ave8fSdffwE0A?e=9lqkB0,0.19214307563548297,-0.30393861322574234,48562932,1243234800000,1340348400000,1433401200000,1146121200000,"{""type"":""Polygon"",""coordinates"":[[[17.363052800556023,49.259789050916694],[17.362975773694554,49.25978188779379],[17.362904878233962,49.25976096861563],[17.362845757496036,49.25972795856478],[17.36280311750162,49.25968548526233],[17.362780352368212,49.25963692960272],[17.362779274146295,49.25958615662836],[17.36279996859707,49.259537207868604],[17.362840788386187,49.259493979633795],[17.362898484229085,49.25945991287239],[17.36296846354319,49.25943771927741],[17.36304515601545,49.25942916544224],[17.36312245698666,49.25943493224511],[17.363194213363126,49.25945456065329],[17.36325471338306,49.25948648826071],[17.363299141258555,49.25952817365063],[17.363323960507994,49.25957629868602],[17.36332719546712,49.259627032626916],[17.363308588568117,49.25967633705341],[17.3632696208623,49.25972028732325],[17.363213394146534,49.259755384976486],[17.363144384070278,49.259778836218636],[17.363068083873056,49.25978877431337],[17.363052800556023,49.259789050916694]]]}"
1_LT05_189026_20040415_00000000000000000006,E20 E20 B11 B11,0.35057369517345754,https://1drv.ms/i/s!AuR4bnS0n2fes6lz0ave8fSdffwE0A?e=9lqkB0,0.5220672386248265,-0.5523964828094666,48562932,1243234800000,1340348400000,1433401200000,1146121200000,"{""type"":""Polygon"",""coordinates"":[[[17.363052800556023,49.259789050916694],[17.362975773694554,49.25978188779379],[17.362904878233962,49.25976096861563],[17.362845757496036,49.25972795856478],[17.36280311750162,49.25968548526233],[17.362780352368212,49.25963692960272],[17.362779274146295,49.25958615662836],[17.36279996859707,49.259537207868604],[17.362840788386187,49.259493979633795],[17.362898484229085,49.25945991287239],[17.36296846354319,49.25943771927741],[17.36304515601545,49.25942916544224],[17.36312245698666,49.25943493224511],[17.363194213363126,49.25945456065329],[17.36325471338306,49.25948648826071],[17.363299141258555,49.25952817365063],[17.363323960507994,49.25957629868602],[17.36332719546712,49.259627032626916],[17.363308588568117,49.25967633705341],[17.3632696208623,49.25972028732325],[17.363213394146534,49.259755384976486],[17.363144384070278,49.259778836218636],[17.363068083873056,49.25978877431337],[17.363052800556023,49.259789050916694]]]}"
1_LT05_189026_20040720_00000000000000000006,E20 E20 B11 B11,0.47709327843116167,https://1drv.ms/i/s!AuR4bnS0n2fes6lz0ave8fSdffwE0A?e=9lqkB0,0.6714841850293585,-0.659671793167765,48562932,1243234800000,1340348400000,1433401200000,1146121200000,"{""type"":""Polygon"",""coordinates"":[[[17.363052800556023,49.259789050916694],[17.362975773694554,49.25978188779379],[17.362904878233962,49.25976096861563],[17.362845757496036,49.25972795856478],[17.36280311750162,49.25968548526233],[17.362780352368212,49.25963692960272],[17.362779274146295,49.25958615662836],[17.36279996859707,49.259537207868604],[17.362840788386187,49.259493979633795],[17.362898484229085,49.25945991287239],[17.36296846354319,49.25943771927741],[17.36304515601545,49.25942916544224],[17.36312245698666,49.25943493224511],[17.363194213363126,49.25945456065329],[17.36325471338306,49.25948648826071],[17.363299141258555,49.25952817365063],[17.363323960507994,49.25957629868602],[17.36332719546712,49.259627032626916],[17.363308588568117,49.25967633705341],[17.3632696208623,49.25972028732325],[17.363213394146534,49.259755384976486],[17.363144384070278,49.259778836218636],[17.363068083873056,49.25978877431337],[17.363052800556023,49.259789050916694]]]}"
1_LT05_189026_20040906_00000000000000000006,E20 E20 B11 B11,0.15407213085085145,https://1drv.ms/i/s!AuR4bnS0n2fes6lz0ave8fSdffwE0A?e=9lqkB0,0.2384476604946532,-0.369817457629444,48562932,1243234800000,1340348400000,1433401200000,1146121200000,"{""type"":""Polygon"",""coordinates"":[[[17.363052800556023,49.259789050916694],[17.362975773694554,49.25978188779379],[17.362904878233962,49.25976096861563],[17.362845757496036,49.25972795856478],[17.36280311750162,49.25968548526233],[17.362780352368212,49.25963692960272],[17.362779274146295,49.25958615662836],[17.36279996859707,49.259537207868604],[17.362840788386187,49.259493979633795],[17.362898484229085,49.25945991287239],[17.36296846354319,49.25943771927741],[17.36304515601545,49.25942916544224],[17.36312245698666,49.25943493224511],[17.363194213363126,49.25945456065329],[17.36325471338306,49.25948648826071],[17.363299141258555,49.25952817365063],[17.363323960507994,49.25957629868602],[17.36332719546712,49.259627032626916],[17.363308588568117,49.25967633705341],[17.3632696208623,49.25972028732325],[17.363213394146534,49.259755384976486],[17.363144384070278,49.259778836218636],[17.363068083873056,49.25978877431337],[17.363052800556023,49.259789050916694]]]}"
1_LT05_189026_20041125_00000000000000000006,E20 E20 B11 B11,0.08092572503892219,https://1drv.ms/i/s!AuR4bnS0n2fes6lz0ave8fSdffwE0A?e=9lqkB0,0.2159965140507109,-0.29975036934464844,48562932,1243234800000,1340348400000,1433401200000,1146121200000,"{""type"":""Polygon"",""coordinates"":[[[17.363052800556023,49.259789050916694],[17.362975773694554,49.25978188779379],[17.362904878233962,49.25976096861563],[17.362845757496036,49.25972795856478],[17.36280311750162,49.25968548526233],[17.362780352368212,49.25963692960272],[17.362779274146295,49.25958615662836],[17.36279996859707,49.259537207868604],[17.362840788386187,49.259493979633795],[17.362898484229085,49.25945991287239],[17.36296846354319,49.25943771927741],[17.36304515601545,49.25942916544224],[17.36312245698666,49.25943493224511],[17.363194213363126,49.25945456065329],[17.36325471338306,49.25948648826071],[17.363299141258555,49.25952817365063],[17.363323960507994,49.25957629868602],[17.36332719546712,49.259627032626916],[17.363308588568117,49.25967633705341],[17.3632696208623,49.25972028732325],[17.363213394146534,49.259755384976486],[17.363144384070278,49.259778836218636],[17.363068083873056,49.25978877431337],[17.363052800556023,49.259789050916694]]]}"
1_LT05_189026_20050520_00000000000000000006,E20 E20 B11 B11,0.12442765517947221,https://1drv.ms/i/s!AuR4bnS0n2fes6lz0ave8fSdffwE0A?e=9lqkB0,0.24907750765531006,-0.35365717999429724,48562932,1243234800000,1340348400000,1433401200000,1146121200000,"{""type"":""Polygon"",""coordinates"":[[[17.363052800556023,49.259789050916694],[17.362975773694554,49.25978188779379],[17.362904878233962,49.25976096861563],[17.362845757496036,49.25972795856478],[17.36280311750162,49.25968548526233],[17.362780352368212,49.25963692960272],[17.362779274146295,49.25958615662836],[17.36279996859707,49.259537207868604],[17.362840788386187,49.259493979633795],[17.362898484229085,49.25945991287239],[17.36296846354319,49.25943771927741],[17.36304515601545,49.25942916544224],[17.36312245698666,49.25943493224511],[17.363194213363126,49.25945456065329],[17.36325471338306,49.25948648826071],[17.363299141258555,49.25952817365063],[17.363323960507994,49.25957629868602],[17.36332719546712,49.259627032626916],[17.363308588568117,49.25967633705341],[17.3632696208623,49.25972028732325],[17.363213394146534,49.259755384976486],[17.363144384070278,49.259778836218636],[17.363068083873056,49.25978877431337],[17.363052800556023,49.259789050916694]]]}"
1_LT05_189026_20050909_00000000000000000006,E20 E20 B11 B11,0.33339558157735416,https://1drv.ms/i/s!AuR4bnS0n2fes6lz0ave8fSdffwE0A?e=9lqkB0,0.4900656047849194,-0.520287835263668,48562932,1243234800000,1340348400000,1433401200000,1146121200000,"{""type"":""Polygon"",""coordinates"":[[[17.363052800556023,49.259789050916694],[17.362975773694554,49.25978188779379],[17.362904878233962,49.25976096861563],[17.362845757496036,49.25972795856478],[17.36280311750162,49.25968548526233],[17.362780352368212,49.25963692960272],[17.362779274146295,49.25958615662836],[17.36279996859707,49.259537207868604],[17.362840788386187,49.259493979633795],[17.362898484229085,49.25945991287239],[17.36296846354319,49.25943771927741],[17.36304515601545,49.25942916544224],[17.36312245698666,49.25943493224511],[17.363194213363126,49.25945456065329],[17.36325471338306,49.25948648826071],[17.363299141258555,49.25952817365063],[17.363323960507994,49.25957629868602],[17.36332719546712,49.259627032626916],[17.363308588568117,49.25967633705341],[17.3632696208623,49.25972028732325],[17.363213394146534,49.259755384976486],[17.363144384070278,49.259778836218636],[17.363068083873056,49.25978877431337],[17.363052800556023,49.259789050916694]]]}"
1_LT05_189026_20060710_00000000000000000006,E20 E20 B11 B11,0.5898342975437063,https://1drv.ms/i/s!AuR4bnS0n2fes6lz0ave8fSdffwE0A?e=9lqkB0,0.763438786005518,-0.6940223168795663,48562932,1243234800000,1340348400000,1433401200000,1146121200000,"{""type"":""Polygon"",""coordinates"":[[[17.363052800556023,49.259789050916694],[17.362975773694554,49.25978188779379],[17.362904878233962,49.25976096861563],[17.362845757496036,49.25972795856478],[17.36280311750162,49.25968548526233],[17.362780352368212,49.25963692960272],[17.362779274146295,49.25958615662836],[17.36279996859707,49.259537207868604],[17.362840788386187,49.259493979633795],[17.362898484229085,49.25945991287239],[17.36296846354319,49.25943771927741],[17.36304515601545,49.25942916544224],[17.36312245698666,49.25943493224511],[17.363194213363126,49.25945456065329],[17.36325471338306,49.25948648826071],[17.363299141258555,49.25952817365063],[17.363323960507994,49.25957629868602],[17.36332719546712,49.259627032626916],[17.363308588568117,49.25967633705341],[17.3632696208623,49.25972028732325],[17.363213394146534,49.259755384976486],[17.363144384070278,49.259778836218636],[17.363068083873056,49.25978877431337],[17.363052800556023,49.259789050916694]]]}"
1_LT05_189026_20060912_00000000000000000006,E20 E20 B11 B11,0.7882446074689268,https://1drv.ms/i/s!AuR4bnS0n2fes6lz0ave8fSdffwE0A?e=9lqkB0,0.8360606550861633,-0.7604796278985216,48562932,1243234800000,1340348400000,1433401200000,1146121200000,"{""type"":""Polygon"",""coordinates"":[[[17.363052800556023,49.259789050916694],[17.362975773694554,49.25978188779379],[17.362904878233962,49.25976096861563],[17.362845757496036,49.25972795856478],[17.36280311750162,49.25968548526233],[17.362780352368212,49.25963692960272],[17.362779274146295,49.25958615662836],[17.36279996859707,49.259537207868604],[17.362840788386187,49.259493979633795],[17.362898484229085,49.25945991287239],[17.36296846354319,49.25943771927741],[17.36304515601545,49.25942916544224],[17.36312245698666,49.25943493224511],[17.363194213363126,49.25945456065329],[17.36325471338306,49.25948648826071],[17.363299141258555,49.25952817365063],[17.363323960507994,49.25957629868602],[17.36332719546712,49.259627032626916],[17.363308588568117,49.25967633705341],[17.3632696208623,49.25972028732325],[17.363213394146534,49.259755384976486],[17.363144384070278,49.259778836218636],[17.363068083873056,49.25978877431337],[17.363052800556023,49.259789050916694]]]}"
1_LT05_189026_20060928_00000000000000000006,E20 E20 B11 B11,0.6630160491532262,https://1drv.ms/i/s!AuR4bnS0n2fes6lz0ave8fSdffwE0A?e=9lqkB0,0.7209641468169776,-0.6390624503610048,48562932,1243234800000,1340348400000,1433401200000,1146121200000,"{""type"":""Polygon"",""coordinates"":[[[17.363052800556023,49.259789050916694],[17.362975773694554,49.25978188779379],[17.362904878233962,49.25976096861563],[17.362845757496036,49.25972795856478],[17.36280311750162,49.25968548526233],[17.362780352368212,49.25963692960272],[17.362779274146295,49.25958615662836],[17.36279996859707,49.259537207868604],[17.362840788386187,49.259493979633795],[17.362898484229085,49.25945991287239],[17.36296846354319,49.25943771927741],[17.36304515601545,49.25942916544224],[17.36312245698666,49.25943493224511],[17.363194213363126,49.25945456065329],[17.36325471338306,49.25948648826071],[17.363299141258555,49.25952817365063],[17.363323960507994,49.25957629868602],[17.36332719546712,49.259627032626916],[17.363308588568117,49.25967633705341],[17.3632696208623,49.25972028732325],[17.363213394146534,49.259755384976486],[17.363144384070278,49.259778836218636],[17.363068083873056,49.25978877431337],[17.363052800556023,49.259789050916694]]]}"
1_LT05_189026_20070611_00000000000000000006,E20 E20 B11 B11,0.39635374852253585,https://1drv.ms/i/s!AuR4bnS0n2fes6lz0ave8fSdffwE0A?e=9lqkB0,0.5821086213248199,-0.5818854882044897,48562932,1243234800000,1340348400000,1433401200000,1146121200000,"{""type"":""Polygon"",""coordinates"":[[[17.363052800556023,49.259789050916694],[17.362975773694554,49.25978188779379],[17.362904878233962,49.25976096861563],[17.362845757496036,49.25972795856478],[17.36280311750162,49.25968548526233],[17.362780352368212,49.25963692960272],[17.362779274146295,49.25958615662836],[17.36279996859707,49.259537207868604],[17.362840788386187,49.259493979633795],[17.362898484229085,49.25945991287239],[17.36296846354319,49.25943771927741],[17.36304515601545,49.25942916544224],[17.36312245698666,49.25943493224511],[17.363194213363126,49.25945456065329],[17.36325471338306,49.25948648826071],[17.363299141258555,49.25952817365063],[17.363323960507994,49.25957629868602],[17.36332719546712,49.259627032626916],[17.363308588568117,49.25967633705341],[17.3632696208623,49.25972028732325],[17.363213394146534,49.259755384976486],[17.363144384070278,49.259778836218636],[17.363068083873056,49.25978877431337],[17.363052800556023,49.259789050916694]]]}"
1_LT05_189026_20080528_00000000000000000006,E20 E20 B11 B11,0.7040670332524886,https://1drv.ms/i/s!AuR4bnS0n2fes6lz0ave8fSdffwE0A?e=9lqkB0,0.7983323059149902,-0.739608203601161,48562932,1243234800000,1340348400000,1433401200000,1146121200000,"{""type"":""Polygon"",""coordinates"":[[[17.363052800556023,49.259789050916694],[17.362975773694554,49.25978188779379],[17.362904878233962,49.25976096861563],[17.362845757496036,49.25972795856478],[17.36280311750162,49.25968548526233],[17.362780352368212,49.25963692960272],[17.362779274146295,49.25958615662836],[17.36279996859707,49.259537207868604],[17.362840788386187,49.259493979633795],[17.362898484229085,49.25945991287239],[17.36296846354319,49.25943771927741],[17.36304515601545,49.25942916544224],[17.36312245698666,49.25943493224511],[17.363194213363126,49.25945456065329],[17.36325471338306,49.25948648826071],[17.363299141258555,49.25952817365063],[17.363323960507994,49.25957629868602],[17.36332719546712,49.259627032626916],[17.363308588568117,49.25967633705341],[17.3632696208623,49.25972028732325],[17.363213394146534,49.259755384976486],[17.363144384070278,49.259778836218636],[17.363068083873056,49.25978877431337],[17.363052800556023,49.259789050916694]]]}"
1_LT05_189026_20090413_00000000000000000006,E20 E20 B11 B11,0.5110997545067643,https://1drv.ms/i/s!AuR4bnS0n2fes6lz0ave8fSdffwE0A?e=9lqkB0,0.6590271108870225,-0.6127495135357023,48562932,1243234800000,1340348400000,1433401200000,1146121200000,"{""type"":""Polygon"",""coordinates"":[[[17.363052800556023,49.259789050916694],[17.362975773694554,49.25978188779379],[17.362904878233962,49.25976096861563],[17.362845757496036,49.25972795856478],[17.36280311750162,49.25968548526233],[17.362780352368212,49.25963692960272],[17.362779274146295,49.25958615662836],[17.36279996859707,49.259537207868604],[17.362840788386187,49.259493979633795],[17.362898484229085,49.25945991287239],[17.36296846354319,49.25943771927741],[17.36304515601545,49.25942916544224],[17.36312245698666,49.25943493224511],[17.363194213363126,49.25945456065329],[17.36325471338306,49.25948648826071],[17.363299141258555,49.25952817365063],[17.363323960507994,49.25957629868602],[17.36332719546712,49.259627032626916],[17.363308588568117,49.25967633705341],[17.3632696208623,49.25972028732325],[17.363213394146534,49.259755384976486],[17.363144384070278,49.259778836218636],[17.363068083873056,49.25978877431337],[17.363052800556023,49.259789050916694]]]}"
1_LT05_189026_20090819_00000000000000000006,E20 E20 B11 B11,0.5713930080922449,https://1drv.ms/i/s!AuR4bnS0n2fes6lz0ave8fSdffwE0A?e=9lqkB0,0.7298342406603145,-0.6551145974889777,48562932,1243234800000,1340348400000,1433401200000,1146121200000,"{""type"":""Polygon"",""coordinates"":[[[17.363052800556023,49.259789050916694],[17.362975773694554,49.25978188779379],[17.362904878233962,49.25976096861563],[17.362845757496036,49.25972795856478],[17.36280311750162,49.25968548526233],[17.362780352368212,49.25963692960272],[17.362779274146295,49.25958615662836],[17.36279996859707,49.259537207868604],[17.362840788386187,49.259493979633795],[17.362898484229085,49.25945991287239],[17.36296846354319,49.25943771927741],[17.36304515601545,49.25942916544224],[17.36312245698666,49.25943493224511],[17.363194213363126,49.25945456065329],[17.36325471338306,49.25948648826071],[17.363299141258555,49.25952817365063],[17.363323960507994,49.25957629868602],[17.36332719546712,49.259627032626916],[17.363308588568117,49.25967633705341],[17.3632696208623,49.25972028732325],[17.363213394146534,49.259755384976486],[17.363144384070278,49.259778836218636],[17.363068083873056,49.25978877431337],[17.363052800556023,49.259789050916694]]]}"
1_LT05_189026_20090920_00000000000000000006,E20 E20 B11 B11,0.36703074753645487,https://1drv.ms/i/s!AuR4bnS0n2fes6lz0ave8fSdffwE0A?e=9lqkB0,0.49767496180995785,-0.4920214921102527,48562932,1243234800000,1340348400000,1433401200000,1146121200000,"{""type"":""Polygon"",""coordinates"":[[[17.363052800556023,49.259789050916694],[17.362975773694554,49.25978188779379],[17.362904878233962,49.25976096861563],[17.362845757496036,49.25972795856478],[17.36280311750162,49.25968548526233],[17.362780352368212,49.25963692960272],[17.362779274146295,49.25958615662836],[17.36279996859707,49.259537207868604],[17.362840788386187,49.259493979633795],[17.362898484229085,49.25945991287239],[17.36296846354319,49.25943771927741],[17.36304515601545,49.25942916544224],[17.36312245698666,49.25943493224511],[17.363194213363126,49.25945456065329],[17.36325471338306,49.25948648826071],[17.363299141258555,49.25952817365063],[17.363323960507994,49.25957629868602],[17.36332719546712,49.259627032626916],[17.363308588568117,49.25967633705341],[17.3632696208623,49.25972028732325],[17.363213394146534,49.259755384976486],[17.363144384070278,49.259778836218636],[17.363068083873056,49.25978877431337],[17.363052800556023,49.259789050916694]]]}"
1_LT05_189026_20100822_00000000000000000006,E20 E20 B11 B11,0.6720580249425743,https://1drv.ms/i/s!AuR4bnS0n2fes6lz0ave8fSdffwE0A?e=9lqkB0,0.7999017540074713,-0.7040021899575067,48562932,1243234800000,1340348400000,1433401200000,1146121200000,"{""type"":""Polygon"",""coordinates"":[[[17.363052800556023,49.259789050916694],[17.362975773694554,49.25978188779379],[17.362904878233962,49.25976096861563],[17.362845757496036,49.25972795856478],[17.36280311750162,49.25968548526233],[17.362780352368212,49.25963692960272],[17.362779274146295,49.25958615662836],[17.36279996859707,49.259537207868604],[17.362840788386187,49.259493979633795],[17.362898484229085,49.25945991287239],[17.36296846354319,49.25943771927741],[17.36304515601545,49.25942916544224],[17.36312245698666,49.25943493224511],[17.363194213363126,49.25945456065329],[17.36325471338306,49.25948648826071],[17.363299141258555,49.25952817365063],[17.363323960507994,49.25957629868602],[17.36332719546712,49.259627032626916],[17.363308588568117,49.25967633705341],[17.3632696208623,49.25972028732325],[17.363213394146534,49.259755384976486],[17.363144384070278,49.259778836218636],[17.363068083873056,49.25978877431337],[17.363052800556023,49.259789050916694]]]}"
1_LT05_189026_20100923_00000000000000000006,E20 E20 B11 B11,0.6181365724751314,https://1drv.ms/i/s!AuR4bnS0n2fes6lz0ave8fSdffwE0A?e=9lqkB0,0.7401176829106996,-0.6554333576383238,48562932,1243234800000,1340348400000,1433401200000,1146121200000,"{""type"":""Polygon"",""coordinates"":[[[17.363052800556023,49.259789050916694],[17.362975773694554,49.25978188779379],[17.362904878233962,49.25976096861563],[17.362845757496036,49.25972795856478],[17.36280311750162,49.25968548526233],[17.362780352368212,49.25963692960272],[17.362779274146295,49.25958615662836],[17.36279996859707,49.259537207868604],[17.362840788386187,49.259493979633795],[17.362898484229085,49.25945991287239],[17.36296846354319,49.25943771927741],[17.36304515601545,49.25942916544224],[17.36312245698666,49.25943493224511],[17.363194213363126,49.25945456065329],[17.36325471338306,49.25948648826071],[17.363299141258555,49.25952817365063],[17.363323960507994,49.25957629868602],[17.36332719546712,49.259627032626916],[17.363308588568117,49.25967633705341],[17.3632696208623,49.25972028732325],[17.363213394146534,49.259755384976486],[17.363144384070278,49.259778836218636],[17.363068083873056,49.25978877431337],[17.363052800556023,49.259789050916694]]]}"
1_LT05_189026_20110302_00000000000000000006,E20 E20 B11 B11,0.06605363131069211,https://1drv.ms/i/s!AuR4bnS0n2fes6lz0ave8fSdffwE0A?e=9lqkB0,0.15089133577646285,-0.20867202344734542,48562932,1243234800000,1340348400000,1433401200000,1146121200000,"{""type"":""Polygon"",""coordinates"":[[[17.363052800556023,49.259789050916694],[17.362975773694554,49.25978188779379],[17.362904878233962,49.25976096861563],[17.362845757496036,49.25972795856478],[17.36280311750162,49.25968548526233],[17.362780352368212,49.25963692960272],[17.362779274146295,49.25958615662836],[17.36279996859707,49.259537207868604],[17.362840788386187,49.259493979633795],[17.362898484229085,49.25945991287239],[17.36296846354319,49.25943771927741],[17.36304515601545,49.25942916544224],[17.36312245698666,49.25943493224511],[17.363194213363126,49.25945456065329],[17.36325471338306,49.25948648826071],[17.363299141258555,49.25952817365063],[17.363323960507994,49.25957629868602],[17.36332719546712,49.259627032626916],[17.363308588568117,49.25967633705341],[17.3632696208623,49.25972028732325],[17.363213394146534,49.259755384976486],[17.363144384070278,49.259778836218636],[17.363068083873056,49.25978877431337],[17.363052800556023,49.259789050916694]]]}"
1_LT05_189026_20110622_00000000000000000006,E20 E20 B11 B11,0.5509821403368986,https://1drv.ms/i/s!AuR4bnS0n2fes6lz0ave8fSdffwE0A?e=9lqkB0,0.7926920845648273,-0.7151497092191088,48562932,1243234800000,1340348400000,1433401200000,1146121200000,"{""type"":""Polygon"",""coordinates"":[[[17.363052800556023,49.259789050916694],[17.362975773694554,49.25978188779379],[17.362904878233962,49.25976096861563],[17.362845757496036,49.25972795856478],[17.36280311750162,49.25968548526233],[17.362780352368212,49.25963692960272],[17.362779274146295,49.25958615662836],[17.36279996859707,49.259537207868604],[17.362840788386187,49.259493979633795],[17.362898484229085,49.25945991287239],[17.36296846354319,49.25943771927741],[17.36304515601545,49.25942916544224],[17.36312245698666,49.25943493224511],[17.363194213363126,49.25945456065329],[17.36325471338306,49.25948648826071],[17.363299141258555,49.25952817365063],[17.363323960507994,49.25957629868602],[17.36332719546712,49.259627032626916],[17.363308588568117,49.25967633705341],[17.3632696208623,49.25972028732325],[17.363213394146534,49.259755384976486],[17.363144384070278,49.259778836218636],[17.363068083873056,49.25978877431337],[17.363052800556023,49.259789050916694]]]}"
1_LT05_189026_20110825_00000000000000000006,E20 E20 B11 B11,0.28001110620792025,https://1drv.ms/i/s!AuR4bnS0n2fes6lz0ave8fSdffwE0A?e=9lqkB0,0.42462128234183516,-0.4740110521149255,48562932,1243234800000,1340348400000,1433401200000,1146121200000,"{""type"":""Polygon"",""coordinates"":[[[17.363052800556023,49.259789050916694],[17.362975773694554,49.25978188779379],[17.362904878233962,49.25976096861563],[17.362845757496036,49.25972795856478],[17.36280311750162,49.25968548526233],[17.362780352368212,49.25963692960272],[17.362779274146295,49.25958615662836],[17.36279996859707,49.259537207868604],[17.362840788386187,49.259493979633795],[17.362898484229085,49.25945991287239],[17.36296846354319,49.25943771927741],[17.36304515601545,49.25942916544224],[17.36312245698666,49.25943493224511],[17.363194213363126,49.25945456065329],[17.36325471338306,49.25948648826071],[17.363299141258555,49.25952817365063],[17.363323960507994,49.25957629868602],[17.36332719546712,49.259627032626916],[17.363308588568117,49.25967633705341],[17.3632696208623,49.25972028732325],[17.363213394146534,49.259755384976486],[17.363144384070278,49.259778836218636],[17.363068083873056,49.25978877431337],[17.363052800556023,49.259789050916694]]]}"
1_LT05_189026_20110926_00000000000000000006,E20 E20 B11 B11,0.1582682366169798,https://1drv.ms/i/s!AuR4bnS0n2fes6lz0ave8fSdffwE0A?e=9lqkB0,0.2763587773246611,-0.38644947588852946,48562932,1243234800000,1340348400000,1433401200000,1146121200000,"{""type"":""Polygon"",""coordinates"":[[[17.363052800556023,49.259789050916694],[17.362975773694554,49.25978188779379],[17.362904878233962,49.25976096861563],[17.362845757496036,49.25972795856478],[17.36280311750162,49.25968548526233],[17.362780352368212,49.25963692960272],[17.362779274146295,49.25958615662836],[17.36279996859707,49.259537207868604],[17.362840788386187,49.259493979633795],[17.362898484229085,49.25945991287239],[17.36296846354319,49.25943771927741],[17.36304515601545,49.25942916544224],[17.36312245698666,49.25943493224511],[17.363194213363126,49.25945456065329],[17.36325471338306,49.25948648826071],[17.363299141258555,49.25952817365063],[17.363323960507994,49.25957629868602],[17.36332719546712,49.259627032626916],[17.363308588568117,49.25967633705341],[17.3632696208623,49.25972028732325],[17.363213394146534,49.259755384976486],[17.363144384070278,49.259778836218636],[17.363068083873056,49.25978877431337],[17.363052800556023,49.259789050916694]]]}"
1_LT05_190025_20000513_00000000000000000000,E20 E20 E20 B14,0.5653474605553209,https://1drv.ms/i/s!AuR4bnS0n2fes6oTswjXvyT1j1AR-w?e=2btkJW,0.7700976336652815,-0.7177534268785453,48503016,1246950000000,1337151600000,1432710000000,1145602800000,"{""type"":""Polygon"",""coordinates"":[[[17.394458249275434,50.01639594036222],[17.394380016254935,50.016388777238625],[17.394308010648277,50.0163678580586],[17.394247964146743,50.0163348480053],[17.394204656462406,50.01629237470058],[17.394181534859737,50.01624381903957],[17.394180439761843,50.01619304606513],[17.394201458270434,50.01614409730665],[17.39424291725374,50.01610086907407],[17.394301516546072,50.016066802315144],[17.394372591650555,50.01604460872211],[17.394450485030966,50.01603605488776],[17.39452899643848,50.01604182169007],[17.394601876431423,50.016061450096494],[17.39466332381011,50.016093377701466],[17.394708447377468,50.016135063089074],[17.39473365527383,50.016183188122945],[17.394736940896387,50.016233922063634],[17.394718042641703,50.01628322649128],[17.394678464750527,50.01632717676328],[17.39462135758904,50.016362274419],[17.394551266890332,50.01638572566319],[17.39447377191308,50.01639566375888],[17.394458249275434,50.01639594036222]]]}"
1_LT05_190025_20000513_00000000000000000001,E20 E20 E20 B15,0.14277465353425012,https://1drv.ms/i/s!AuR4bnS0n2fes6l2UZaBG9i3u8Pu5Q?e=Vk797c,0.18151849271886225,-0.25887617094959015,48602992,1247122800000,1341212400000,1438326000000,1148454000000,"{""type"":""Polygon"",""coordinates"":[[[17.499643984025177,49.79277202253191],[17.499566112829868,49.792764859408535],[17.49949444024629,49.79274394022906],[17.499434671456545,49.79271093017648],[17.499391564066705,49.79266845687245],[17.49936854939814,49.79261990121186],[17.49936745936271,49.79256912823744],[17.499388380659994,49.792520179478586],[17.49942964789698,49.79247695124533],[17.499487976171363,49.79244288448566],[17.499558722559215,49.792420690892044],[17.499636255689637,49.792412137057454],[17.49971440398889,49.792417903859935],[17.499786946917894,49.792437532266874],[17.49984811010666,49.792469459872585],[17.49989302497945,49.79251114526088],[17.499918116288985,49.79255927029521],[17.499921386713446,49.79261000423597],[17.499902575860002,49.79265930866327],[17.499863181013026,49.792703258934615],[17.49980633796881,49.7927383565896],[17.499736571436657,49.79276180783317],[17.499659434871106,49.79277174592857],[17.499643984025177,49.79277202253191]]]}"
1_LT05_190025_20020620_00000000000000000000,E20 E20 E20 B14,0.5173910835242219,https://1drv.ms/i/s!AuR4bnS0n2fes6oTswjXvyT1j1AR-w?e=2btkJW,0.7530769715250336,-0.677801430161731,48503016,1246950000000,1337151600000,1432710000000,1145602800000,"{""type"":""Polygon"",""coordinates"":[[[17.394458249275434,50.01639594036222],[17.394380016254935,50.016388777238625],[17.394308010648277,50.0163678580586],[17.394247964146743,50.0163348480053],[17.394204656462406,50.01629237470058],[17.394181534859737,50.01624381903957],[17.394180439761843,50.01619304606513],[17.394201458270434,50.01614409730665],[17.39424291725374,50.01610086907407],[17.394301516546072,50.016066802315144],[17.394372591650555,50.01604460872211],[17.394450485030966,50.01603605488776],[17.39452899643848,50.01604182169007],[17.394601876431423,50.016061450096494],[17.39466332381011,50.016093377701466],[17.394708447377468,50.016135063089074],[17.39473365527383,50.016183188122945],[17.394736940896387,50.016233922063634],[17.394718042641703,50.01628322649128],[17.394678464750527,50.01632717676328],[17.39462135758904,50.016362274419],[17.394551266890332,50.01638572566319],[17.39447377191308,50.01639566375888],[17.394458249275434,50.01639594036222]]]}"
1_LT05_190025_20020620_00000000000000000001,E20 E20 E20 B15,0.6831218552249309,https://1drv.ms/i/s!AuR4bnS0n2fes6l2UZaBG9i3u8Pu5Q?e=Vk797c,0.827242026962342,-0.7416170047469336,48602992,1247122800000,1341212400000,1438326000000,1148454000000,"{""type"":""Polygon"",""coordinates"":[[[17.499643984025177,49.79277202253191],[17.499566112829868,49.792764859408535],[17.49949444024629,49.79274394022906],[17.499434671456545,49.79271093017648],[17.499391564066705,49.79266845687245],[17.49936854939814,49.79261990121186],[17.49936745936271,49.79256912823744],[17.499388380659994,49.792520179478586],[17.49942964789698,49.79247695124533],[17.499487976171363,49.79244288448566],[17.499558722559215,49.792420690892044],[17.499636255689637,49.792412137057454],[17.49971440398889,49.792417903859935],[17.499786946917894,49.792437532266874],[17.49984811010666,49.792469459872585],[17.49989302497945,49.79251114526088],[17.499918116288985,49.79255927029521],[17.499921386713446,49.79261000423597],[17.499902575860002,49.79265930866327],[17.499863181013026,49.792703258934615],[17.49980633796881,49.7927383565896],[17.499736571436657,49.79276180783317],[17.499659434871106,49.79277174592857],[17.499643984025177,49.79277202253191]]]}"
1_LT05_190025_20030810_00000000000000000001,E20 E20 E20 B15,0.3630954608796503,https://1drv.ms/i/s!AuR4bnS0n2fes6l2UZaBG9i3u8Pu5Q?e=Vk797c,0.5824622309819235,-0.5723891692593445,48602992,1247122800000,1341212400000,1438326000000,1148454000000,"{""type"":""Polygon"",""coordinates"":[[[17.499643984025177,49.79277202253191],[17.499566112829868,49.792764859408535],[17.49949444024629,49.79274394022906],[17.499434671456545,49.79271093017648],[17.499391564066705,49.79266845687245],[17.49936854939814,49.79261990121186],[17.49936745936271,49.79256912823744],[17.499388380659994,49.792520179478586],[17.49942964789698,49.79247695124533],[17.499487976171363,49.79244288448566],[17.499558722559215,49.792420690892044],[17.499636255689637,49.792412137057454],[17.49971440398889,49.792417903859935],[17.499786946917894,49.792437532266874],[17.49984811010666,49.792469459872585],[17.49989302497945,49.79251114526088],[17.499918116288985,49.79255927029521],[17.499921386713446,49.79261000423597],[17.499902575860002,49.79265930866327],[17.499863181013026,49.792703258934615],[17.49980633796881,49.7927383565896],[17.499736571436657,49.79276180783317],[17.499659434871106,49.79277174592857],[17.499643984025177,49.79277202253191]]]}"
1_LT05_190025_20050527_00000000000000000000,E20 E20 E20 B14,0.5228126647424927,https://1drv.ms/i/s!AuR4bnS0n2fes6oTswjXvyT1j1AR-w?e=2btkJW,0.7115968289675811,-0.6483729250297269,48503016,1246950000000,1337151600000,1432710000000,1145602800000,"{""type"":""Polygon"",""coordinates"":[[[17.394458249275434,50.01639594036222],[17.394380016254935,50.016388777238625],[17.394308010648277,50.0163678580586],[17.394247964146743,50.0163348480053],[17.394204656462406,50.01629237470058],[17.394181534859737,50.01624381903957],[17.394180439761843,50.01619304606513],[17.394201458270434,50.01614409730665],[17.39424291725374,50.01610086907407],[17.394301516546072,50.016066802315144],[17.394372591650555,50.01604460872211],[17.394450485030966,50.01603605488776],[17.39452899643848,50.01604182169007],[17.394601876431423,50.016061450096494],[17.39466332381011,50.016093377701466],[17.394708447377468,50.016135063089074],[17.39473365527383,50.016183188122945],[17.394736940896387,50.016233922063634],[17.394718042641703,50.01628322649128],[17.394678464750527,50.01632717676328],[17.39462135758904,50.016362274419],[17.394551266890332,50.01638572566319],[17.39447377191308,50.01639566375888],[17.394458249275434,50.01639594036222]]]}"
1_LT05_190025_20050527_00000000000000000001,E20 E20 E20 B15,0.37438173769031635,https://1drv.ms/i/s!AuR4bnS0n2fes6l2UZaBG9i3u8Pu5Q?e=Vk797c,0.6133172404868683,-0.5902189674193292,48602992,1247122800000,1341212400000,1438326000000,1148454000000,"{""type"":""Polygon"",""coordinates"":[[[17.499643984025177,49.79277202253191],[17.499566112829868,49.792764859408535],[17.49949444024629,49.79274394022906],[17.499434671456545,49.79271093017648],[17.499391564066705,49.79266845687245],[17.49936854939814,49.79261990121186],[17.49936745936271,49.79256912823744],[17.499388380659994,49.792520179478586],[17.49942964789698,49.79247695124533],[17.499487976171363,49.79244288448566],[17.499558722559215,49.792420690892044],[17.499636255689637,49.792412137057454],[17.49971440398889,49.792417903859935],[17.499786946917894,49.792437532266874],[17.49984811010666,49.792469459872585],[17.49989302497945,49.79251114526088],[17.499918116288985,49.79255927029521],[17.499921386713446,49.79261000423597],[17.499902575860002,49.79265930866327],[17.499863181013026,49.792703258934615],[17.49980633796881,49.7927383565896],[17.499736571436657,49.79276180783317],[17.499659434871106,49.79277174592857],[17.499643984025177,49.79277202253191]]]}"
1_LT05_190025_20050730_00000000000000000000,E20 E20 E20 B14,0.45223498591019756,https://1drv.ms/i/s!AuR4bnS0n2fes6oTswjXvyT1j1AR-w?e=2btkJW,0.6448538187461155,-0.6149028384271167,48503016,1246950000000,1337151600000,1432710000000,1145602800000,"{""type"":""Polygon"",""coordinates"":[[[17.394458249275434,50.01639594036222],[17.394380016254935,50.016388777238625],[17.394308010648277,50.0163678580586],[17.394247964146743,50.0163348480053],[17.394204656462406,50.01629237470058],[17.394181534859737,50.01624381903957],[17.394180439761843,50.01619304606513],[17.394201458270434,50.01614409730665],[17.39424291725374,50.01610086907407],[17.394301516546072,50.016066802315144],[17.394372591650555,50.01604460872211],[17.394450485030966,50.01603605488776],[17.39452899643848,50.01604182169007],[17.394601876431423,50.016061450096494],[17.39466332381011,50.016093377701466],[17.394708447377468,50.016135063089074],[17.39473365527383,50.016183188122945],[17.394736940896387,50.016233922063634],[17.394718042641703,50.01628322649128],[17.394678464750527,50.01632717676328],[17.39462135758904,50.016362274419],[17.394551266890332,50.01638572566319],[17.39447377191308,50.01639566375888],[17.394458249275434,50.01639594036222]]]}"
1_LT05_190025_20050730_00000000000000000001,E20 E20 E20 B15,0.4191020438925592,https://1drv.ms/i/s!AuR4bnS0n2fes6l2UZaBG9i3u8Pu5Q?e=Vk797c,0.6375273569789227,-0.6032750393981335,48602992,1247122800000,1341212400000,1438326000000,1148454000000,"{""type"":""Polygon"",""coordinates"":[[[17.499643984025177,49.79277202253191],[17.499566112829868,49.792764859408535],[17.49949444024629,49.79274394022906],[17.499434671456545,49.79271093017648],[17.499391564066705,49.79266845687245],[17.49936854939814,49.79261990121186],[17.49936745936271,49.79256912823744],[17.499388380659994,49.792520179478586],[17.49942964789698,49.79247695124533],[17.499487976171363,49.79244288448566],[17.499558722559215,49.792420690892044],[17.499636255689637,49.792412137057454],[17.49971440398889,49.792417903859935],[17.499786946917894,49.792437532266874],[17.49984811010666,49.792469459872585],[17.49989302497945,49.79251114526088],[17.499918116288985,49.79255927029521],[17.499921386713446,49.79261000423597],[17.499902575860002,49.79265930866327],[17.499863181013026,49.792703258934615],[17.49980633796881,49.7927383565896],[17.499736571436657,49.79276180783317],[17.499659434871106,49.79277174592857],[17.499643984025177,49.79277202253191]]]}"
1_LT05_190025_20050831_00000000000000000000,E20 E20 E20 B14,0.4159043820136945,https://1drv.ms/i/s!AuR4bnS0n2fes6oTswjXvyT1j1AR-w?e=2btkJW,0.6172171511624597,-0.6079505324977655,48503016,1246950000000,1337151600000,1432710000000,1145602800000,"{""type"":""Polygon"",""coordinates"":[[[17.394458249275434,50.01639594036222],[17.394380016254935,50.016388777238625],[17.394308010648277,50.0163678580586],[17.394247964146743,50.0163348480053],[17.394204656462406,50.01629237470058],[17.394181534859737,50.01624381903957],[17.394180439761843,50.01619304606513],[17.394201458270434,50.01614409730665],[17.39424291725374,50.01610086907407],[17.394301516546072,50.016066802315144],[17.394372591650555,50.01604460872211],[17.394450485030966,50.01603605488776],[17.39452899643848,50.01604182169007],[17.394601876431423,50.016061450096494],[17.39466332381011,50.016093377701466],[17.394708447377468,50.016135063089074],[17.39473365527383,50.016183188122945],[17.394736940896387,50.016233922063634],[17.394718042641703,50.01628322649128],[17.394678464750527,50.01632717676328],[17.39462135758904,50.016362274419],[17.394551266890332,50.01638572566319],[17.39447377191308,50.01639566375888],[17.394458249275434,50.01639594036222]]]}"
1_LT05_190025_20050831_00000000000000000001,E20 E20 E20 B15,0.39271507682072926,https://1drv.ms/i/s!AuR4bnS0n2fes6l2UZaBG9i3u8Pu5Q?e=Vk797c,0.6328266833197782,-0.6045470991525476,48602992,1247122800000,1341212400000,1438326000000,1148454000000,"{""type"":""Polygon"",""coordinates"":[[[17.499643984025177,49.79277202253191],[17.499566112829868,49.792764859408535],[17.49949444024629,49.79274394022906],[17.499434671456545,49.79271093017648],[17.499391564066705,49.79266845687245],[17.49936854939814,49.79261990121186],[17.49936745936271,49.79256912823744],[17.499388380659994,49.792520179478586],[17.49942964789698,49.79247695124533],[17.499487976171363,49.79244288448566],[17.499558722559215,49.792420690892044],[17.499636255689637,49.792412137057454],[17.49971440398889,49.792417903859935],[17.499786946917894,49.792437532266874],[17.49984811010666,49.792469459872585],[17.49989302497945,49.79251114526088],[17.499918116288985,49.79255927029521],[17.499921386713446,49.79261000423597],[17.499902575860002,49.79265930866327],[17.499863181013026,49.792703258934615],[17.49980633796881,49.7927383565896],[17.499736571436657,49.79276180783317],[17.499659434871106,49.79277174592857],[17.499643984025177,49.79277202253191]]]}"
1_LT05_190025_20060717_00000000000000000000,E20 E20 E20 B14,0.5526659325088665,https://1drv.ms/i/s!AuR4bnS0n2fes6oTswjXvyT1j1AR-w?e=2btkJW,0.7731704924634158,-0.7025875065469115,48503016,1246950000000,1337151600000,1432710000000,1145602800000,"{""type"":""Polygon"",""coordinates"":[[[17.394458249275434,50.01639594036222],[17.394380016254935,50.016388777238625],[17.394308010648277,50.0163678580586],[17.394247964146743,50.0163348480053],[17.394204656462406,50.01629237470058],[17.394181534859737,50.01624381903957],[17.394180439761843,50.01619304606513],[17.394201458270434,50.01614409730665],[17.39424291725374,50.01610086907407],[17.394301516546072,50.016066802315144],[17.394372591650555,50.01604460872211],[17.394450485030966,50.01603605488776],[17.39452899643848,50.01604182169007],[17.394601876431423,50.016061450096494],[17.39466332381011,50.016093377701466],[17.394708447377468,50.016135063089074],[17.39473365527383,50.016183188122945],[17.394736940896387,50.016233922063634],[17.394718042641703,50.01628322649128],[17.394678464750527,50.01632717676328],[17.39462135758904,50.016362274419],[17.394551266890332,50.01638572566319],[17.39447377191308,50.01639566375888],[17.394458249275434,50.01639594036222]]]}"
1_LT05_190025_20070805_00000000000000000000,E20 E20 E20 B14,0.5211779525915599,https://1drv.ms/i/s!AuR4bnS0n2fes6oTswjXvyT1j1AR-w?e=2btkJW,0.7184721945651902,-0.6706762701234581,48503016,1246950000000,1337151600000,1432710000000,1145602800000,"{""type"":""Polygon"",""coordinates"":[[[17.394458249275434,50.01639594036222],[17.394380016254935,50.016388777238625],[17.394308010648277,50.0163678580586],[17.394247964146743,50.0163348480053],[17.394204656462406,50.01629237470058],[17.394181534859737,50.01624381903957],[17.394180439761843,50.01619304606513],[17.394201458270434,50.01614409730665],[17.39424291725374,50.01610086907407],[17.394301516546072,50.016066802315144],[17.394372591650555,50.01604460872211],[17.394450485030966,50.01603605488776],[17.39452899643848,50.01604182169007],[17.394601876431423,50.016061450096494],[17.39466332381011,50.016093377701466],[17.394708447377468,50.016135063089074],[17.39473365527383,50.016183188122945],[17.394736940896387,50.016233922063634],[17.394718042641703,50.01628322649128],[17.394678464750527,50.01632717676328],[17.39462135758904,50.016362274419],[17.394551266890332,50.01638572566319],[17.39447377191308,50.01639566375888],[17.394458249275434,50.01639594036222]]]}"
1_LT05_190025_20070805_00000000000000000001,E20 E20 E20 B15,0.350653997258824,https://1drv.ms/i/s!AuR4bnS0n2fes6l2UZaBG9i3u8Pu5Q?e=Vk797c,0.5597689475647633,-0.566024504560126,48602992,1247122800000,1341212400000,1438326000000,1148454000000,"{""type"":""Polygon"",""coordinates"":[[[17.499643984025177,49.79277202253191],[17.499566112829868,49.792764859408535],[17.49949444024629,49.79274394022906],[17.499434671456545,49.79271093017648],[17.499391564066705,49.79266845687245],[17.49936854939814,49.79261990121186],[17.49936745936271,49.79256912823744],[17.499388380659994,49.792520179478586],[17.49942964789698,49.79247695124533],[17.499487976171363,49.79244288448566],[17.499558722559215,49.792420690892044],[17.499636255689637,49.792412137057454],[17.49971440398889,49.792417903859935],[17.499786946917894,49.792437532266874],[17.49984811010666,49.792469459872585],[17.49989302497945,49.79251114526088],[17.499918116288985,49.79255927029521],[17.499921386713446,49.79261000423597],[17.499902575860002,49.79265930866327],[17.499863181013026,49.792703258934615],[17.49980633796881,49.7927383565896],[17.499736571436657,49.79276180783317],[17.499659434871106,49.79277174592857],[17.499643984025177,49.79277202253191]]]}"
1_LT05_190025_20070922_00000000000000000000,E20 E20 E20 B14,0.5127751824662775,https://1drv.ms/i/s!AuR4bnS0n2fes6oTswjXvyT1j1AR-w?e=2btkJW,0.7162687663667862,-0.6761190377850629,48503016,1246950000000,1337151600000,1432710000000,1145602800000,"{""type"":""Polygon"",""coordinates"":[[[17.394458249275434,50.01639594036222],[17.394380016254935,50.016388777238625],[17.394308010648277,50.0163678580586],[17.394247964146743,50.0163348480053],[17.394204656462406,50.01629237470058],[17.394181534859737,50.01624381903957],[17.394180439761843,50.01619304606513],[17.394201458270434,50.01614409730665],[17.39424291725374,50.01610086907407],[17.394301516546072,50.016066802315144],[17.394372591650555,50.01604460872211],[17.394450485030966,50.01603605488776],[17.39452899643848,50.01604182169007],[17.394601876431423,50.016061450096494],[17.39466332381011,50.016093377701466],[17.394708447377468,50.016135063089074],[17.39473365527383,50.016183188122945],[17.394736940896387,50.016233922063634],[17.394718042641703,50.01628322649128],[17.394678464750527,50.01632717676328],[17.39462135758904,50.016362274419],[17.394551266890332,50.01638572566319],[17.39447377191308,50.01639566375888],[17.394458249275434,50.01639594036222]]]}"
1_LT05_190025_20070922_00000000000000000001,E20 E20 E20 B15,0.4198930643652178,https://1drv.ms/i/s!AuR4bnS0n2fes6l2UZaBG9i3u8Pu5Q?e=Vk797c,0.6497617513499793,-0.6182599914521371,48602992,1247122800000,1341212400000,1438326000000,1148454000000,"{""type"":""Polygon"",""coordinates"":[[[17.499643984025177,49.79277202253191],[17.499566112829868,49.792764859408535],[17.49949444024629,49.79274394022906],[17.499434671456545,49.79271093017648],[17.499391564066705,49.79266845687245],[17.49936854939814,49.79261990121186],[17.49936745936271,49.79256912823744],[17.499388380659994,49.792520179478586],[17.49942964789698,49.79247695124533],[17.499487976171363,49.79244288448566],[17.499558722559215,49.792420690892044],[17.499636255689637,49.792412137057454],[17.49971440398889,49.792417903859935],[17.499786946917894,49.792437532266874],[17.49984811010666,49.792469459872585],[17.49989302497945,49.79251114526088],[17.499918116288985,49.79255927029521],[17.499921386713446,49.79261000423597],[17.499902575860002,49.79265930866327],[17.499863181013026,49.792703258934615],[17.49980633796881,49.7927383565896],[17.499736571436657,49.79276180783317],[17.499659434871106,49.79277174592857],[17.499643984025177,49.79277202253191]]]}"
1_LT05_190025_20080401_00000000000000000000,E20 E20 E20 B14,0.3158392471308745,https://1drv.ms/i/s!AuR4bnS0n2fes6oTswjXvyT1j1AR-w?e=2btkJW,0.43943915760780045,-0.45074331625586006,48503016,1246950000000,1337151600000,1432710000000,1145602800000,"{""type"":""Polygon"",""coordinates"":[[[17.394458249275434,50.01639594036222],[17.394380016254935,50.016388777238625],[17.394308010648277,50.0163678580586],[17.394247964146743,50.0163348480053],[17.394204656462406,50.01629237470058],[17.394181534859737,50.01624381903957],[17.394180439761843,50.01619304606513],[17.394201458270434,50.01614409730665],[17.39424291725374,50.01610086907407],[17.394301516546072,50.016066802315144],[17.394372591650555,50.01604460872211],[17.394450485030966,50.01603605488776],[17.39452899643848,50.01604182169007],[17.394601876431423,50.016061450096494],[17.39466332381011,50.016093377701466],[17.394708447377468,50.016135063089074],[17.39473365527383,50.016183188122945],[17.394736940896387,50.016233922063634],[17.394718042641703,50.01628322649128],[17.394678464750527,50.01632717676328],[17.39462135758904,50.016362274419],[17.394551266890332,50.01638572566319],[17.39447377191308,50.01639566375888],[17.394458249275434,50.01639594036222]]]}"
1_LT05_190025_20080401_00000000000000000001,E20 E20 E20 B15,0.22255492917976713,https://1drv.ms/i/s!AuR4bnS0n2fes6l2UZaBG9i3u8Pu5Q?e=Vk797c,0.33174666018742166,-0.3595574283547406,48602992,1247122800000,1341212400000,1438326000000,1148454000000,"{""type"":""Polygon"",""coordinates"":[[[17.499643984025177,49.79277202253191],[17.499566112829868,49.792764859408535],[17.49949444024629,49.79274394022906],[17.499434671456545,49.79271093017648],[17.499391564066705,49.79266845687245],[17.49936854939814,49.79261990121186],[17.49936745936271,49.79256912823744],[17.499388380659994,49.792520179478586],[17.49942964789698,49.79247695124533],[17.499487976171363,49.79244288448566],[17.499558722559215,49.792420690892044],[17.499636255689637,49.792412137057454],[17.49971440398889,49.792417903859935],[17.499786946917894,49.792437532266874],[17.49984811010666,49.792469459872585],[17.49989302497945,49.79251114526088],[17.499918116288985,49.79255927029521],[17.499921386713446,49.79261000423597],[17.499902575860002,49.79265930866327],[17.499863181013026,49.792703258934615],[17.49980633796881,49.7927383565896],[17.499736571436657,49.79276180783317],[17.499659434871106,49.79277174592857],[17.499643984025177,49.79277202253191]]]}"
1_LT05_190025_20090420_00000000000000000000,E20 E20 E20 B14,0.6419053690078709,https://1drv.ms/i/s!AuR4bnS0n2fes6oTswjXvyT1j1AR-w?e=2btkJW,0.7813451826345625,-0.7100382989706966,48503016,1246950000000,1337151600000,1432710000000,1145602800000,"{""type"":""Polygon"",""coordinates"":[[[17.394458249275434,50.01639594036222],[17.394380016254935,50.016388777238625],[17.394308010648277,50.0163678580586],[17.394247964146743,50.0163348480053],[17.394204656462406,50.01629237470058],[17.394181534859737,50.01624381903957],[17.394180439761843,50.01619304606513],[17.394201458270434,50.01614409730665],[17.39424291725374,50.01610086907407],[17.394301516546072,50.016066802315144],[17.394372591650555,50.01604460872211],[17.394450485030966,50.01603605488776],[17.39452899643848,50.01604182169007],[17.394601876431423,50.016061450096494],[17.39466332381011,50.016093377701466],[17.394708447377468,50.016135063089074],[17.39473365527383,50.016183188122945],[17.394736940896387,50.016233922063634],[17.394718042641703,50.01628322649128],[17.394678464750527,50.01632717676328],[17.39462135758904,50.016362274419],[17.394551266890332,50.01638572566319],[17.39447377191308,50.01639566375888],[17.394458249275434,50.01639594036222]]]}"
1_LT05_190025_20090420_00000000000000000001,E20 E20 E20 B15,0.3864450291493076,https://1drv.ms/i/s!AuR4bnS0n2fes6l2UZaBG9i3u8Pu5Q?e=Vk797c,0.593820266666641,-0.571802805815328,48602992,1247122800000,1341212400000,1438326000000,1148454000000,"{""type"":""Polygon"",""coordinates"":[[[17.499643984025177,49.79277202253191],[17.499566112829868,49.792764859408535],[17.49949444024629,49.79274394022906],[17.499434671456545,49.79271093017648],[17.499391564066705,49.79266845687245],[17.49936854939814,49.79261990121186],[17.49936745936271,49.79256912823744],[17.499388380659994,49.792520179478586],[17.49942964789698,49.79247695124533],[17.499487976171363,49.79244288448566],[17.499558722559215,49.792420690892044],[17.499636255689637,49.792412137057454],[17.49971440398889,49.792417903859935],[17.499786946917894,49.792437532266874],[17.49984811010666,49.792469459872585],[17.49989302497945,49.79251114526088],[17.499918116288985,49.79255927029521],[17.499921386713446,49.79261000423597],[17.499902575860002,49.79265930866327],[17.499863181013026,49.792703258934615],[17.49980633796881,49.7927383565896],[17.499736571436657,49.79276180783317],[17.499659434871106,49.79277174592857],[17.499643984025177,49.79277202253191]]]}"
1_LT05_190025_20100423_00000000000000000000,E20 E20 E20 B14,0.36285146408052926,https://1drv.ms/i/s!AuR4bnS0n2fes6oTswjXvyT1j1AR-w?e=2btkJW,0.518606014114421,-0.5324058918662457,48503016,1246950000000,1337151600000,1432710000000,1145602800000,"{""type"":""Polygon"",""coordinates"":[[[17.394458249275434,50.01639594036222],[17.394380016254935,50.016388777238625],[17.394308010648277,50.0163678580586],[17.394247964146743,50.0163348480053],[17.394204656462406,50.01629237470058],[17.394181534859737,50.01624381903957],[17.394180439761843,50.01619304606513],[17.394201458270434,50.01614409730665],[17.39424291725374,50.01610086907407],[17.394301516546072,50.016066802315144],[17.394372591650555,50.01604460872211],[17.394450485030966,50.01603605488776],[17.39452899643848,50.01604182169007],[17.394601876431423,50.016061450096494],[17.39466332381011,50.016093377701466],[17.394708447377468,50.016135063089074],[17.39473365527383,50.016183188122945],[17.394736940896387,50.016233922063634],[17.394718042641703,50.01628322649128],[17.394678464750527,50.01632717676328],[17.39462135758904,50.016362274419],[17.394551266890332,50.01638572566319],[17.39447377191308,50.01639566375888],[17.394458249275434,50.01639594036222]]]}"
1_LT05_190025_20100423_00000000000000000001,E20 E20 E20 B15,0.2627627595531324,https://1drv.ms/i/s!AuR4bnS0n2fes6l2UZaBG9i3u8Pu5Q?e=Vk797c,0.40422379408548736,-0.43523543714224056,48602992,1247122800000,1341212400000,1438326000000,1148454000000,"{""type"":""Polygon"",""coordinates"":[[[17.499643984025177,49.79277202253191],[17.499566112829868,49.792764859408535],[17.49949444024629,49.79274394022906],[17.499434671456545,49.79271093017648],[17.499391564066705,49.79266845687245],[17.49936854939814,49.79261990121186],[17.49936745936271,49.79256912823744],[17.499388380659994,49.792520179478586],[17.49942964789698,49.79247695124533],[17.499487976171363,49.79244288448566],[17.499558722559215,49.792420690892044],[17.499636255689637,49.792412137057454],[17.49971440398889,49.792417903859935],[17.499786946917894,49.792437532266874],[17.49984811010666,49.792469459872585],[17.49989302497945,49.79251114526088],[17.499918116288985,49.79255927029521],[17.499921386713446,49.79261000423597],[17.499902575860002,49.79265930866327],[17.499863181013026,49.792703258934615],[17.49980633796881,49.7927383565896],[17.499736571436657,49.79276180783317],[17.499659434871106,49.79277174592857],[17.499643984025177,49.79277202253191]]]}"
1_LT05_190025_20100712_00000000000000000000,E20 E20 E20 B14,0.4255760319667563,https://1drv.ms/i/s!AuR4bnS0n2fes6oTswjXvyT1j1AR-w?e=2btkJW,0.6327379171289078,-0.6342664698584625,48503016,1246950000000,1337151600000,1432710000000,1145602800000,"{""type"":""Polygon"",""coordinates"":[[[17.394458249275434,50.01639594036222],[17.394380016254935,50.016388777238625],[17.394308010648277,50.0163678580586],[17.394247964146743,50.0163348480053],[17.394204656462406,50.01629237470058],[17.394181534859737,50.01624381903957],[17.394180439761843,50.01619304606513],[17.394201458270434,50.01614409730665],[17.39424291725374,50.01610086907407],[17.394301516546072,50.016066802315144],[17.394372591650555,50.01604460872211],[17.394450485030966,50.01603605488776],[17.39452899643848,50.01604182169007],[17.394601876431423,50.016061450096494],[17.39466332381011,50.016093377701466],[17.394708447377468,50.016135063089074],[17.39473365527383,50.016183188122945],[17.394736940896387,50.016233922063634],[17.394718042641703,50.01628322649128],[17.394678464750527,50.01632717676328],[17.39462135758904,50.016362274419],[17.394551266890332,50.01638572566319],[17.39447377191308,50.01639566375888],[17.394458249275434,50.01639594036222]]]}"
1_LT05_190025_20100712_00000000000000000001,E20 E20 E20 B15,0.5029490785586825,https://1drv.ms/i/s!AuR4bnS0n2fes6l2UZaBG9i3u8Pu5Q?e=Vk797c,0.7064516976221676,-0.6646099223185237,48602992,1247122800000,1341212400000,1438326000000,1148454000000,"{""type"":""Polygon"",""coordinates"":[[[17.499643984025177,49.79277202253191],[17.499566112829868,49.792764859408535],[17.49949444024629,49.79274394022906],[17.499434671456545,49.79271093017648],[17.499391564066705,49.79266845687245],[17.49936854939814,49.79261990121186],[17.49936745936271,49.79256912823744],[17.499388380659994,49.792520179478586],[17.49942964789698,49.79247695124533],[17.499487976171363,49.79244288448566],[17.499558722559215,49.792420690892044],[17.499636255689637,49.792412137057454],[17.49971440398889,49.792417903859935],[17.499786946917894,49.792437532266874],[17.49984811010666,49.792469459872585],[17.49989302497945,49.79251114526088],[17.499918116288985,49.79255927029521],[17.499921386713446,49.79261000423597],[17.499902575860002,49.79265930866327],[17.499863181013026,49.792703258934615],[17.49980633796881,49.7927383565896],[17.499736571436657,49.79276180783317],[17.499659434871106,49.79277174592857],[17.499643984025177,49.79277202253191]]]}"
1_LT05_190025_20110629_00000000000000000000,E20 E20 E20 B14,0.49864722275899914,https://1drv.ms/i/s!AuR4bnS0n2fes6oTswjXvyT1j1AR-w?e=2btkJW,0.7415679708866106,-0.695950153370877,48503016,1246950000000,1337151600000,1432710000000,1145602800000,"{""type"":""Polygon"",""coordinates"":[[[17.394458249275434,50.01639594036222],[17.394380016254935,50.016388777238625],[17.394308010648277,50.0163678580586],[17.394247964146743,50.0163348480053],[17.394204656462406,50.01629237470058],[17.394181534859737,50.01624381903957],[17.394180439761843,50.01619304606513],[17.394201458270434,50.01614409730665],[17.39424291725374,50.01610086907407],[17.394301516546072,50.016066802315144],[17.394372591650555,50.01604460872211],[17.394450485030966,50.01603605488776],[17.39452899643848,50.01604182169007],[17.394601876431423,50.016061450096494],[17.39466332381011,50.016093377701466],[17.394708447377468,50.016135063089074],[17.39473365527383,50.016183188122945],[17.394736940896387,50.016233922063634],[17.394718042641703,50.01628322649128],[17.394678464750527,50.01632717676328],[17.39462135758904,50.016362274419],[17.394551266890332,50.01638572566319],[17.39447377191308,50.01639566375888],[17.394458249275434,50.01639594036222]]]}"
1_LT05_190025_20110629_00000000000000000001,E20 E20 E20 B15,0.5217914546141461,https://1drv.ms/i/s!AuR4bnS0n2fes6l2UZaBG9i3u8Pu5Q?e=Vk797c,0.7219645538686055,-0.6654122449029864,48602992,1247122800000,1341212400000,1438326000000,1148454000000,"{""type"":""Polygon"",""coordinates"":[[[17.499643984025177,49.79277202253191],[17.499566112829868,49.792764859408535],[17.49949444024629,49.79274394022906],[17.499434671456545,49.79271093017648],[17.499391564066705,49.79266845687245],[17.49936854939814,49.79261990121186],[17.49936745936271,49.79256912823744],[17.499388380659994,49.792520179478586],[17.49942964789698,49.79247695124533],[17.499487976171363,49.79244288448566],[17.499558722559215,49.792420690892044],[17.499636255689637,49.792412137057454],[17.49971440398889,49.792417903859935],[17.499786946917894,49.792437532266874],[17.49984811010666,49.792469459872585],[17.49989302497945,49.79251114526088],[17.499918116288985,49.79255927029521],[17.499921386713446,49.79261000423597],[17.499902575860002,49.79265930866327],[17.499863181013026,49.792703258934615],[17.49980633796881,49.7927383565896],[17.499736571436657,49.79276180783317],[17.499659434871106,49.79277174592857],[17.499643984025177,49.79277202253191]]]}"
1_LT05_190026_20000513_00000000000000000006,E20 E20 B11 B11,0.6892248761665877,https://1drv.ms/i/s!AuR4bnS0n2fes6lz0ave8fSdffwE0A?e=9lqkB0,0.8445310241623993,-0.7958314067034861,48562932,1243234800000,1340348400000,1433401200000,1146121200000,"{""type"":""Polygon"",""coordinates"":[[[17.363052800556023,49.259789050916694],[17.362975773694554,49.25978188779379],[17.362904878233962,49.25976096861563],[17.362845757496036,49.25972795856478],[17.36280311750162,49.25968548526233],[17.362780352368212,49.25963692960272],[17.362779274146295,49.25958615662836],[17.36279996859707,49.259537207868604],[17.362840788386187,49.259493979633795],[17.362898484229085,49.25945991287239],[17.36296846354319,49.25943771927741],[17.36304515601545,49.25942916544224],[17.36312245698666,49.25943493224511],[17.363194213363126,49.25945456065329],[17.36325471338306,49.25948648826071],[17.363299141258555,49.25952817365063],[17.363323960507994,49.25957629868602],[17.36332719546712,49.259627032626916],[17.363308588568117,49.25967633705341],[17.3632696208623,49.25972028732325],[17.363213394146534,49.259755384976486],[17.363144384070278,49.259778836218636],[17.363068083873056,49.25978877431337],[17.363052800556023,49.259789050916694]]]}"
1_LT05_190026_20000817_00000000000000000006,E20 E20 B11 B11,0.16018070790783018,https://1drv.ms/i/s!AuR4bnS0n2fes6lz0ave8fSdffwE0A?e=9lqkB0,0.2702503933952724,-0.33839822181480217,48562932,1243234800000,1340348400000,1433401200000,1146121200000,"{""type"":""Polygon"",""coordinates"":[[[17.363052800556023,49.259789050916694],[17.362975773694554,49.25978188779379],[17.362904878233962,49.25976096861563],[17.362845757496036,49.25972795856478],[17.36280311750162,49.25968548526233],[17.362780352368212,49.25963692960272],[17.362779274146295,49.25958615662836],[17.36279996859707,49.259537207868604],[17.362840788386187,49.259493979633795],[17.362898484229085,49.25945991287239],[17.36296846354319,49.25943771927741],[17.36304515601545,49.25942916544224],[17.36312245698666,49.25943493224511],[17.363194213363126,49.25945456065329],[17.36325471338306,49.25948648826071],[17.363299141258555,49.25952817365063],[17.363323960507994,49.25957629868602],[17.36332719546712,49.259627032626916],[17.363308588568117,49.25967633705341],[17.3632696208623,49.25972028732325],[17.363213394146534,49.259755384976486],[17.363144384070278,49.259778836218636],[17.363068083873056,49.25978877431337],[17.363052800556023,49.259789050916694]]]}"
1_LT05_190026_20010430_00000000000000000006,E20 E20 B11 B11,0.46248778018177683,https://1drv.ms/i/s!AuR4bnS0n2fes6lz0ave8fSdffwE0A?e=9lqkB0,0.7976283888369441,-0.7082056457441089,48562932,1243234800000,1340348400000,1433401200000,1146121200000,"{""type"":""Polygon"",""coordinates"":[[[17.363052800556023,49.259789050916694],[17.362975773694554,49.25978188779379],[17.362904878233962,49.25976096861563],[17.362845757496036,49.25972795856478],[17.36280311750162,49.25968548526233],[17.362780352368212,49.25963692960272],[17.362779274146295,49.25958615662836],[17.36279996859707,49.259537207868604],[17.362840788386187,49.259493979633795],[17.362898484229085,49.25945991287239],[17.36296846354319,49.25943771927741],[17.36304515601545,49.25942916544224],[17.36312245698666,49.25943493224511],[17.363194213363126,49.25945456065329],[17.36325471338306,49.25948648826071],[17.363299141258555,49.25952817365063],[17.363323960507994,49.25957629868602],[17.36332719546712,49.259627032626916],[17.363308588568117,49.25967633705341],[17.3632696208623,49.25972028732325],[17.363213394146534,49.259755384976486],[17.363144384070278,49.259778836218636],[17.363068083873056,49.25978877431337],[17.363052800556023,49.259789050916694]]]}"
1_LT05_190026_20010820_00000000000000000006,E20 E20 B11 B11,0.5869004065889012,https://1drv.ms/i/s!AuR4bnS0n2fes6lz0ave8fSdffwE0A?e=9lqkB0,0.6885197203040245,-0.6406371139191345,48562932,1243234800000,1340348400000,1433401200000,1146121200000,"{""type"":""Polygon"",""coordinates"":[[[17.363052800556023,49.259789050916694],[17.362975773694554,49.25978188779379],[17.362904878233962,49.25976096861563],[17.362845757496036,49.25972795856478],[17.36280311750162,49.25968548526233],[17.362780352368212,49.25963692960272],[17.362779274146295,49.25958615662836],[17.36279996859707,49.259537207868604],[17.362840788386187,49.259493979633795],[17.362898484229085,49.25945991287239],[17.36296846354319,49.25943771927741],[17.36304515601545,49.25942916544224],[17.36312245698666,49.25943493224511],[17.363194213363126,49.25945456065329],[17.36325471338306,49.25948648826071],[17.363299141258555,49.25952817365063],[17.363323960507994,49.25957629868602],[17.36332719546712,49.259627032626916],[17.363308588568117,49.25967633705341],[17.3632696208623,49.25972028732325],[17.363213394146534,49.259755384976486],[17.363144384070278,49.259778836218636],[17.363068083873056,49.25978877431337],[17.363052800556023,49.259789050916694]]]}"
1_LT05_190026_20020620_00000000000000000006,E20 E20 B11 B11,0.629541373475128,https://1drv.ms/i/s!AuR4bnS0n2fes6lz0ave8fSdffwE0A?e=9lqkB0,0.8063329729268366,-0.7490879354844703,48562932,1243234800000,1340348400000,1433401200000,1146121200000,"{""type"":""Polygon"",""coordinates"":[[[17.363052800556023,49.259789050916694],[17.362975773694554,49.25978188779379],[17.362904878233962,49.25976096861563],[17.362845757496036,49.25972795856478],[17.36280311750162,49.25968548526233],[17.362780352368212,49.25963692960272],[17.362779274146295,49.25958615662836],[17.36279996859707,49.259537207868604],[17.362840788386187,49.259493979633795],[17.362898484229085,49.25945991287239],[17.36296846354319,49.25943771927741],[17.36304515601545,49.25942916544224],[17.36312245698666,49.25943493224511],[17.363194213363126,49.25945456065329],[17.36325471338306,49.25948648826071],[17.363299141258555,49.25952817365063],[17.363323960507994,49.25957629868602],[17.36332719546712,49.259627032626916],[17.363308588568117,49.25967633705341],[17.3632696208623,49.25972028732325],[17.363213394146534,49.259755384976486],[17.363144384070278,49.259778836218636],[17.363068083873056,49.25978877431337],[17.363052800556023,49.259789050916694]]]}"
1_LT05_190026_20030623_00000000000000000006,E20 E20 B11 B11,0.6177040766947072,https://1drv.ms/i/s!AuR4bnS0n2fes6lz0ave8fSdffwE0A?e=9lqkB0,0.7199640762541999,-0.6682017741600486,48562932,1243234800000,1340348400000,1433401200000,1146121200000,"{""type"":""Polygon"",""coordinates"":[[[17.363052800556023,49.259789050916694],[17.362975773694554,49.25978188779379],[17.362904878233962,49.25976096861563],[17.362845757496036,49.25972795856478],[17.36280311750162,49.25968548526233],[17.362780352368212,49.25963692960272],[17.362779274146295,49.25958615662836],[17.36279996859707,49.259537207868604],[17.362840788386187,49.259493979633795],[17.362898484229085,49.25945991287239],[17.36296846354319,49.25943771927741],[17.36304515601545,49.25942916544224],[17.36312245698666,49.25943493224511],[17.363194213363126,49.25945456065329],[17.36325471338306,49.25948648826071],[17.363299141258555,49.25952817365063],[17.363323960507994,49.25957629868602],[17.36332719546712,49.259627032626916],[17.363308588568117,49.25967633705341],[17.3632696208623,49.25972028732325],[17.363213394146534,49.259755384976486],[17.363144384070278,49.259778836218636],[17.363068083873056,49.25978877431337],[17.363052800556023,49.259789050916694]]]}"
1_LT05_190026_20030810_00000000000000000006,E20 E20 B11 B11,0.1556129693754196,https://1drv.ms/i/s!AuR4bnS0n2fes6lz0ave8fSdffwE0A?e=9lqkB0,0.34499132490015805,-0.44894456654354725,48562932,1243234800000,1340348400000,1433401200000,1146121200000,"{""type"":""Polygon"",""coordinates"":[[[17.363052800556023,49.259789050916694],[17.362975773694554,49.25978188779379],[17.362904878233962,49.25976096861563],[17.362845757496036,49.25972795856478],[17.36280311750162,49.25968548526233],[17.362780352368212,49.25963692960272],[17.362779274146295,49.25958615662836],[17.36279996859707,49.259537207868604],[17.362840788386187,49.259493979633795],[17.362898484229085,49.25945991287239],[17.36296846354319,49.25943771927741],[17.36304515601545,49.25942916544224],[17.36312245698666,49.25943493224511],[17.363194213363126,49.25945456065329],[17.36325471338306,49.25948648826071],[17.363299141258555,49.25952817365063],[17.363323960507994,49.25957629868602],[17.36332719546712,49.259627032626916],[17.363308588568117,49.25967633705341],[17.3632696208623,49.25972028732325],[17.363213394146534,49.259755384976486],[17.363144384070278,49.259778836218636],[17.363068083873056,49.25978877431337],[17.363052800556023,49.259789050916694]]]}"
1_LT05_190026_20040609_00000000000000000006,E20 E20 B11 B11,0.692504461296313,https://1drv.ms/i/s!AuR4bnS0n2fes6lz0ave8fSdffwE0A?e=9lqkB0,0.8904570018271212,-0.8486149740026266,48562932,1243234800000,1340348400000,1433401200000,1146121200000,"{""type"":""Polygon"",""coordinates"":[[[17.363052800556023,49.259789050916694],[17.362975773694554,49.25978188779379],[17.362904878233962,49.25976096861563],[17.362845757496036,49.25972795856478],[17.36280311750162,49.25968548526233],[17.362780352368212,49.25963692960272],[17.362779274146295,49.25958615662836],[17.36279996859707,49.259537207868604],[17.362840788386187,49.259493979633795],[17.362898484229085,49.25945991287239],[17.36296846354319,49.25943771927741],[17.36304515601545,49.25942916544224],[17.36312245698666,49.25943493224511],[17.363194213363126,49.25945456065329],[17.36325471338306,49.25948648826071],[17.363299141258555,49.25952817365063],[17.363323960507994,49.25957629868602],[17.36332719546712,49.259627032626916],[17.363308588568117,49.25967633705341],[17.3632696208623,49.25972028732325],[17.363213394146534,49.259755384976486],[17.363144384070278,49.259778836218636],[17.363068083873056,49.25978877431337],[17.363052800556023,49.259789050916694]]]}"
1_LT05_190026_20050527_00000000000000000006,E20 E20 B11 B11,0.1438052524928539,https://1drv.ms/i/s!AuR4bnS0n2fes6lz0ave8fSdffwE0A?e=9lqkB0,0.26784933962328605,-0.36918127658218153,48562932,1243234800000,1340348400000,1433401200000,1146121200000,"{""type"":""Polygon"",""coordinates"":[[[17.363052800556023,49.259789050916694],[17.362975773694554,49.25978188779379],[17.362904878233962,49.25976096861563],[17.362845757496036,49.25972795856478],[17.36280311750162,49.25968548526233],[17.362780352368212,49.25963692960272],[17.362779274146295,49.25958615662836],[17.36279996859707,49.259537207868604],[17.362840788386187,49.259493979633795],[17.362898484229085,49.25945991287239],[17.36296846354319,49.25943771927741],[17.36304515601545,49.25942916544224],[17.36312245698666,49.25943493224511],[17.363194213363126,49.25945456065329],[17.36325471338306,49.25948648826071],[17.363299141258555,49.25952817365063],[17.363323960507994,49.25957629868602],[17.36332719546712,49.259627032626916],[17.363308588568117,49.25967633705341],[17.3632696208623,49.25972028732325],[17.363213394146534,49.259755384976486],[17.363144384070278,49.259778836218636],[17.363068083873056,49.25978877431337],[17.363052800556023,49.259789050916694]]]}"
1_LT05_190026_20050831_00000000000000000006,E20 E20 B11 B11,0.5060617149144188,https://1drv.ms/i/s!AuR4bnS0n2fes6lz0ave8fSdffwE0A?e=9lqkB0,0.706140868817329,-0.646905052329735,48562932,1243234800000,1340348400000,1433401200000,1146121200000,"{""type"":""Polygon"",""coordinates"":[[[17.363052800556023,49.259789050916694],[17.362975773694554,49.25978188779379],[17.362904878233962,49.25976096861563],[17.362845757496036,49.25972795856478],[17.36280311750162,49.25968548526233],[17.362780352368212,49.25963692960272],[17.362779274146295,49.25958615662836],[17.36279996859707,49.259537207868604],[17.362840788386187,49.259493979633795],[17.362898484229085,49.25945991287239],[17.36296846354319,49.25943771927741],[17.36304515601545,49.25942916544224],[17.36312245698666,49.25943493224511],[17.363194213363126,49.25945456065329],[17.36325471338306,49.25948648826071],[17.363299141258555,49.25952817365063],[17.363323960507994,49.25957629868602],[17.36332719546712,49.259627032626916],[17.363308588568117,49.25967633705341],[17.3632696208623,49.25972028732325],[17.363213394146534,49.259755384976486],[17.363144384070278,49.259778836218636],[17.363068083873056,49.25978877431337],[17.363052800556023,49.259789050916694]]]}"
1_LT05_190026_20060615_00000000000000000006,E20 E20 B11 B11,0.4157680839724455,https://1drv.ms/i/s!AuR4bnS0n2fes6lz0ave8fSdffwE0A?e=9lqkB0,0.4969592387047621,-0.5083223674167051,48562932,1243234800000,1340348400000,1433401200000,1146121200000,"{""type"":""Polygon"",""coordinates"":[[[17.363052800556023,49.259789050916694],[17.362975773694554,49.25978188779379],[17.362904878233962,49.25976096861563],[17.362845757496036,49.25972795856478],[17.36280311750162,49.25968548526233],[17.362780352368212,49.25963692960272],[17.362779274146295,49.25958615662836],[17.36279996859707,49.259537207868604],[17.362840788386187,49.259493979633795],[17.362898484229085,49.25945991287239],[17.36296846354319,49.25943771927741],[17.36304515601545,49.25942916544224],[17.36312245698666,49.25943493224511],[17.363194213363126,49.25945456065329],[17.36325471338306,49.25948648826071],[17.363299141258555,49.25952817365063],[17.363323960507994,49.25957629868602],[17.36332719546712,49.259627032626916],[17.363308588568117,49.25967633705341],[17.3632696208623,49.25972028732325],[17.363213394146534,49.259755384976486],[17.363144384070278,49.259778836218636],[17.363068083873056,49.25978877431337],[17.363052800556023,49.259789050916694]]]}"
1_LT05_190026_20060717_00000000000000000006,E20 E20 B11 B11,0.5682368579843663,https://1drv.ms/i/s!AuR4bnS0n2fes6lz0ave8fSdffwE0A?e=9lqkB0,0.7705704484356314,-0.6893719679281453,48562932,1243234800000,1340348400000,1433401200000,1146121200000,"{""type"":""Polygon"",""coordinates"":[[[17.363052800556023,49.259789050916694],[17.362975773694554,49.25978188779379],[17.362904878233962,49.25976096861563],[17.362845757496036,49.25972795856478],[17.36280311750162,49.25968548526233],[17.362780352368212,49.25963692960272],[17.362779274146295,49.25958615662836],[17.36279996859707,49.259537207868604],[17.362840788386187,49.259493979633795],[17.362898484229085,49.25945991287239],[17.36296846354319,49.25943771927741],[17.36304515601545,49.25942916544224],[17.36312245698666,49.25943493224511],[17.363194213363126,49.25945456065329],[17.36325471338306,49.25948648826071],[17.363299141258555,49.25952817365063],[17.363323960507994,49.25957629868602],[17.36332719546712,49.259627032626916],[17.363308588568117,49.25967633705341],[17.3632696208623,49.25972028732325],[17.363213394146534,49.259755384976486],[17.363144384070278,49.259778836218636],[17.363068083873056,49.25978877431337],[17.363052800556023,49.259789050916694]]]}"
1_LT05_190026_20070720_00000000000000000006,E20 E20 B11 B11,0.5710839478815734,https://1drv.ms/i/s!AuR4bnS0n2fes6lz0ave8fSdffwE0A?e=9lqkB0,0.7161437921183886,-0.6473922739862898,48562932,1243234800000,1340348400000,1433401200000,1146121200000,"{""type"":""Polygon"",""coordinates"":[[[17.363052800556023,49.259789050916694],[17.362975773694554,49.25978188779379],[17.362904878233962,49.25976096861563],[17.362845757496036,49.25972795856478],[17.36280311750162,49.25968548526233],[17.362780352368212,49.25963692960272],[17.362779274146295,49.25958615662836],[17.36279996859707,49.259537207868604],[17.362840788386187,49.259493979633795],[17.362898484229085,49.25945991287239],[17.36296846354319,49.25943771927741],[17.36304515601545,49.25942916544224],[17.36312245698666,49.25943493224511],[17.363194213363126,49.25945456065329],[17.36325471338306,49.25948648826071],[17.363299141258555,49.25952817365063],[17.363323960507994,49.25957629868602],[17.36332719546712,49.259627032626916],[17.363308588568117,49.25967633705341],[17.3632696208623,49.25972028732325],[17.363213394146534,49.259755384976486],[17.363144384070278,49.259778836218636],[17.363068083873056,49.25978877431337],[17.363052800556023,49.259789050916694]]]}"
1_LT05_190026_20070805_00000000000000000006,E20 E20 B11 B11,0.5266142012952167,https://1drv.ms/i/s!AuR4bnS0n2fes6lz0ave8fSdffwE0A?e=9lqkB0,0.6923688285687549,-0.6455153916086167,48562932,1243234800000,1340348400000,1433401200000,1146121200000,"{""type"":""Polygon"",""coordinates"":[[[17.363052800556023,49.259789050916694],[17.362975773694554,49.25978188779379],[17.362904878233962,49.25976096861563],[17.362845757496036,49.25972795856478],[17.36280311750162,49.25968548526233],[17.362780352368212,49.25963692960272],[17.362779274146295,49.25958615662836],[17.36279996859707,49.259537207868604],[17.362840788386187,49.259493979633795],[17.362898484229085,49.25945991287239],[17.36296846354319,49.25943771927741],[17.36304515601545,49.25942916544224],[17.36312245698666,49.25943493224511],[17.363194213363126,49.25945456065329],[17.36325471338306,49.25948648826071],[17.363299141258555,49.25952817365063],[17.363323960507994,49.25957629868602],[17.36332719546712,49.259627032626916],[17.363308588568117,49.25967633705341],[17.3632696208623,49.25972028732325],[17.363213394146534,49.259755384976486],[17.363144384070278,49.259778836218636],[17.363068083873056,49.25978877431337],[17.363052800556023,49.259789050916694]]]}"
1_LT05_190026_20100407_00000000000000000006,E20 E20 B11 B11,0.31343117439190993,https://1drv.ms/i/s!AuR4bnS0n2fes6lz0ave8fSdffwE0A?e=9lqkB0,0.46437132581560475,-0.49664647515187665,48562932,1243234800000,1340348400000,1433401200000,1146121200000,"{""type"":""Polygon"",""coordinates"":[[[17.363052800556023,49.259789050916694],[17.362975773694554,49.25978188779379],[17.362904878233962,49.25976096861563],[17.362845757496036,49.25972795856478],[17.36280311750162,49.25968548526233],[17.362780352368212,49.25963692960272],[17.362779274146295,49.25958615662836],[17.36279996859707,49.259537207868604],[17.362840788386187,49.259493979633795],[17.362898484229085,49.25945991287239],[17.36296846354319,49.25943771927741],[17.36304515601545,49.25942916544224],[17.36312245698666,49.25943493224511],[17.363194213363126,49.25945456065329],[17.36325471338306,49.25948648826071],[17.363299141258555,49.25952817365063],[17.363323960507994,49.25957629868602],[17.36332719546712,49.259627032626916],[17.363308588568117,49.25967633705341],[17.3632696208623,49.25972028732325],[17.363213394146534,49.259755384976486],[17.363144384070278,49.259778836218636],[17.363068083873056,49.25978877431337],[17.363052800556023,49.259789050916694]]]}"
1_LT05_190026_20100712_00000000000000000006,E20 E20 B11 B11,0.32765641448097027,https://1drv.ms/i/s!AuR4bnS0n2fes6lz0ave8fSdffwE0A?e=9lqkB0,0.513047083492321,-0.5202553531667712,48562932,1243234800000,1340348400000,1433401200000,1146121200000,"{""type"":""Polygon"",""coordinates"":[[[17.363052800556023,49.259789050916694],[17.362975773694554,49.25978188779379],[17.362904878233962,49.25976096861563],[17.362845757496036,49.25972795856478],[17.36280311750162,49.25968548526233],[17.362780352368212,49.25963692960272],[17.362779274146295,49.25958615662836],[17.36279996859707,49.259537207868604],[17.362840788386187,49.259493979633795],[17.362898484229085,49.25945991287239],[17.36296846354319,49.25943771927741],[17.36304515601545,49.25942916544224],[17.36312245698666,49.25943493224511],[17.363194213363126,49.25945456065329],[17.36325471338306,49.25948648826071],[17.363299141258555,49.25952817365063],[17.363323960507994,49.25957629868602],[17.36332719546712,49.259627032626916],[17.363308588568117,49.25967633705341],[17.3632696208623,49.25972028732325],[17.363213394146534,49.259755384976486],[17.363144384070278,49.259778836218636],[17.363068083873056,49.25978877431337],[17.363052800556023,49.259789050916694]]]}"
1_LT05_190026_20110309_00000000000000000006,E20 E20 B11 B11,0.0701416256135384,https://1drv.ms/i/s!AuR4bnS0n2fes6lz0ave8fSdffwE0A?e=9lqkB0,0.16338540456913725,-0.2417631245258347,48562932,1243234800000,1340348400000,1433401200000,1146121200000,"{""type"":""Polygon"",""coordinates"":[[[17.363052800556023,49.259789050916694],[17.362975773694554,49.25978188779379],[17.362904878233962,49.25976096861563],[17.362845757496036,49.25972795856478],[17.36280311750162,49.25968548526233],[17.362780352368212,49.25963692960272],[17.362779274146295,49.25958615662836],[17.36279996859707,49.259537207868604],[17.362840788386187,49.259493979633795],[17.362898484229085,49.25945991287239],[17.36296846354319,49.25943771927741],[17.36304515601545,49.25942916544224],[17.36312245698666,49.25943493224511],[17.363194213363126,49.25945456065329],[17.36325471338306,49.25948648826071],[17.363299141258555,49.25952817365063],[17.363323960507994,49.25957629868602],[17.36332719546712,49.259627032626916],[17.363308588568117,49.25967633705341],[17.3632696208623,49.25972028732325],[17.363213394146534,49.259755384976486],[17.363144384070278,49.259778836218636],[17.363068083873056,49.25978877431337],[17.363052800556023,49.259789050916694]]]}"
1_LT05_190026_20110410_00000000000000000006,E20 E20 B11 B11,0.15617454612468684,https://1drv.ms/i/s!AuR4bnS0n2fes6lz0ave8fSdffwE0A?e=9lqkB0,0.2668432161617321,-0.33346789505963637,48562932,1243234800000,1340348400000,1433401200000,1146121200000,"{""type"":""Polygon"",""coordinates"":[[[17.363052800556023,49.259789050916694],[17.362975773694554,49.25978188779379],[17.362904878233962,49.25976096861563],[17.362845757496036,49.25972795856478],[17.36280311750162,49.25968548526233],[17.362780352368212,49.25963692960272],[17.362779274146295,49.25958615662836],[17.36279996859707,49.259537207868604],[17.362840788386187,49.259493979633795],[17.362898484229085,49.25945991287239],[17.36296846354319,49.25943771927741],[17.36304515601545,49.25942916544224],[17.36312245698666,49.25943493224511],[17.363194213363126,49.25945456065329],[17.36325471338306,49.25948648826071],[17.363299141258555,49.25952817365063],[17.363323960507994,49.25957629868602],[17.36332719546712,49.259627032626916],[17.363308588568117,49.25967633705341],[17.3632696208623,49.25972028732325],[17.363213394146534,49.259755384976486],[17.363144384070278,49.259778836218636],[17.363068083873056,49.25978877431337],[17.363052800556023,49.259789050916694]]]}"
1_LT05_190026_20110629_00000000000000000006,E20 E20 B11 B11,0.4921525916224778,https://1drv.ms/i/s!AuR4bnS0n2fes6lz0ave8fSdffwE0A?e=9lqkB0,0.7273834789113448,-0.6751958315161528,48562932,1243234800000,1340348400000,1433401200000,1146121200000,"{""type"":""Polygon"",""coordinates"":[[[17.363052800556023,49.259789050916694],[17.362975773694554,49.25978188779379],[17.362904878233962,49.25976096861563],[17.362845757496036,49.25972795856478],[17.36280311750162,49.25968548526233],[17.362780352368212,49.25963692960272],[17.362779274146295,49.25958615662836],[17.36279996859707,49.259537207868604],[17.362840788386187,49.259493979633795],[17.362898484229085,49.25945991287239],[17.36296846354319,49.25943771927741],[17.36304515601545,49.25942916544224],[17.36312245698666,49.25943493224511],[17.363194213363126,49.25945456065329],[17.36325471338306,49.25948648826071],[17.363299141258555,49.25952817365063],[17.363323960507994,49.25957629868602],[17.36332719546712,49.259627032626916],[17.363308588568117,49.25967633705341],[17.3632696208623,49.25972028732325],[17.363213394146534,49.259755384976486],[17.363144384070278,49.259778836218636],[17.363068083873056,49.25978877431337],[17.363052800556023,49.259789050916694]]]}"
1_LT05_191025_20000605_00000000000000000004,E20 E20 E20 B13,0.406895726283673,https://1drv.ms/i/s!AuR4bnS0n2fes6oD0gSHeVvXvGkuZQ?e=rB7cNL,0.5875535032941014,-0.5818456783958855,46782996,1246518000000,1339311600000,1438844400000,1147676400000,"{""type"":""Polygon"",""coordinates"":[[[14.979819356026065,49.96756432472594],[14.979741202403837,49.96755716160239],[14.979669269875169,49.96753624242248],[14.979609284314213,49.96750323236933],[14.97956602058214,49.96746075906477],[14.979542922444892,49.96741220340385],[14.979541828457904,49.96736143042943],[14.979562825634616,49.96731248167086],[14.979604242541454,49.967269253438126],[14.97966278236209,49.96723518667903],[14.979733785333586,49.96721299308588],[14.979811599661389,49.96720443925149],[14.979890031389075,49.96721020605382],[14.979962837417313,49.96722983446035],[14.980024222433876,49.9672617620655],[14.98006930020567,49.96730344745324],[14.980094482518423,49.96735157248722],[14.980097764805935,49.967402306427935],[14.980078885730428,49.967451610855505],[14.980039348006134,49.96749556112736],[14.97998229880207,49.96753065878292],[14.979912279237894,49.96755411002697],[14.979834862909865,49.9675640481226],[14.979819356026065,49.96756432472594]]]}"
1_LT05_191025_20000605_00000000000000000005,E20 E20 E20 B14,0.5508202527274737,https://1drv.ms/i/s!AuR4bnS0n2fes6l-CMabXiyK5SOLZA?e=UYJd1D,0.7317606241487634,-0.6681194700349065,46943076,1247382000000,1342076400000,1438671600000,1148540400000,"{""type"":""Polygon"",""coordinates"":[[[15.281794138466477,50.67472870169088],[15.281714813377217,50.674721538566665],[15.281641802632954,50.67470061938495],[15.281580917935639,50.67466760932944],[15.281537005718116,50.67462513602269],[15.281513561364674,50.67457658036044],[15.28151245098724,50.67452580738595],[15.281533762901178,50.674476858628594],[15.281575800617446,50.674433630398],[15.28163521790204,50.67439956364129],[15.28170728514617,50.67437737005001],[15.281786265840893,50.674368816216415],[15.28186587318959,50.674374583018206],[15.281939770516198,50.67439421142304],[15.282002075643087,50.67442613902584],[15.28204782909696,50.67446782441135],[15.282073388878288,50.67451594944389],[15.282076720372164,50.67456668338439],[15.282057558321211,50.67461598781307],[15.282017427962073,50.674659938087004],[15.281959523636102,50.674695035744946],[15.281888454530783,50.674718486990955],[15.28180987778745,50.674728425087494],[15.281794138466477,50.67472870169088]]]}"
1_LT05_191025_20000909_00000000000000000004,E20 E20 E20 B13,0.1986582045558883,https://1drv.ms/i/s!AuR4bnS0n2fes6oD0gSHeVvXvGkuZQ?e=rB7cNL,0.30017671436466487,-0.38941882561505187,46782996,1246518000000,1339311600000,1438844400000,1147676400000,"{""type"":""Polygon"",""coordinates"":[[[14.979819356026065,49.96756432472594],[14.979741202403837,49.96755716160239],[14.979669269875169,49.96753624242248],[14.979609284314213,49.96750323236933],[14.97956602058214,49.96746075906477],[14.979542922444892,49.96741220340385],[14.979541828457904,49.96736143042943],[14.979562825634616,49.96731248167086],[14.979604242541454,49.967269253438126],[14.97966278236209,49.96723518667903],[14.979733785333586,49.96721299308588],[14.979811599661389,49.96720443925149],[14.979890031389075,49.96721020605382],[14.979962837417313,49.96722983446035],[14.980024222433876,49.9672617620655],[14.98006930020567,49.96730344745324],[14.980094482518423,49.96735157248722],[14.980097764805935,49.967402306427935],[14.980078885730428,49.967451610855505],[14.980039348006134,49.96749556112736],[14.97998229880207,49.96753065878292],[14.979912279237894,49.96755411002697],[14.979834862909865,49.9675640481226],[14.979819356026065,49.96756432472594]]]}"
1_LT05_191025_20000909_00000000000000000005,E20 E20 E20 B14,0.5683788973309721,https://1drv.ms/i/s!AuR4bnS0n2fes6l-CMabXiyK5SOLZA?e=UYJd1D,0.7818658222711535,-0.6801379025157552,46943076,1247382000000,1342076400000,1438671600000,1148540400000,"{""type"":""Polygon"",""coordinates"":[[[15.281794138466477,50.67472870169088],[15.281714813377217,50.674721538566665],[15.281641802632954,50.67470061938495],[15.281580917935639,50.67466760932944],[15.281537005718116,50.67462513602269],[15.281513561364674,50.67457658036044],[15.28151245098724,50.67452580738595],[15.281533762901178,50.674476858628594],[15.281575800617446,50.674433630398],[15.28163521790204,50.67439956364129],[15.28170728514617,50.67437737005001],[15.281786265840893,50.674368816216415],[15.28186587318959,50.674374583018206],[15.281939770516198,50.67439421142304],[15.282002075643087,50.67442613902584],[15.28204782909696,50.67446782441135],[15.282073388878288,50.67451594944389],[15.282076720372164,50.67456668338439],[15.282057558321211,50.67461598781307],[15.282017427962073,50.674659938087004],[15.281959523636102,50.674695035744946],[15.281888454530783,50.674718486990955],[15.28180987778745,50.674728425087494],[15.281794138466477,50.67472870169088]]]}"
1_LT05_191025_20010523_00000000000000000004,E20 E20 E20 B13,0.3723513935943955,https://1drv.ms/i/s!AuR4bnS0n2fes6oD0gSHeVvXvGkuZQ?e=rB7cNL,0.4609989376398907,-0.4741894027755994,46782996,1246518000000,1339311600000,1438844400000,1147676400000,"{""type"":""Polygon"",""coordinates"":[[[14.979819356026065,49.96756432472594],[14.979741202403837,49.96755716160239],[14.979669269875169,49.96753624242248],[14.979609284314213,49.96750323236933],[14.97956602058214,49.96746075906477],[14.979542922444892,49.96741220340385],[14.979541828457904,49.96736143042943],[14.979562825634616,49.96731248167086],[14.979604242541454,49.967269253438126],[14.97966278236209,49.96723518667903],[14.979733785333586,49.96721299308588],[14.979811599661389,49.96720443925149],[14.979890031389075,49.96721020605382],[14.979962837417313,49.96722983446035],[14.980024222433876,49.9672617620655],[14.98006930020567,49.96730344745324],[14.980094482518423,49.96735157248722],[14.980097764805935,49.967402306427935],[14.980078885730428,49.967451610855505],[14.980039348006134,49.96749556112736],[14.97998229880207,49.96753065878292],[14.979912279237894,49.96755411002697],[14.979834862909865,49.9675640481226],[14.979819356026065,49.96756432472594]]]}"
1_LT05_191025_20010523_00000000000000000005,E20 E20 E20 B14,0.566934721428245,https://1drv.ms/i/s!AuR4bnS0n2fes6l-CMabXiyK5SOLZA?e=UYJd1D,0.7683241325306892,-0.7122917835392506,46943076,1247382000000,1342076400000,1438671600000,1148540400000,"{""type"":""Polygon"",""coordinates"":[[[15.281794138466477,50.67472870169088],[15.281714813377217,50.674721538566665],[15.281641802632954,50.67470061938495],[15.281580917935639,50.67466760932944],[15.281537005718116,50.67462513602269],[15.281513561364674,50.67457658036044],[15.28151245098724,50.67452580738595],[15.281533762901178,50.674476858628594],[15.281575800617446,50.674433630398],[15.28163521790204,50.67439956364129],[15.28170728514617,50.67437737005001],[15.281786265840893,50.674368816216415],[15.28186587318959,50.674374583018206],[15.281939770516198,50.67439421142304],[15.282002075643087,50.67442613902584],[15.28204782909696,50.67446782441135],[15.282073388878288,50.67451594944389],[15.282076720372164,50.67456668338439],[15.282057558321211,50.67461598781307],[15.282017427962073,50.674659938087004],[15.281959523636102,50.674695035744946],[15.281888454530783,50.674718486990955],[15.28180987778745,50.674728425087494],[15.281794138466477,50.67472870169088]]]}"
1_LT05_191025_20030918_00000000000000000004,E20 E20 E20 B13,0.2741076216814711,https://1drv.ms/i/s!AuR4bnS0n2fes6oD0gSHeVvXvGkuZQ?e=rB7cNL,0.47678271518516535,-0.4764170103094517,46782996,1246518000000,1339311600000,1438844400000,1147676400000,"{""type"":""Polygon"",""coordinates"":[[[14.979819356026065,49.96756432472594],[14.979741202403837,49.96755716160239],[14.979669269875169,49.96753624242248],[14.979609284314213,49.96750323236933],[14.97956602058214,49.96746075906477],[14.979542922444892,49.96741220340385],[14.979541828457904,49.96736143042943],[14.979562825634616,49.96731248167086],[14.979604242541454,49.967269253438126],[14.97966278236209,49.96723518667903],[14.979733785333586,49.96721299308588],[14.979811599661389,49.96720443925149],[14.979890031389075,49.96721020605382],[14.979962837417313,49.96722983446035],[14.980024222433876,49.9672617620655],[14.98006930020567,49.96730344745324],[14.980094482518423,49.96735157248722],[14.980097764805935,49.967402306427935],[14.980078885730428,49.967451610855505],[14.980039348006134,49.96749556112736],[14.97998229880207,49.96753065878292],[14.979912279237894,49.96755411002697],[14.979834862909865,49.9675640481226],[14.979819356026065,49.96756432472594]]]}"
1_LT05_191025_20030918_00000000000000000005,E20 E20 E20 B14,0.3755421506827072,https://1drv.ms/i/s!AuR4bnS0n2fes6l-CMabXiyK5SOLZA?e=UYJd1D,0.5757021714784728,-0.5483888657682563,46943076,1247382000000,1342076400000,1438671600000,1148540400000,"{""type"":""Polygon"",""coordinates"":[[[15.281794138466477,50.67472870169088],[15.281714813377217,50.674721538566665],[15.281641802632954,50.67470061938495],[15.281580917935639,50.67466760932944],[15.281537005718116,50.67462513602269],[15.281513561364674,50.67457658036044],[15.28151245098724,50.67452580738595],[15.281533762901178,50.674476858628594],[15.281575800617446,50.674433630398],[15.28163521790204,50.67439956364129],[15.28170728514617,50.67437737005001],[15.281786265840893,50.674368816216415],[15.28186587318959,50.674374583018206],[15.281939770516198,50.67439421142304],[15.282002075643087,50.67442613902584],[15.28204782909696,50.67446782441135],[15.282073388878288,50.67451594944389],[15.282076720372164,50.67456668338439],[15.282057558321211,50.67461598781307],[15.282017427962073,50.674659938087004],[15.281959523636102,50.674695035744946],[15.281888454530783,50.674718486990955],[15.28180987778745,50.674728425087494],[15.281794138466477,50.67472870169088]]]}"
1_LT05_191025_20040904_00000000000000000004,E20 E20 E20 B13,0.422574331120234,https://1drv.ms/i/s!AuR4bnS0n2fes6oD0gSHeVvXvGkuZQ?e=rB7cNL,0.591483322538642,-0.5870451154683548,46782996,1246518000000,1339311600000,1438844400000,1147676400000,"{""type"":""Polygon"",""coordinates"":[[[14.979819356026065,49.96756432472594],[14.979741202403837,49.96755716160239],[14.979669269875169,49.96753624242248],[14.979609284314213,49.96750323236933],[14.97956602058214,49.96746075906477],[14.979542922444892,49.96741220340385],[14.979541828457904,49.96736143042943],[14.979562825634616,49.96731248167086],[14.979604242541454,49.967269253438126],[14.97966278236209,49.96723518667903],[14.979733785333586,49.96721299308588],[14.979811599661389,49.96720443925149],[14.979890031389075,49.96721020605382],[14.979962837417313,49.96722983446035],[14.980024222433876,49.9672617620655],[14.98006930020567,49.96730344745324],[14.980094482518423,49.96735157248722],[14.980097764805935,49.967402306427935],[14.980078885730428,49.967451610855505],[14.980039348006134,49.96749556112736],[14.97998229880207,49.96753065878292],[14.979912279237894,49.96755411002697],[14.979834862909865,49.9675640481226],[14.979819356026065,49.96756432472594]]]}"
1_LT05_191025_20040904_00000000000000000005,E20 E20 E20 B14,0.45545417759880896,https://1drv.ms/i/s!AuR4bnS0n2fes6l-CMabXiyK5SOLZA?e=UYJd1D,0.5873993939552021,-0.5698337566936474,46943076,1247382000000,1342076400000,1438671600000,1148540400000,"{""type"":""Polygon"",""coordinates"":[[[15.281794138466477,50.67472870169088],[15.281714813377217,50.674721538566665],[15.281641802632954,50.67470061938495],[15.281580917935639,50.67466760932944],[15.281537005718116,50.67462513602269],[15.281513561364674,50.67457658036044],[15.28151245098724,50.67452580738595],[15.281533762901178,50.674476858628594],[15.281575800617446,50.674433630398],[15.28163521790204,50.67439956364129],[15.28170728514617,50.67437737005001],[15.281786265840893,50.674368816216415],[15.28186587318959,50.674374583018206],[15.281939770516198,50.67439421142304],[15.282002075643087,50.67442613902584],[15.28204782909696,50.67446782441135],[15.282073388878288,50.67451594944389],[15.282076720372164,50.67456668338439],[15.282057558321211,50.67461598781307],[15.282017427962073,50.674659938087004],[15.281959523636102,50.674695035744946],[15.281888454530783,50.674718486990955],[15.28180987778745,50.674728425087494],[15.281794138466477,50.67472870169088]]]}"
1_LT05_191025_20050331_00000000000000000004,E20 E20 E20 B13,0.2256052270168167,https://1drv.ms/i/s!AuR4bnS0n2fes6oD0gSHeVvXvGkuZQ?e=rB7cNL,0.36324837609294475,-0.40821327831842286,46782996,1246518000000,1339311600000,1438844400000,1147676400000,"{""type"":""Polygon"",""coordinates"":[[[14.979819356026065,49.96756432472594],[14.979741202403837,49.96755716160239],[14.979669269875169,49.96753624242248],[14.979609284314213,49.96750323236933],[14.97956602058214,49.96746075906477],[14.979542922444892,49.96741220340385],[14.979541828457904,49.96736143042943],[14.979562825634616,49.96731248167086],[14.979604242541454,49.967269253438126],[14.97966278236209,49.96723518667903],[14.979733785333586,49.96721299308588],[14.979811599661389,49.96720443925149],[14.979890031389075,49.96721020605382],[14.979962837417313,49.96722983446035],[14.980024222433876,49.9672617620655],[14.98006930020567,49.96730344745324],[14.980094482518423,49.96735157248722],[14.980097764805935,49.967402306427935],[14.980078885730428,49.967451610855505],[14.980039348006134,49.96749556112736],[14.97998229880207,49.96753065878292],[14.979912279237894,49.96755411002697],[14.979834862909865,49.9675640481226],[14.979819356026065,49.96756432472594]]]}"
1_LT05_191025_20050331_00000000000000000005,E20 E20 E20 B14,0.13665487581557315,https://1drv.ms/i/s!AuR4bnS0n2fes6l-CMabXiyK5SOLZA?e=UYJd1D,0.20012183169335243,-0.28494929128670654,46943076,1247382000000,1342076400000,1438671600000,1148540400000,"{""type"":""Polygon"",""coordinates"":[[[15.281794138466477,50.67472870169088],[15.281714813377217,50.674721538566665],[15.281641802632954,50.67470061938495],[15.281580917935639,50.67466760932944],[15.281537005718116,50.67462513602269],[15.281513561364674,50.67457658036044],[15.28151245098724,50.67452580738595],[15.281533762901178,50.674476858628594],[15.281575800617446,50.674433630398],[15.28163521790204,50.67439956364129],[15.28170728514617,50.67437737005001],[15.281786265840893,50.674368816216415],[15.28186587318959,50.674374583018206],[15.281939770516198,50.67439421142304],[15.282002075643087,50.67442613902584],[15.28204782909696,50.67446782441135],[15.282073388878288,50.67451594944389],[15.282076720372164,50.67456668338439],[15.282057558321211,50.67461598781307],[15.282017427962073,50.674659938087004],[15.281959523636102,50.674695035744946],[15.281888454530783,50.674718486990955],[15.28180987778745,50.674728425087494],[15.281794138466477,50.67472870169088]]]}"
1_LT05_191025_20050416_00000000000000000004,E20 E20 E20 B13,0.43181829697831947,https://1drv.ms/i/s!AuR4bnS0n2fes6oD0gSHeVvXvGkuZQ?e=rB7cNL,0.5560275065444943,-0.5436025224495239,46782996,1246518000000,1339311600000,1438844400000,1147676400000,"{""type"":""Polygon"",""coordinates"":[[[14.979819356026065,49.96756432472594],[14.979741202403837,49.96755716160239],[14.979669269875169,49.96753624242248],[14.979609284314213,49.96750323236933],[14.97956602058214,49.96746075906477],[14.979542922444892,49.96741220340385],[14.979541828457904,49.96736143042943],[14.979562825634616,49.96731248167086],[14.979604242541454,49.967269253438126],[14.97966278236209,49.96723518667903],[14.979733785333586,49.96721299308588],[14.979811599661389,49.96720443925149],[14.979890031389075,49.96721020605382],[14.979962837417313,49.96722983446035],[14.980024222433876,49.9672617620655],[14.98006930020567,49.96730344745324],[14.980094482518423,49.96735157248722],[14.980097764805935,49.967402306427935],[14.980078885730428,49.967451610855505],[14.980039348006134,49.96749556112736],[14.97998229880207,49.96753065878292],[14.979912279237894,49.96755411002697],[14.979834862909865,49.9675640481226],[14.979819356026065,49.96756432472594]]]}"
1_LT05_191025_20050502_00000000000000000004,E20 E20 E20 B13,0.48030553985812713,https://1drv.ms/i/s!AuR4bnS0n2fes6oD0gSHeVvXvGkuZQ?e=rB7cNL,0.6201003816931356,-0.5883754492298731,46782996,1246518000000,1339311600000,1438844400000,1147676400000,"{""type"":""Polygon"",""coordinates"":[[[14.979819356026065,49.96756432472594],[14.979741202403837,49.96755716160239],[14.979669269875169,49.96753624242248],[14.979609284314213,49.96750323236933],[14.97956602058214,49.96746075906477],[14.979542922444892,49.96741220340385],[14.979541828457904,49.96736143042943],[14.979562825634616,49.96731248167086],[14.979604242541454,49.967269253438126],[14.97966278236209,49.96723518667903],[14.979733785333586,49.96721299308588],[14.979811599661389,49.96720443925149],[14.979890031389075,49.96721020605382],[14.979962837417313,49.96722983446035],[14.980024222433876,49.9672617620655],[14.98006930020567,49.96730344745324],[14.980094482518423,49.96735157248722],[14.980097764805935,49.967402306427935],[14.980078885730428,49.967451610855505],[14.980039348006134,49.96749556112736],[14.97998229880207,49.96753065878292],[14.979912279237894,49.96755411002697],[14.979834862909865,49.9675640481226],[14.979819356026065,49.96756432472594]]]}"
1_LT05_191025_20050502_00000000000000000005,E20 E20 E20 B14,0.4624706335583687,https://1drv.ms/i/s!AuR4bnS0n2fes6l-CMabXiyK5SOLZA?e=UYJd1D,0.6184203945869233,-0.5879267384699582,46943076,1247382000000,1342076400000,1438671600000,1148540400000,"{""type"":""Polygon"",""coordinates"":[[[15.281794138466477,50.67472870169088],[15.281714813377217,50.674721538566665],[15.281641802632954,50.67470061938495],[15.281580917935639,50.67466760932944],[15.281537005718116,50.67462513602269],[15.281513561364674,50.67457658036044],[15.28151245098724,50.67452580738595],[15.281533762901178,50.674476858628594],[15.281575800617446,50.674433630398],[15.28163521790204,50.67439956364129],[15.28170728514617,50.67437737005001],[15.281786265840893,50.674368816216415],[15.28186587318959,50.674374583018206],[15.281939770516198,50.67439421142304],[15.282002075643087,50.67442613902584],[15.28204782909696,50.67446782441135],[15.282073388878288,50.67451594944389],[15.282076720372164,50.67456668338439],[15.282057558321211,50.67461598781307],[15.282017427962073,50.674659938087004],[15.281959523636102,50.674695035744946],[15.281888454530783,50.674718486990955],[15.28180987778745,50.674728425087494],[15.281794138466477,50.67472870169088]]]}"
1_LT05_191025_20050907_00000000000000000004,E20 E20 E20 B13,0.47716444331664415,https://1drv.ms/i/s!AuR4bnS0n2fes6oD0gSHeVvXvGkuZQ?e=rB7cNL,0.6539070860019971,-0.6389365931579069,46782996,1246518000000,1339311600000,1438844400000,1147676400000,"{""type"":""Polygon"",""coordinates"":[[[14.979819356026065,49.96756432472594],[14.979741202403837,49.96755716160239],[14.979669269875169,49.96753624242248],[14.979609284314213,49.96750323236933],[14.97956602058214,49.96746075906477],[14.979542922444892,49.96741220340385],[14.979541828457904,49.96736143042943],[14.979562825634616,49.96731248167086],[14.979604242541454,49.967269253438126],[14.97966278236209,49.96723518667903],[14.979733785333586,49.96721299308588],[14.979811599661389,49.96720443925149],[14.979890031389075,49.96721020605382],[14.979962837417313,49.96722983446035],[14.980024222433876,49.9672617620655],[14.98006930020567,49.96730344745324],[14.980094482518423,49.96735157248722],[14.980097764805935,49.967402306427935],[14.980078885730428,49.967451610855505],[14.980039348006134,49.96749556112736],[14.97998229880207,49.96753065878292],[14.979912279237894,49.96755411002697],[14.979834862909865,49.9675640481226],[14.979819356026065,49.96756432472594]]]}"
1_LT05_191025_20050907_00000000000000000005,E20 E20 E20 B14,0.5120954072219643,https://1drv.ms/i/s!AuR4bnS0n2fes6l-CMabXiyK5SOLZA?e=UYJd1D,0.6805458037245844,-0.6429597091421199,46943076,1247382000000,1342076400000,1438671600000,1148540400000,"{""type"":""Polygon"",""coordinates"":[[[15.281794138466477,50.67472870169088],[15.281714813377217,50.674721538566665],[15.281641802632954,50.67470061938495],[15.281580917935639,50.67466760932944],[15.281537005718116,50.67462513602269],[15.281513561364674,50.67457658036044],[15.28151245098724,50.67452580738595],[15.281533762901178,50.674476858628594],[15.281575800617446,50.674433630398],[15.28163521790204,50.67439956364129],[15.28170728514617,50.67437737005001],[15.281786265840893,50.674368816216415],[15.28186587318959,50.674374583018206],[15.281939770516198,50.67439421142304],[15.282002075643087,50.67442613902584],[15.28204782909696,50.67446782441135],[15.282073388878288,50.67451594944389],[15.282076720372164,50.67456668338439],[15.282057558321211,50.67461598781307],[15.282017427962073,50.674659938087004],[15.281959523636102,50.674695035744946],[15.281888454530783,50.674718486990955],[15.28180987778745,50.674728425087494],[15.281794138466477,50.67472870169088]]]}"
1_LT05_191025_20050923_00000000000000000004,E20 E20 E20 B13,0.44282206068327984,https://1drv.ms/i/s!AuR4bnS0n2fes6oD0gSHeVvXvGkuZQ?e=rB7cNL,0.6244895641540776,-0.5912493022278644,46782996,1246518000000,1339311600000,1438844400000,1147676400000,"{""type"":""Polygon"",""coordinates"":[[[14.979819356026065,49.96756432472594],[14.979741202403837,49.96755716160239],[14.979669269875169,49.96753624242248],[14.979609284314213,49.96750323236933],[14.97956602058214,49.96746075906477],[14.979542922444892,49.96741220340385],[14.979541828457904,49.96736143042943],[14.979562825634616,49.96731248167086],[14.979604242541454,49.967269253438126],[14.97966278236209,49.96723518667903],[14.979733785333586,49.96721299308588],[14.979811599661389,49.96720443925149],[14.979890031389075,49.96721020605382],[14.979962837417313,49.96722983446035],[14.980024222433876,49.9672617620655],[14.98006930020567,49.96730344745324],[14.980094482518423,49.96735157248722],[14.980097764805935,49.967402306427935],[14.980078885730428,49.967451610855505],[14.980039348006134,49.96749556112736],[14.97998229880207,49.96753065878292],[14.979912279237894,49.96755411002697],[14.979834862909865,49.9675640481226],[14.979819356026065,49.96756432472594]]]}"
1_LT05_191025_20050923_00000000000000000005,E20 E20 E20 B14,0.608044619143049,https://1drv.ms/i/s!AuR4bnS0n2fes6l-CMabXiyK5SOLZA?e=UYJd1D,0.7840581729735594,-0.7005872768490843,46943076,1247382000000,1342076400000,1438671600000,1148540400000,"{""type"":""Polygon"",""coordinates"":[[[15.281794138466477,50.67472870169088],[15.281714813377217,50.674721538566665],[15.281641802632954,50.67470061938495],[15.281580917935639,50.67466760932944],[15.281537005718116,50.67462513602269],[15.281513561364674,50.67457658036044],[15.28151245098724,50.67452580738595],[15.281533762901178,50.674476858628594],[15.281575800617446,50.674433630398],[15.28163521790204,50.67439956364129],[15.28170728514617,50.67437737005001],[15.281786265840893,50.674368816216415],[15.28186587318959,50.674374583018206],[15.281939770516198,50.67439421142304],[15.282002075643087,50.67442613902584],[15.28204782909696,50.67446782441135],[15.282073388878288,50.67451594944389],[15.282076720372164,50.67456668338439],[15.282057558321211,50.67461598781307],[15.282017427962073,50.674659938087004],[15.281959523636102,50.674695035744946],[15.281888454530783,50.674718486990955],[15.28180987778745,50.674728425087494],[15.281794138466477,50.67472870169088]]]}"
1_LT05_191025_20051009_00000000000000000004,E20 E20 E20 B13,0.38831012178592184,https://1drv.ms/i/s!AuR4bnS0n2fes6oD0gSHeVvXvGkuZQ?e=rB7cNL,0.5675267422004402,-0.5560191605938563,46782996,1246518000000,1339311600000,1438844400000,1147676400000,"{""type"":""Polygon"",""coordinates"":[[[14.979819356026065,49.96756432472594],[14.979741202403837,49.96755716160239],[14.979669269875169,49.96753624242248],[14.979609284314213,49.96750323236933],[14.97956602058214,49.96746075906477],[14.979542922444892,49.96741220340385],[14.979541828457904,49.96736143042943],[14.979562825634616,49.96731248167086],[14.979604242541454,49.967269253438126],[14.97966278236209,49.96723518667903],[14.979733785333586,49.96721299308588],[14.979811599661389,49.96720443925149],[14.979890031389075,49.96721020605382],[14.979962837417313,49.96722983446035],[14.980024222433876,49.9672617620655],[14.98006930020567,49.96730344745324],[14.980094482518423,49.96735157248722],[14.980097764805935,49.967402306427935],[14.980078885730428,49.967451610855505],[14.980039348006134,49.96749556112736],[14.97998229880207,49.96753065878292],[14.979912279237894,49.96755411002697],[14.979834862909865,49.9675640481226],[14.979819356026065,49.96756432472594]]]}"
1_LT05_191025_20051009_00000000000000000005,E20 E20 E20 B14,0.6246277802242194,https://1drv.ms/i/s!AuR4bnS0n2fes6l-CMabXiyK5SOLZA?e=UYJd1D,0.7698097892352236,-0.6943882249948431,46943076,1247382000000,1342076400000,1438671600000,1148540400000,"{""type"":""Polygon"",""coordinates"":[[[15.281794138466477,50.67472870169088],[15.281714813377217,50.674721538566665],[15.281641802632954,50.67470061938495],[15.281580917935639,50.67466760932944],[15.281537005718116,50.67462513602269],[15.281513561364674,50.67457658036044],[15.28151245098724,50.67452580738595],[15.281533762901178,50.674476858628594],[15.281575800617446,50.674433630398],[15.28163521790204,50.67439956364129],[15.28170728514617,50.67437737005001],[15.281786265840893,50.674368816216415],[15.28186587318959,50.674374583018206],[15.281939770516198,50.67439421142304],[15.282002075643087,50.67442613902584],[15.28204782909696,50.67446782441135],[15.282073388878288,50.67451594944389],[15.282076720372164,50.67456668338439],[15.282057558321211,50.67461598781307],[15.282017427962073,50.674659938087004],[15.281959523636102,50.674695035744946],[15.281888454530783,50.674718486990955],[15.28180987778745,50.674728425087494],[15.281794138466477,50.67472870169088]]]}"
1_LT05_191025_20060505_00000000000000000004,E20 E20 E20 B13,0.44514235788697637,https://1drv.ms/i/s!AuR4bnS0n2fes6oD0gSHeVvXvGkuZQ?e=rB7cNL,0.5722457145933562,-0.5506579324017827,46782996,1246518000000,1339311600000,1438844400000,1147676400000,"{""type"":""Polygon"",""coordinates"":[[[14.979819356026065,49.96756432472594],[14.979741202403837,49.96755716160239],[14.979669269875169,49.96753624242248],[14.979609284314213,49.96750323236933],[14.97956602058214,49.96746075906477],[14.979542922444892,49.96741220340385],[14.979541828457904,49.96736143042943],[14.979562825634616,49.96731248167086],[14.979604242541454,49.967269253438126],[14.97966278236209,49.96723518667903],[14.979733785333586,49.96721299308588],[14.979811599661389,49.96720443925149],[14.979890031389075,49.96721020605382],[14.979962837417313,49.96722983446035],[14.980024222433876,49.9672617620655],[14.98006930020567,49.96730344745324],[14.980094482518423,49.96735157248722],[14.980097764805935,49.967402306427935],[14.980078885730428,49.967451610855505],[14.980039348006134,49.96749556112736],[14.97998229880207,49.96753065878292],[14.979912279237894,49.96755411002697],[14.979834862909865,49.9675640481226],[14.979819356026065,49.96756432472594]]]}"
1_LT05_191025_20060505_00000000000000000005,E20 E20 E20 B14,0.5774882418423184,https://1drv.ms/i/s!AuR4bnS0n2fes6l-CMabXiyK5SOLZA?e=UYJd1D,0.7132472477853036,-0.6596416242111447,46943076,1247382000000,1342076400000,1438671600000,1148540400000,"{""type"":""Polygon"",""coordinates"":[[[15.281794138466477,50.67472870169088],[15.281714813377217,50.674721538566665],[15.281641802632954,50.67470061938495],[15.281580917935639,50.67466760932944],[15.281537005718116,50.67462513602269],[15.281513561364674,50.67457658036044],[15.28151245098724,50.67452580738595],[15.281533762901178,50.674476858628594],[15.281575800617446,50.674433630398],[15.28163521790204,50.67439956364129],[15.28170728514617,50.67437737005001],[15.281786265840893,50.674368816216415],[15.28186587318959,50.674374583018206],[15.281939770516198,50.67439421142304],[15.282002075643087,50.67442613902584],[15.28204782909696,50.67446782441135],[15.282073388878288,50.67451594944389],[15.282076720372164,50.67456668338439],[15.282057558321211,50.67461598781307],[15.282017427962073,50.674659938087004],[15.281959523636102,50.674695035744946],[15.281888454530783,50.674718486990955],[15.28180987778745,50.674728425087494],[15.281794138466477,50.67472870169088]]]}"
1_LT05_191025_20060910_00000000000000000004,E20 E20 E20 B13,0.5138771665130015,https://1drv.ms/i/s!AuR4bnS0n2fes6oD0gSHeVvXvGkuZQ?e=rB7cNL,0.6925357171737774,-0.6545114404627632,46782996,1246518000000,1339311600000,1438844400000,1147676400000,"{""type"":""Polygon"",""coordinates"":[[[14.979819356026065,49.96756432472594],[14.979741202403837,49.96755716160239],[14.979669269875169,49.96753624242248],[14.979609284314213,49.96750323236933],[14.97956602058214,49.96746075906477],[14.979542922444892,49.96741220340385],[14.979541828457904,49.96736143042943],[14.979562825634616,49.96731248167086],[14.979604242541454,49.967269253438126],[14.97966278236209,49.96723518667903],[14.979733785333586,49.96721299308588],[14.979811599661389,49.96720443925149],[14.979890031389075,49.96721020605382],[14.979962837417313,49.96722983446035],[14.980024222433876,49.9672617620655],[14.98006930020567,49.96730344745324],[14.980094482518423,49.96735157248722],[14.980097764805935,49.967402306427935],[14.980078885730428,49.967451610855505],[14.980039348006134,49.96749556112736],[14.97998229880207,49.96753065878292],[14.979912279237894,49.96755411002697],[14.979834862909865,49.9675640481226],[14.979819356026065,49.96756432472594]]]}"
1_LT05_191025_20060910_00000000000000000005,E20 E20 E20 B14,0.5559897303566934,https://1drv.ms/i/s!AuR4bnS0n2fes6l-CMabXiyK5SOLZA?e=UYJd1D,0.7898973706752943,-0.7208438814128171,46943076,1247382000000,1342076400000,1438671600000,1148540400000,"{""type"":""Polygon"",""coordinates"":[[[15.281794138466477,50.67472870169088],[15.281714813377217,50.674721538566665],[15.281641802632954,50.67470061938495],[15.281580917935639,50.67466760932944],[15.281537005718116,50.67462513602269],[15.281513561364674,50.67457658036044],[15.28151245098724,50.67452580738595],[15.281533762901178,50.674476858628594],[15.281575800617446,50.674433630398],[15.28163521790204,50.67439956364129],[15.28170728514617,50.67437737005001],[15.281786265840893,50.674368816216415],[15.28186587318959,50.674374583018206],[15.281939770516198,50.67439421142304],[15.282002075643087,50.67442613902584],[15.28204782909696,50.67446782441135],[15.282073388878288,50.67451594944389],[15.282076720372164,50.67456668338439],[15.282057558321211,50.67461598781307],[15.282017427962073,50.674659938087004],[15.281959523636102,50.674695035744946],[15.281888454530783,50.674718486990955],[15.28180987778745,50.674728425087494],[15.281794138466477,50.67472870169088]]]}"
1_LT05_191025_20060926_00000000000000000004,E20 E20 E20 B13,0.5757219238701015,https://1drv.ms/i/s!AuR4bnS0n2fes6oD0gSHeVvXvGkuZQ?e=rB7cNL,0.6981545274227305,-0.6529732585866622,46782996,1246518000000,1339311600000,1438844400000,1147676400000,"{""type"":""Polygon"",""coordinates"":[[[14.979819356026065,49.96756432472594],[14.979741202403837,49.96755716160239],[14.979669269875169,49.96753624242248],[14.979609284314213,49.96750323236933],[14.97956602058214,49.96746075906477],[14.979542922444892,49.96741220340385],[14.979541828457904,49.96736143042943],[14.979562825634616,49.96731248167086],[14.979604242541454,49.967269253438126],[14.97966278236209,49.96723518667903],[14.979733785333586,49.96721299308588],[14.979811599661389,49.96720443925149],[14.979890031389075,49.96721020605382],[14.979962837417313,49.96722983446035],[14.980024222433876,49.9672617620655],[14.98006930020567,49.96730344745324],[14.980094482518423,49.96735157248722],[14.980097764805935,49.967402306427935],[14.980078885730428,49.967451610855505],[14.980039348006134,49.96749556112736],[14.97998229880207,49.96753065878292],[14.979912279237894,49.96755411002697],[14.979834862909865,49.9675640481226],[14.979819356026065,49.96756432472594]]]}"
1_LT05_191025_20060926_00000000000000000005,E20 E20 E20 B14,0.5419501064164789,https://1drv.ms/i/s!AuR4bnS0n2fes6l-CMabXiyK5SOLZA?e=UYJd1D,0.715569671331965,-0.668586440905756,46943076,1247382000000,1342076400000,1438671600000,1148540400000,"{""type"":""Polygon"",""coordinates"":[[[15.281794138466477,50.67472870169088],[15.281714813377217,50.674721538566665],[15.281641802632954,50.67470061938495],[15.281580917935639,50.67466760932944],[15.281537005718116,50.67462513602269],[15.281513561364674,50.67457658036044],[15.28151245098724,50.67452580738595],[15.281533762901178,50.674476858628594],[15.281575800617446,50.674433630398],[15.28163521790204,50.67439956364129],[15.28170728514617,50.67437737005001],[15.281786265840893,50.674368816216415],[15.28186587318959,50.674374583018206],[15.281939770516198,50.67439421142304],[15.282002075643087,50.67442613902584],[15.28204782909696,50.67446782441135],[15.282073388878288,50.67451594944389],[15.282076720372164,50.67456668338439],[15.282057558321211,50.67461598781307],[15.282017427962073,50.674659938087004],[15.281959523636102,50.674695035744946],[15.281888454530783,50.674718486990955],[15.28180987778745,50.674728425087494],[15.281794138466477,50.67472870169088]]]}"
1_LT05_191025_20070217_00000000000000000004,E20 E20 E20 B13,0.31591470770283886,https://1drv.ms/i/s!AuR4bnS0n2fes6oD0gSHeVvXvGkuZQ?e=rB7cNL,0.45530551115183066,-0.4977639077551893,46782996,1246518000000,1339311600000,1438844400000,1147676400000,"{""type"":""Polygon"",""coordinates"":[[[14.979819356026065,49.96756432472594],[14.979741202403837,49.96755716160239],[14.979669269875169,49.96753624242248],[14.979609284314213,49.96750323236933],[14.97956602058214,49.96746075906477],[14.979542922444892,49.96741220340385],[14.979541828457904,49.96736143042943],[14.979562825634616,49.96731248167086],[14.979604242541454,49.967269253438126],[14.97966278236209,49.96723518667903],[14.979733785333586,49.96721299308588],[14.979811599661389,49.96720443925149],[14.979890031389075,49.96721020605382],[14.979962837417313,49.96722983446035],[14.980024222433876,49.9672617620655],[14.98006930020567,49.96730344745324],[14.980094482518423,49.96735157248722],[14.980097764805935,49.967402306427935],[14.980078885730428,49.967451610855505],[14.980039348006134,49.96749556112736],[14.97998229880207,49.96753065878292],[14.979912279237894,49.96755411002697],[14.979834862909865,49.9675640481226],[14.979819356026065,49.96756432472594]]]}"
1_LT05_191025_20070217_00000000000000000005,E20 E20 E20 B14,0.2169664672752783,https://1drv.ms/i/s!AuR4bnS0n2fes6l-CMabXiyK5SOLZA?e=UYJd1D,0.33746295103193663,-0.4339517092599965,46943076,1247382000000,1342076400000,1438671600000,1148540400000,"{""type"":""Polygon"",""coordinates"":[[[15.281794138466477,50.67472870169088],[15.281714813377217,50.674721538566665],[15.281641802632954,50.67470061938495],[15.281580917935639,50.67466760932944],[15.281537005718116,50.67462513602269],[15.281513561364674,50.67457658036044],[15.28151245098724,50.67452580738595],[15.281533762901178,50.674476858628594],[15.281575800617446,50.674433630398],[15.28163521790204,50.67439956364129],[15.28170728514617,50.67437737005001],[15.281786265840893,50.674368816216415],[15.28186587318959,50.674374583018206],[15.281939770516198,50.67439421142304],[15.282002075643087,50.67442613902584],[15.28204782909696,50.67446782441135],[15.282073388878288,50.67451594944389],[15.282076720372164,50.67456668338439],[15.282057558321211,50.67461598781307],[15.282017427962073,50.674659938087004],[15.281959523636102,50.674695035744946],[15.281888454530783,50.674718486990955],[15.28180987778745,50.674728425087494],[15.281794138466477,50.67472870169088]]]}"
1_LT05_191025_20090427_00000000000000000004,E20 E20 E20 B13,0.38486906335579324,https://1drv.ms/i/s!AuR4bnS0n2fes6oD0gSHeVvXvGkuZQ?e=rB7cNL,0.5429672543723691,-0.5492313624103174,46782996,1246518000000,1339311600000,1438844400000,1147676400000,"{""type"":""Polygon"",""coordinates"":[[[14.979819356026065,49.96756432472594],[14.979741202403837,49.96755716160239],[14.979669269875169,49.96753624242248],[14.979609284314213,49.96750323236933],[14.97956602058214,49.96746075906477],[14.979542922444892,49.96741220340385],[14.979541828457904,49.96736143042943],[14.979562825634616,49.96731248167086],[14.979604242541454,49.967269253438126],[14.97966278236209,49.96723518667903],[14.979733785333586,49.96721299308588],[14.979811599661389,49.96720443925149],[14.979890031389075,49.96721020605382],[14.979962837417313,49.96722983446035],[14.980024222433876,49.9672617620655],[14.98006930020567,49.96730344745324],[14.980094482518423,49.96735157248722],[14.980097764805935,49.967402306427935],[14.980078885730428,49.967451610855505],[14.980039348006134,49.96749556112736],[14.97998229880207,49.96753065878292],[14.979912279237894,49.96755411002697],[14.979834862909865,49.9675640481226],[14.979819356026065,49.96756432472594]]]}"
1_LT05_191025_20090427_00000000000000000005,E20 E20 E20 B14,0.5233648834366497,https://1drv.ms/i/s!AuR4bnS0n2fes6l-CMabXiyK5SOLZA?e=UYJd1D,0.6827671393651484,-0.6357741770179703,46943076,1247382000000,1342076400000,1438671600000,1148540400000,"{""type"":""Polygon"",""coordinates"":[[[15.281794138466477,50.67472870169088],[15.281714813377217,50.674721538566665],[15.281641802632954,50.67470061938495],[15.281580917935639,50.67466760932944],[15.281537005718116,50.67462513602269],[15.281513561364674,50.67457658036044],[15.28151245098724,50.67452580738595],[15.281533762901178,50.674476858628594],[15.281575800617446,50.674433630398],[15.28163521790204,50.67439956364129],[15.28170728514617,50.67437737005001],[15.281786265840893,50.674368816216415],[15.28186587318959,50.674374583018206],[15.281939770516198,50.67439421142304],[15.282002075643087,50.67442613902584],[15.28204782909696,50.67446782441135],[15.282073388878288,50.67451594944389],[15.282076720372164,50.67456668338439],[15.282057558321211,50.67461598781307],[15.282017427962073,50.674659938087004],[15.281959523636102,50.674695035744946],[15.281888454530783,50.674718486990955],[15.28180987778745,50.674728425087494],[15.281794138466477,50.67472870169088]]]}"
1_LT05_191025_20090614_00000000000000000004,E20 E20 E20 B13,0.5105214664905358,https://1drv.ms/i/s!AuR4bnS0n2fes6oD0gSHeVvXvGkuZQ?e=rB7cNL,0.7358451589517666,-0.6876582065667699,46782996,1246518000000,1339311600000,1438844400000,1147676400000,"{""type"":""Polygon"",""coordinates"":[[[14.979819356026065,49.96756432472594],[14.979741202403837,49.96755716160239],[14.979669269875169,49.96753624242248],[14.979609284314213,49.96750323236933],[14.97956602058214,49.96746075906477],[14.979542922444892,49.96741220340385],[14.979541828457904,49.96736143042943],[14.979562825634616,49.96731248167086],[14.979604242541454,49.967269253438126],[14.97966278236209,49.96723518667903],[14.979733785333586,49.96721299308588],[14.979811599661389,49.96720443925149],[14.979890031389075,49.96721020605382],[14.979962837417313,49.96722983446035],[14.980024222433876,49.9672617620655],[14.98006930020567,49.96730344745324],[14.980094482518423,49.96735157248722],[14.980097764805935,49.967402306427935],[14.980078885730428,49.967451610855505],[14.980039348006134,49.96749556112736],[14.97998229880207,49.96753065878292],[14.979912279237894,49.96755411002697],[14.979834862909865,49.9675640481226],[14.979819356026065,49.96756432472594]]]}"
1_LT05_191025_20090614_00000000000000000005,E20 E20 E20 B14,0.45950961446430316,https://1drv.ms/i/s!AuR4bnS0n2fes6l-CMabXiyK5SOLZA?e=UYJd1D,0.6842313248688899,-0.6340882012799238,46943076,1247382000000,1342076400000,1438671600000,1148540400000,"{""type"":""Polygon"",""coordinates"":[[[15.281794138466477,50.67472870169088],[15.281714813377217,50.674721538566665],[15.281641802632954,50.67470061938495],[15.281580917935639,50.67466760932944],[15.281537005718116,50.67462513602269],[15.281513561364674,50.67457658036044],[15.28151245098724,50.67452580738595],[15.281533762901178,50.674476858628594],[15.281575800617446,50.674433630398],[15.28163521790204,50.67439956364129],[15.28170728514617,50.67437737005001],[15.281786265840893,50.674368816216415],[15.28186587318959,50.674374583018206],[15.281939770516198,50.67439421142304],[15.282002075643087,50.67442613902584],[15.28204782909696,50.67446782441135],[15.282073388878288,50.67451594944389],[15.282076720372164,50.67456668338439],[15.282057558321211,50.67461598781307],[15.282017427962073,50.674659938087004],[15.281959523636102,50.674695035744946],[15.281888454530783,50.674718486990955],[15.28180987778745,50.674728425087494],[15.281794138466477,50.67472870169088]]]}"
1_LT05_191025_20090801_00000000000000000004,E20 E20 E20 B13,0.4319955936893525,https://1drv.ms/i/s!AuR4bnS0n2fes6oD0gSHeVvXvGkuZQ?e=rB7cNL,0.6140381831659492,-0.6087659454183268,46782996,1246518000000,1339311600000,1438844400000,1147676400000,"{""type"":""Polygon"",""coordinates"":[[[14.979819356026065,49.96756432472594],[14.979741202403837,49.96755716160239],[14.979669269875169,49.96753624242248],[14.979609284314213,49.96750323236933],[14.97956602058214,49.96746075906477],[14.979542922444892,49.96741220340385],[14.979541828457904,49.96736143042943],[14.979562825634616,49.96731248167086],[14.979604242541454,49.967269253438126],[14.97966278236209,49.96723518667903],[14.979733785333586,49.96721299308588],[14.979811599661389,49.96720443925149],[14.979890031389075,49.96721020605382],[14.979962837417313,49.96722983446035],[14.980024222433876,49.9672617620655],[14.98006930020567,49.96730344745324],[14.980094482518423,49.96735157248722],[14.980097764805935,49.967402306427935],[14.980078885730428,49.967451610855505],[14.980039348006134,49.96749556112736],[14.97998229880207,49.96753065878292],[14.979912279237894,49.96755411002697],[14.979834862909865,49.9675640481226],[14.979819356026065,49.96756432472594]]]}"
1_LT05_191025_20090801_00000000000000000005,E20 E20 E20 B14,0.6526198652990947,https://1drv.ms/i/s!AuR4bnS0n2fes6l-CMabXiyK5SOLZA?e=UYJd1D,0.8312997942617234,-0.7495166222685146,46943076,1247382000000,1342076400000,1438671600000,1148540400000,"{""type"":""Polygon"",""coordinates"":[[[15.281794138466477,50.67472870169088],[15.281714813377217,50.674721538566665],[15.281641802632954,50.67470061938495],[15.281580917935639,50.67466760932944],[15.281537005718116,50.67462513602269],[15.281513561364674,50.67457658036044],[15.28151245098724,50.67452580738595],[15.281533762901178,50.674476858628594],[15.281575800617446,50.674433630398],[15.28163521790204,50.67439956364129],[15.28170728514617,50.67437737005001],[15.281786265840893,50.674368816216415],[15.28186587318959,50.674374583018206],[15.281939770516198,50.67439421142304],[15.282002075643087,50.67442613902584],[15.28204782909696,50.67446782441135],[15.282073388878288,50.67451594944389],[15.282076720372164,50.67456668338439],[15.282057558321211,50.67461598781307],[15.282017427962073,50.674659938087004],[15.281959523636102,50.674695035744946],[15.281888454530783,50.674718486990955],[15.28180987778745,50.674728425087494],[15.281794138466477,50.67472870169088]]]}"
1_LT05_191025_20100617_00000000000000000004,E20 E20 E20 B13,0.7116746828197296,https://1drv.ms/i/s!AuR4bnS0n2fes6oD0gSHeVvXvGkuZQ?e=rB7cNL,0.8153062503447995,-0.7328300238367598,46782996,1246518000000,1339311600000,1438844400000,1147676400000,"{""type"":""Polygon"",""coordinates"":[[[14.979819356026065,49.96756432472594],[14.979741202403837,49.96755716160239],[14.979669269875169,49.96753624242248],[14.979609284314213,49.96750323236933],[14.97956602058214,49.96746075906477],[14.979542922444892,49.96741220340385],[14.979541828457904,49.96736143042943],[14.979562825634616,49.96731248167086],[14.979604242541454,49.967269253438126],[14.97966278236209,49.96723518667903],[14.979733785333586,49.96721299308588],[14.979811599661389,49.96720443925149],[14.979890031389075,49.96721020605382],[14.979962837417313,49.96722983446035],[14.980024222433876,49.9672617620655],[14.98006930020567,49.96730344745324],[14.980094482518423,49.96735157248722],[14.980097764805935,49.967402306427935],[14.980078885730428,49.967451610855505],[14.980039348006134,49.96749556112736],[14.97998229880207,49.96753065878292],[14.979912279237894,49.96755411002697],[14.979834862909865,49.9675640481226],[14.979819356026065,49.96756432472594]]]}"
1_LT05_191025_20100617_00000000000000000005,E20 E20 E20 B14,0.42552779837205773,https://1drv.ms/i/s!AuR4bnS0n2fes6l-CMabXiyK5SOLZA?e=UYJd1D,0.6060259773153843,-0.5890013537132729,46943076,1247382000000,1342076400000,1438671600000,1148540400000,"{""type"":""Polygon"",""coordinates"":[[[15.281794138466477,50.67472870169088],[15.281714813377217,50.674721538566665],[15.281641802632954,50.67470061938495],[15.281580917935639,50.67466760932944],[15.281537005718116,50.67462513602269],[15.281513561364674,50.67457658036044],[15.28151245098724,50.67452580738595],[15.281533762901178,50.674476858628594],[15.281575800617446,50.674433630398],[15.28163521790204,50.67439956364129],[15.28170728514617,50.67437737005001],[15.281786265840893,50.674368816216415],[15.28186587318959,50.674374583018206],[15.281939770516198,50.67439421142304],[15.282002075643087,50.67442613902584],[15.28204782909696,50.67446782441135],[15.282073388878288,50.67451594944389],[15.282076720372164,50.67456668338439],[15.282057558321211,50.67461598781307],[15.282017427962073,50.674659938087004],[15.281959523636102,50.674695035744946],[15.281888454530783,50.674718486990955],[15.28180987778745,50.674728425087494],[15.281794138466477,50.67472870169088]]]}"
1_LT05_191025_20100703_00000000000000000004,E20 E20 E20 B13,0.5739046986623642,https://1drv.ms/i/s!AuR4bnS0n2fes6oD0gSHeVvXvGkuZQ?e=rB7cNL,0.7321050326735582,-0.6965854853956809,46782996,1246518000000,1339311600000,1438844400000,1147676400000,"{""type"":""Polygon"",""coordinates"":[[[14.979819356026065,49.96756432472594],[14.979741202403837,49.96755716160239],[14.979669269875169,49.96753624242248],[14.979609284314213,49.96750323236933],[14.97956602058214,49.96746075906477],[14.979542922444892,49.96741220340385],[14.979541828457904,49.96736143042943],[14.979562825634616,49.96731248167086],[14.979604242541454,49.967269253438126],[14.97966278236209,49.96723518667903],[14.979733785333586,49.96721299308588],[14.979811599661389,49.96720443925149],[14.979890031389075,49.96721020605382],[14.979962837417313,49.96722983446035],[14.980024222433876,49.9672617620655],[14.98006930020567,49.96730344745324],[14.980094482518423,49.96735157248722],[14.980097764805935,49.967402306427935],[14.980078885730428,49.967451610855505],[14.980039348006134,49.96749556112736],[14.97998229880207,49.96753065878292],[14.979912279237894,49.96755411002697],[14.979834862909865,49.9675640481226],[14.979819356026065,49.96756432472594]]]}"
1_LT05_191025_20100703_00000000000000000005,E20 E20 E20 B14,0.5581638025814232,https://1drv.ms/i/s!AuR4bnS0n2fes6l-CMabXiyK5SOLZA?e=UYJd1D,0.7536379544746572,-0.6842594410902183,46943076,1247382000000,1342076400000,1438671600000,1148540400000,"{""type"":""Polygon"",""coordinates"":[[[15.281794138466477,50.67472870169088],[15.281714813377217,50.674721538566665],[15.281641802632954,50.67470061938495],[15.281580917935639,50.67466760932944],[15.281537005718116,50.67462513602269],[15.281513561364674,50.67457658036044],[15.28151245098724,50.67452580738595],[15.281533762901178,50.674476858628594],[15.281575800617446,50.674433630398],[15.28163521790204,50.67439956364129],[15.28170728514617,50.67437737005001],[15.281786265840893,50.674368816216415],[15.28186587318959,50.674374583018206],[15.281939770516198,50.67439421142304],[15.282002075643087,50.67442613902584],[15.28204782909696,50.67446782441135],[15.282073388878288,50.67451594944389],[15.282076720372164,50.67456668338439],[15.282057558321211,50.67461598781307],[15.282017427962073,50.674659938087004],[15.281959523636102,50.674695035744946],[15.281888454530783,50.674718486990955],[15.28180987778745,50.674728425087494],[15.281794138466477,50.67472870169088]]]}"
1_LT05_191025_20100820_00000000000000000004,E20 E20 E20 B13,0.4498330840727503,https://1drv.ms/i/s!AuR4bnS0n2fes6oD0gSHeVvXvGkuZQ?e=rB7cNL,0.6238009968049956,-0.6089512328076477,46782996,1246518000000,1339311600000,1438844400000,1147676400000,"{""type"":""Polygon"",""coordinates"":[[[14.979819356026065,49.96756432472594],[14.979741202403837,49.96755716160239],[14.979669269875169,49.96753624242248],[14.979609284314213,49.96750323236933],[14.97956602058214,49.96746075906477],[14.979542922444892,49.96741220340385],[14.979541828457904,49.96736143042943],[14.979562825634616,49.96731248167086],[14.979604242541454,49.967269253438126],[14.97966278236209,49.96723518667903],[14.979733785333586,49.96721299308588],[14.979811599661389,49.96720443925149],[14.979890031389075,49.96721020605382],[14.979962837417313,49.96722983446035],[14.980024222433876,49.9672617620655],[14.98006930020567,49.96730344745324],[14.980094482518423,49.96735157248722],[14.980097764805935,49.967402306427935],[14.980078885730428,49.967451610855505],[14.980039348006134,49.96749556112736],[14.97998229880207,49.96753065878292],[14.979912279237894,49.96755411002697],[14.979834862909865,49.9675640481226],[14.979819356026065,49.96756432472594]]]}"
1_LT05_191025_20100921_00000000000000000004,E20 E20 E20 B13,0.4810041644126045,https://1drv.ms/i/s!AuR4bnS0n2fes6oD0gSHeVvXvGkuZQ?e=rB7cNL,0.6678850042407576,-0.6454384771275252,46782996,1246518000000,1339311600000,1438844400000,1147676400000,"{""type"":""Polygon"",""coordinates"":[[[14.979819356026065,49.96756432472594],[14.979741202403837,49.96755716160239],[14.979669269875169,49.96753624242248],[14.979609284314213,49.96750323236933],[14.97956602058214,49.96746075906477],[14.979542922444892,49.96741220340385],[14.979541828457904,49.96736143042943],[14.979562825634616,49.96731248167086],[14.979604242541454,49.967269253438126],[14.97966278236209,49.96723518667903],[14.979733785333586,49.96721299308588],[14.979811599661389,49.96720443925149],[14.979890031389075,49.96721020605382],[14.979962837417313,49.96722983446035],[14.980024222433876,49.9672617620655],[14.98006930020567,49.96730344745324],[14.980094482518423,49.96735157248722],[14.980097764805935,49.967402306427935],[14.980078885730428,49.967451610855505],[14.980039348006134,49.96749556112736],[14.97998229880207,49.96753065878292],[14.979912279237894,49.96755411002697],[14.979834862909865,49.9675640481226],[14.979819356026065,49.96756432472594]]]}"
1_LT05_191025_20100921_00000000000000000005,E20 E20 E20 B14,0.44592367712317393,https://1drv.ms/i/s!AuR4bnS0n2fes6l-CMabXiyK5SOLZA?e=UYJd1D,0.638011725277296,-0.6025693037942742,46943076,1247382000000,1342076400000,1438671600000,1148540400000,"{""type"":""Polygon"",""coordinates"":[[[15.281794138466477,50.67472870169088],[15.281714813377217,50.674721538566665],[15.281641802632954,50.67470061938495],[15.281580917935639,50.67466760932944],[15.281537005718116,50.67462513602269],[15.281513561364674,50.67457658036044],[15.28151245098724,50.67452580738595],[15.281533762901178,50.674476858628594],[15.281575800617446,50.674433630398],[15.28163521790204,50.67439956364129],[15.28170728514617,50.67437737005001],[15.281786265840893,50.674368816216415],[15.28186587318959,50.674374583018206],[15.281939770516198,50.67439421142304],[15.282002075643087,50.67442613902584],[15.28204782909696,50.67446782441135],[15.282073388878288,50.67451594944389],[15.282076720372164,50.67456668338439],[15.282057558321211,50.67461598781307],[15.282017427962073,50.674659938087004],[15.281959523636102,50.674695035744946],[15.281888454530783,50.674718486990955],[15.28180987778745,50.674728425087494],[15.281794138466477,50.67472870169088]]]}"
1_LT05_191025_20101023_00000000000000000004,E20 E20 E20 B13,0.30970354812492795,https://1drv.ms/i/s!AuR4bnS0n2fes6oD0gSHeVvXvGkuZQ?e=rB7cNL,0.4682850624908433,-0.48911634256541314,46782996,1246518000000,1339311600000,1438844400000,1147676400000,"{""type"":""Polygon"",""coordinates"":[[[14.979819356026065,49.96756432472594],[14.979741202403837,49.96755716160239],[14.979669269875169,49.96753624242248],[14.979609284314213,49.96750323236933],[14.97956602058214,49.96746075906477],[14.979542922444892,49.96741220340385],[14.979541828457904,49.96736143042943],[14.979562825634616,49.96731248167086],[14.979604242541454,49.967269253438126],[14.97966278236209,49.96723518667903],[14.979733785333586,49.96721299308588],[14.979811599661389,49.96720443925149],[14.979890031389075,49.96721020605382],[14.979962837417313,49.96722983446035],[14.980024222433876,49.9672617620655],[14.98006930020567,49.96730344745324],[14.980094482518423,49.96735157248722],[14.980097764805935,49.967402306427935],[14.980078885730428,49.967451610855505],[14.980039348006134,49.96749556112736],[14.97998229880207,49.96753065878292],[14.979912279237894,49.96755411002697],[14.979834862909865,49.9675640481226],[14.979819356026065,49.96756432472594]]]}"
1_LT05_191025_20101023_00000000000000000005,E20 E20 E20 B14,0.3727817478558566,https://1drv.ms/i/s!AuR4bnS0n2fes6l-CMabXiyK5SOLZA?e=UYJd1D,0.5505278245377072,-0.545407808376052,46943076,1247382000000,1342076400000,1438671600000,1148540400000,"{""type"":""Polygon"",""coordinates"":[[[15.281794138466477,50.67472870169088],[15.281714813377217,50.674721538566665],[15.281641802632954,50.67470061938495],[15.281580917935639,50.67466760932944],[15.281537005718116,50.67462513602269],[15.281513561364674,50.67457658036044],[15.28151245098724,50.67452580738595],[15.281533762901178,50.674476858628594],[15.281575800617446,50.674433630398],[15.28163521790204,50.67439956364129],[15.28170728514617,50.67437737005001],[15.281786265840893,50.674368816216415],[15.28186587318959,50.674374583018206],[15.281939770516198,50.67439421142304],[15.282002075643087,50.67442613902584],[15.28204782909696,50.67446782441135],[15.282073388878288,50.67451594944389],[15.282076720372164,50.67456668338439],[15.282057558321211,50.67461598781307],[15.282017427962073,50.674659938087004],[15.281959523636102,50.674695035744946],[15.281888454530783,50.674718486990955],[15.28180987778745,50.674728425087494],[15.281794138466477,50.67472870169088]]]}"
1_LT05_191025_20110228_00000000000000000004,E20 E20 E20 B13,0.1447823151386925,https://1drv.ms/i/s!AuR4bnS0n2fes6oD0gSHeVvXvGkuZQ?e=rB7cNL,0.19896234798659915,-0.2938393925908715,46782996,1246518000000,1339311600000,1438844400000,1147676400000,"{""type"":""Polygon"",""coordinates"":[[[14.979819356026065,49.96756432472594],[14.979741202403837,49.96755716160239],[14.979669269875169,49.96753624242248],[14.979609284314213,49.96750323236933],[14.97956602058214,49.96746075906477],[14.979542922444892,49.96741220340385],[14.979541828457904,49.96736143042943],[14.979562825634616,49.96731248167086],[14.979604242541454,49.967269253438126],[14.97966278236209,49.96723518667903],[14.979733785333586,49.96721299308588],[14.979811599661389,49.96720443925149],[14.979890031389075,49.96721020605382],[14.979962837417313,49.96722983446035],[14.980024222433876,49.9672617620655],[14.98006930020567,49.96730344745324],[14.980094482518423,49.96735157248722],[14.980097764805935,49.967402306427935],[14.980078885730428,49.967451610855505],[14.980039348006134,49.96749556112736],[14.97998229880207,49.96753065878292],[14.979912279237894,49.96755411002697],[14.979834862909865,49.9675640481226],[14.979819356026065,49.96756432472594]]]}"
1_LT05_191025_20110228_00000000000000000005,E20 E20 E20 B14,0.15308955545299618,https://1drv.ms/i/s!AuR4bnS0n2fes6l-CMabXiyK5SOLZA?e=UYJd1D,0.17145226350554527,-0.22593451202540646,46943076,1247382000000,1342076400000,1438671600000,1148540400000,"{""type"":""Polygon"",""coordinates"":[[[15.281794138466477,50.67472870169088],[15.281714813377217,50.674721538566665],[15.281641802632954,50.67470061938495],[15.281580917935639,50.67466760932944],[15.281537005718116,50.67462513602269],[15.281513561364674,50.67457658036044],[15.28151245098724,50.67452580738595],[15.281533762901178,50.674476858628594],[15.281575800617446,50.674433630398],[15.28163521790204,50.67439956364129],[15.28170728514617,50.67437737005001],[15.281786265840893,50.674368816216415],[15.28186587318959,50.674374583018206],[15.281939770516198,50.67439421142304],[15.282002075643087,50.67442613902584],[15.28204782909696,50.67446782441135],[15.282073388878288,50.67451594944389],[15.282076720372164,50.67456668338439],[15.282057558321211,50.67461598781307],[15.282017427962073,50.674659938087004],[15.281959523636102,50.674695035744946],[15.281888454530783,50.674718486990955],[15.28180987778745,50.674728425087494],[15.281794138466477,50.67472870169088]]]}"
1_LT05_191025_20110519_00000000000000000004,E20 E20 E20 B13,0.6123417643762754,https://1drv.ms/i/s!AuR4bnS0n2fes6oD0gSHeVvXvGkuZQ?e=rB7cNL,0.7811604725124529,-0.7239713065448636,46782996,1246518000000,1339311600000,1438844400000,1147676400000,"{""type"":""Polygon"",""coordinates"":[[[14.979819356026065,49.96756432472594],[14.979741202403837,49.96755716160239],[14.979669269875169,49.96753624242248],[14.979609284314213,49.96750323236933],[14.97956602058214,49.96746075906477],[14.979542922444892,49.96741220340385],[14.979541828457904,49.96736143042943],[14.979562825634616,49.96731248167086],[14.979604242541454,49.967269253438126],[14.97966278236209,49.96723518667903],[14.979733785333586,49.96721299308588],[14.979811599661389,49.96720443925149],[14.979890031389075,49.96721020605382],[14.979962837417313,49.96722983446035],[14.980024222433876,49.9672617620655],[14.98006930020567,49.96730344745324],[14.980094482518423,49.96735157248722],[14.980097764805935,49.967402306427935],[14.980078885730428,49.967451610855505],[14.980039348006134,49.96749556112736],[14.97998229880207,49.96753065878292],[14.979912279237894,49.96755411002697],[14.979834862909865,49.9675640481226],[14.979819356026065,49.96756432472594]]]}"
1_LT05_191025_20110519_00000000000000000005,E20 E20 E20 B14,0.6036633425450578,https://1drv.ms/i/s!AuR4bnS0n2fes6l-CMabXiyK5SOLZA?e=UYJd1D,0.772600566824127,-0.7165898131541142,46943076,1247382000000,1342076400000,1438671600000,1148540400000,"{""type"":""Polygon"",""coordinates"":[[[15.281794138466477,50.67472870169088],[15.281714813377217,50.674721538566665],[15.281641802632954,50.67470061938495],[15.281580917935639,50.67466760932944],[15.281537005718116,50.67462513602269],[15.281513561364674,50.67457658036044],[15.28151245098724,50.67452580738595],[15.281533762901178,50.674476858628594],[15.281575800617446,50.674433630398],[15.28163521790204,50.67439956364129],[15.28170728514617,50.67437737005001],[15.281786265840893,50.674368816216415],[15.28186587318959,50.674374583018206],[15.281939770516198,50.67439421142304],[15.282002075643087,50.67442613902584],[15.28204782909696,50.67446782441135],[15.282073388878288,50.67451594944389],[15.282076720372164,50.67456668338439],[15.282057558321211,50.67461598781307],[15.282017427962073,50.674659938087004],[15.281959523636102,50.674695035744946],[15.281888454530783,50.674718486990955],[15.28180987778745,50.674728425087494],[15.281794138466477,50.67472870169088]]]}"
1_LT05_191025_20110604_00000000000000000004,E20 E20 E20 B13,0.6121701234202799,https://1drv.ms/i/s!AuR4bnS0n2fes6oD0gSHeVvXvGkuZQ?e=rB7cNL,0.7904370636767661,-0.730080677698514,46782996,1246518000000,1339311600000,1438844400000,1147676400000,"{""type"":""Polygon"",""coordinates"":[[[14.979819356026065,49.96756432472594],[14.979741202403837,49.96755716160239],[14.979669269875169,49.96753624242248],[14.979609284314213,49.96750323236933],[14.97956602058214,49.96746075906477],[14.979542922444892,49.96741220340385],[14.979541828457904,49.96736143042943],[14.979562825634616,49.96731248167086],[14.979604242541454,49.967269253438126],[14.97966278236209,49.96723518667903],[14.979733785333586,49.96721299308588],[14.979811599661389,49.96720443925149],[14.979890031389075,49.96721020605382],[14.979962837417313,49.96722983446035],[14.980024222433876,49.9672617620655],[14.98006930020567,49.96730344745324],[14.980094482518423,49.96735157248722],[14.980097764805935,49.967402306427935],[14.980078885730428,49.967451610855505],[14.980039348006134,49.96749556112736],[14.97998229880207,49.96753065878292],[14.979912279237894,49.96755411002697],[14.979834862909865,49.9675640481226],[14.979819356026065,49.96756432472594]]]}"
1_LT05_191025_20110604_00000000000000000005,E20 E20 E20 B14,0.6383486359868891,https://1drv.ms/i/s!AuR4bnS0n2fes6l-CMabXiyK5SOLZA?e=UYJd1D,0.8050415835792426,-0.7387547802353824,46943076,1247382000000,1342076400000,1438671600000,1148540400000,"{""type"":""Polygon"",""coordinates"":[[[15.281794138466477,50.67472870169088],[15.281714813377217,50.674721538566665],[15.281641802632954,50.67470061938495],[15.281580917935639,50.67466760932944],[15.281537005718116,50.67462513602269],[15.281513561364674,50.67457658036044],[15.28151245098724,50.67452580738595],[15.281533762901178,50.674476858628594],[15.281575800617446,50.674433630398],[15.28163521790204,50.67439956364129],[15.28170728514617,50.67437737005001],[15.281786265840893,50.674368816216415],[15.28186587318959,50.674374583018206],[15.281939770516198,50.67439421142304],[15.282002075643087,50.67442613902584],[15.28204782909696,50.67446782441135],[15.282073388878288,50.67451594944389],[15.282076720372164,50.67456668338439],[15.282057558321211,50.67461598781307],[15.282017427962073,50.674659938087004],[15.281959523636102,50.674695035744946],[15.281888454530783,50.674718486990955],[15.28180987778745,50.674728425087494],[15.281794138466477,50.67472870169088]]]}"
1_LT05_191025_20110823_00000000000000000004,E20 E20 E20 B13,0.42243568173260004,https://1drv.ms/i/s!AuR4bnS0n2fes6oD0gSHeVvXvGkuZQ?e=rB7cNL,0.5830782456215187,-0.5649705206241119,46782996,1246518000000,1339311600000,1438844400000,1147676400000,"{""type"":""Polygon"",""coordinates"":[[[14.979819356026065,49.96756432472594],[14.979741202403837,49.96755716160239],[14.979669269875169,49.96753624242248],[14.979609284314213,49.96750323236933],[14.97956602058214,49.96746075906477],[14.979542922444892,49.96741220340385],[14.979541828457904,49.96736143042943],[14.979562825634616,49.96731248167086],[14.979604242541454,49.967269253438126],[14.97966278236209,49.96723518667903],[14.979733785333586,49.96721299308588],[14.979811599661389,49.96720443925149],[14.979890031389075,49.96721020605382],[14.979962837417313,49.96722983446035],[14.980024222433876,49.9672617620655],[14.98006930020567,49.96730344745324],[14.980094482518423,49.96735157248722],[14.980097764805935,49.967402306427935],[14.980078885730428,49.967451610855505],[14.980039348006134,49.96749556112736],[14.97998229880207,49.96753065878292],[14.979912279237894,49.96755411002697],[14.979834862909865,49.9675640481226],[14.979819356026065,49.96756432472594]]]}"
1_LT05_191025_20110823_00000000000000000005,E20 E20 E20 B14,0.6662621046426626,https://1drv.ms/i/s!AuR4bnS0n2fes6l-CMabXiyK5SOLZA?e=UYJd1D,0.8278180613183754,-0.7558405157845928,46943076,1247382000000,1342076400000,1438671600000,1148540400000,"{""type"":""Polygon"",""coordinates"":[[[15.281794138466477,50.67472870169088],[15.281714813377217,50.674721538566665],[15.281641802632954,50.67470061938495],[15.281580917935639,50.67466760932944],[15.281537005718116,50.67462513602269],[15.281513561364674,50.67457658036044],[15.28151245098724,50.67452580738595],[15.281533762901178,50.674476858628594],[15.281575800617446,50.674433630398],[15.28163521790204,50.67439956364129],[15.28170728514617,50.67437737005001],[15.281786265840893,50.674368816216415],[15.28186587318959,50.674374583018206],[15.281939770516198,50.67439421142304],[15.282002075643087,50.67442613902584],[15.28204782909696,50.67446782441135],[15.282073388878288,50.67451594944389],[15.282076720372164,50.67456668338439],[15.282057558321211,50.67461598781307],[15.282017427962073,50.674659938087004],[15.281959523636102,50.674695035744946],[15.281888454530783,50.674718486990955],[15.28180987778745,50.674728425087494],[15.281794138466477,50.67472870169088]]]}"
1_LT05_191025_20110924_00000000000000000004,E20 E20 E20 B13,0.4795429689189664,https://1drv.ms/i/s!AuR4bnS0n2fes6oD0gSHeVvXvGkuZQ?e=rB7cNL,0.6732851304613807,-0.6361122904610406,46782996,1246518000000,1339311600000,1438844400000,1147676400000,"{""type"":""Polygon"",""coordinates"":[[[14.979819356026065,49.96756432472594],[14.979741202403837,49.96755716160239],[14.979669269875169,49.96753624242248],[14.979609284314213,49.96750323236933],[14.97956602058214,49.96746075906477],[14.979542922444892,49.96741220340385],[14.979541828457904,49.96736143042943],[14.979562825634616,49.96731248167086],[14.979604242541454,49.967269253438126],[14.97966278236209,49.96723518667903],[14.979733785333586,49.96721299308588],[14.979811599661389,49.96720443925149],[14.979890031389075,49.96721020605382],[14.979962837417313,49.96722983446035],[14.980024222433876,49.9672617620655],[14.98006930020567,49.96730344745324],[14.980094482518423,49.96735157248722],[14.980097764805935,49.967402306427935],[14.980078885730428,49.967451610855505],[14.980039348006134,49.96749556112736],[14.97998229880207,49.96753065878292],[14.979912279237894,49.96755411002697],[14.979834862909865,49.9675640481226],[14.979819356026065,49.96756432472594]]]}"
1_LT05_191025_20110924_00000000000000000005,E20 E20 E20 B14,0.47844849301275505,https://1drv.ms/i/s!AuR4bnS0n2fes6l-CMabXiyK5SOLZA?e=UYJd1D,0.6883842835556483,-0.6413189378050899,46943076,1247382000000,1342076400000,1438671600000,1148540400000,"{""type"":""Polygon"",""coordinates"":[[[15.281794138466477,50.67472870169088],[15.281714813377217,50.674721538566665],[15.281641802632954,50.67470061938495],[15.281580917935639,50.67466760932944],[15.281537005718116,50.67462513602269],[15.281513561364674,50.67457658036044],[15.28151245098724,50.67452580738595],[15.281533762901178,50.674476858628594],[15.281575800617446,50.674433630398],[15.28163521790204,50.67439956364129],[15.28170728514617,50.67437737005001],[15.281786265840893,50.674368816216415],[15.28186587318959,50.674374583018206],[15.281939770516198,50.67439421142304],[15.282002075643087,50.67442613902584],[15.28204782909696,50.67446782441135],[15.282073388878288,50.67451594944389],[15.282076720372164,50.67456668338439],[15.282057558321211,50.67461598781307],[15.282017427962073,50.674659938087004],[15.281959523636102,50.674695035744946],[15.281888454530783,50.674718486990955],[15.28180987778745,50.674728425087494],[15.281794138466477,50.67472870169088]]]}"
1_LT05_192025_20000815_00000000000000000002,E20 E20 E20 B16,0.2960299786343566,https://1drv.ms/i/s!AuR4bnS0n2fes6l4hvOSPmVzGxs2ag?e=239b2w,0.4993965585240501,-0.5404336571218765,44943016,1246345200000,1340694000000,1439276400000,1147330800000,"{""type"":""Polygon"",""coordinates"":[[[12.424825798018437,50.23078060080981],[12.424747213821886,50.23077343768601],[12.424674884993586,50.23075251850544],[12.424614568953812,50.230719508451415],[12.424571066870005,50.230677035146044],[12.424547841480498,50.23062847948463],[12.424546741469157,50.23057770651018],[12.424567854327963,50.23052875775207],[12.424609499414164,50.23048552952012],[12.424668361747903,50.230451462761906],[12.424739755894295,50.230429269169434],[12.424817998921895,50.23042071533534],[12.424896862750742,50.230426482137474],[12.424970069887223,50.23044611054338],[12.425031793091625,50.23047803814766],[12.425077119211299,50.23051972353459],[12.425102440263139,50.230567848568036],[12.425105740636502,50.23061858250866],[12.42508675755296,50.230667886936644],[12.425047002004897,50.23071183720926],[12.424989638499584,50.23074693486571],[12.424919233175109,50.230770386110486],[12.42484139033484,50.230780324206435],[12.424825798018437,50.23078060080981]]]}"
1_LT05_192025_20000815_00000000000000000003,E20 E20 E20 B51,0.4868699630585032,https://1drv.ms/i/s!AuR4bnS0n2fes6oVNPzdlN8JBubj3A?e=f79vVc,0.6996208327173333,-0.6503898716651378,45203000,1247727600000,1341990000000,1439622000000,1147158000000,"{""type"":""Polygon"",""coordinates"":[[[12.780613011971829,50.078573645451485],[12.7805346775366,50.078566482327844],[12.780462578588054,50.07854556314765],[12.78040245424765,50.07851255309413],[12.780359090423463,50.07847007978922],[12.780335938848605,50.0784215241281],[12.78033484233178,50.07837075115366],[12.78035588808739,50.07832180239528],[12.780397400814609,50.07827857416289],[12.780456076069617,50.078244507404165],[12.780527243308939,50.078222313811295],[12.780605237662568,50.078213759977025],[12.780683850844433,50.07821952677928],[12.780756825311853,50.07823915518554],[12.780818352345147,50.07827108279032],[12.780863534406778,50.07831276817773],[12.780888774980854,50.078360893211475],[12.780892064863238,50.07841162715216],[12.780873142111165,50.07846093157989],[12.780833512915166,50.07850488185208],[12.78077633172517,50.07853997950801],[12.780706150166944,50.078563430752375],[12.780628554731724,50.078573368848126],[12.780613011971829,50.078573645451485]]]}"
1_LT05_192025_20001119_00000000000000000003,E20 E20 E20 B51,0.20237053059727148,https://1drv.ms/i/s!AuR4bnS0n2fes6oVNPzdlN8JBubj3A?e=f79vVc,0.3601804115955629,-0.41590910181475804,45203000,1247727600000,1341990000000,1439622000000,1147158000000,"{""type"":""Polygon"",""coordinates"":[[[12.780613011971829,50.078573645451485],[12.7805346775366,50.078566482327844],[12.780462578588054,50.07854556314765],[12.78040245424765,50.07851255309413],[12.780359090423463,50.07847007978922],[12.780335938848605,50.0784215241281],[12.78033484233178,50.07837075115366],[12.78035588808739,50.07832180239528],[12.780397400814609,50.07827857416289],[12.780456076069617,50.078244507404165],[12.780527243308939,50.078222313811295],[12.780605237662568,50.078213759977025],[12.780683850844433,50.07821952677928],[12.780756825311853,50.07823915518554],[12.780818352345147,50.07827108279032],[12.780863534406778,50.07831276817773],[12.780888774980854,50.078360893211475],[12.780892064863238,50.07841162715216],[12.780873142111165,50.07846093157989],[12.780833512915166,50.07850488185208],[12.78077633172517,50.07853997950801],[12.780706150166944,50.078563430752375],[12.780628554731724,50.078573368848126],[12.780613011971829,50.078573645451485]]]}"
1_LT05_192025_20020517_00000000000000000002,E20 E20 E20 B16,0.6424110163335549,https://1drv.ms/i/s!AuR4bnS0n2fes6l4hvOSPmVzGxs2ag?e=239b2w,0.810388477263203,-0.736424804781454,44943016,1246345200000,1340694000000,1439276400000,1147330800000,"{""type"":""Polygon"",""coordinates"":[[[12.424825798018437,50.23078060080981],[12.424747213821886,50.23077343768601],[12.424674884993586,50.23075251850544],[12.424614568953812,50.230719508451415],[12.424571066870005,50.230677035146044],[12.424547841480498,50.23062847948463],[12.424546741469157,50.23057770651018],[12.424567854327963,50.23052875775207],[12.424609499414164,50.23048552952012],[12.424668361747903,50.230451462761906],[12.424739755894295,50.230429269169434],[12.424817998921895,50.23042071533534],[12.424896862750742,50.230426482137474],[12.424970069887223,50.23044611054338],[12.425031793091625,50.23047803814766],[12.425077119211299,50.23051972353459],[12.425102440263139,50.230567848568036],[12.425105740636502,50.23061858250866],[12.42508675755296,50.230667886936644],[12.425047002004897,50.23071183720926],[12.424989638499584,50.23074693486571],[12.424919233175109,50.230770386110486],[12.42484139033484,50.230780324206435],[12.424825798018437,50.23078060080981]]]}"
1_LT05_192025_20020517_00000000000000000003,E20 E20 E20 B51,0.5322198595658909,https://1drv.ms/i/s!AuR4bnS0n2fes6oVNPzdlN8JBubj3A?e=f79vVc,0.7054148701278053,-0.6709628088191838,45203000,1247727600000,1341990000000,1439622000000,1147158000000,"{""type"":""Polygon"",""coordinates"":[[[12.780613011971829,50.078573645451485],[12.7805346775366,50.078566482327844],[12.780462578588054,50.07854556314765],[12.78040245424765,50.07851255309413],[12.780359090423463,50.07847007978922],[12.780335938848605,50.0784215241281],[12.78033484233178,50.07837075115366],[12.78035588808739,50.07832180239528],[12.780397400814609,50.07827857416289],[12.780456076069617,50.078244507404165],[12.780527243308939,50.078222313811295],[12.780605237662568,50.078213759977025],[12.780683850844433,50.07821952677928],[12.780756825311853,50.07823915518554],[12.780818352345147,50.07827108279032],[12.780863534406778,50.07831276817773],[12.780888774980854,50.078360893211475],[12.780892064863238,50.07841162715216],[12.780873142111165,50.07846093157989],[12.780833512915166,50.07850488185208],[12.78077633172517,50.07853997950801],[12.780706150166944,50.078563430752375],[12.780628554731724,50.078573368848126],[12.780613011971829,50.078573645451485]]]}"
1_LT05_192025_20020618_00000000000000000002,E20 E20 E20 B16,0.6836956721208532,https://1drv.ms/i/s!AuR4bnS0n2fes6l4hvOSPmVzGxs2ag?e=239b2w,0.813656126872428,-0.7455333275191122,44943016,1246345200000,1340694000000,1439276400000,1147330800000,"{""type"":""Polygon"",""coordinates"":[[[12.424825798018437,50.23078060080981],[12.424747213821886,50.23077343768601],[12.424674884993586,50.23075251850544],[12.424614568953812,50.230719508451415],[12.424571066870005,50.230677035146044],[12.424547841480498,50.23062847948463],[12.424546741469157,50.23057770651018],[12.424567854327963,50.23052875775207],[12.424609499414164,50.23048552952012],[12.424668361747903,50.230451462761906],[12.424739755894295,50.230429269169434],[12.424817998921895,50.23042071533534],[12.424896862750742,50.230426482137474],[12.424970069887223,50.23044611054338],[12.425031793091625,50.23047803814766],[12.425077119211299,50.23051972353459],[12.425102440263139,50.230567848568036],[12.425105740636502,50.23061858250866],[12.42508675755296,50.230667886936644],[12.425047002004897,50.23071183720926],[12.424989638499584,50.23074693486571],[12.424919233175109,50.230770386110486],[12.42484139033484,50.230780324206435],[12.424825798018437,50.23078060080981]]]}"
1_LT05_192025_20020618_00000000000000000003,E20 E20 E20 B51,0.614747503400211,https://1drv.ms/i/s!AuR4bnS0n2fes6oVNPzdlN8JBubj3A?e=f79vVc,0.7914763861093789,-0.7336191472830561,45203000,1247727600000,1341990000000,1439622000000,1147158000000,"{""type"":""Polygon"",""coordinates"":[[[12.780613011971829,50.078573645451485],[12.7805346775366,50.078566482327844],[12.780462578588054,50.07854556314765],[12.78040245424765,50.07851255309413],[12.780359090423463,50.07847007978922],[12.780335938848605,50.0784215241281],[12.78033484233178,50.07837075115366],[12.78035588808739,50.07832180239528],[12.780397400814609,50.07827857416289],[12.780456076069617,50.078244507404165],[12.780527243308939,50.078222313811295],[12.780605237662568,50.078213759977025],[12.780683850844433,50.07821952677928],[12.780756825311853,50.07823915518554],[12.780818352345147,50.07827108279032],[12.780863534406778,50.07831276817773],[12.780888774980854,50.078360893211475],[12.780892064863238,50.07841162715216],[12.780873142111165,50.07846093157989],[12.780833512915166,50.07850488185208],[12.78077633172517,50.07853997950801],[12.780706150166944,50.078563430752375],[12.780628554731724,50.078573368848126],[12.780613011971829,50.078573645451485]]]}"
1_LT05_192025_20030925_00000000000000000004,E20 E20 E20 B13,0.3052361543369839,https://1drv.ms/i/s!AuR4bnS0n2fes6oD0gSHeVvXvGkuZQ?e=rB7cNL,0.3799475405970942,-0.4112877703262753,46782996,1246518000000,1339311600000,1438844400000,1147676400000,"{""type"":""Polygon"",""coordinates"":[[[14.979819356026065,49.96756432472594],[14.979741202403837,49.96755716160239],[14.979669269875169,49.96753624242248],[14.979609284314213,49.96750323236933],[14.97956602058214,49.96746075906477],[14.979542922444892,49.96741220340385],[14.979541828457904,49.96736143042943],[14.979562825634616,49.96731248167086],[14.979604242541454,49.967269253438126],[14.97966278236209,49.96723518667903],[14.979733785333586,49.96721299308588],[14.979811599661389,49.96720443925149],[14.979890031389075,49.96721020605382],[14.979962837417313,49.96722983446035],[14.980024222433876,49.9672617620655],[14.98006930020567,49.96730344745324],[14.980094482518423,49.96735157248722],[14.980097764805935,49.967402306427935],[14.980078885730428,49.967451610855505],[14.980039348006134,49.96749556112736],[14.97998229880207,49.96753065878292],[14.979912279237894,49.96755411002697],[14.979834862909865,49.9675640481226],[14.979819356026065,49.96756432472594]]]}"
1_LT05_192025_20030925_00000000000000000005,E20 E20 E20 B14,0.37290896037084664,https://1drv.ms/i/s!AuR4bnS0n2fes6l-CMabXiyK5SOLZA?e=UYJd1D,0.6037209353573906,-0.6011632219464264,46943076,1247382000000,1342076400000,1438671600000,1148540400000,"{""type"":""Polygon"",""coordinates"":[[[15.281794138466477,50.67472870169088],[15.281714813377217,50.674721538566665],[15.281641802632954,50.67470061938495],[15.281580917935639,50.67466760932944],[15.281537005718116,50.67462513602269],[15.281513561364674,50.67457658036044],[15.28151245098724,50.67452580738595],[15.281533762901178,50.674476858628594],[15.281575800617446,50.674433630398],[15.28163521790204,50.67439956364129],[15.28170728514617,50.67437737005001],[15.281786265840893,50.674368816216415],[15.28186587318959,50.674374583018206],[15.281939770516198,50.67439421142304],[15.282002075643087,50.67442613902584],[15.28204782909696,50.67446782441135],[15.282073388878288,50.67451594944389],[15.282076720372164,50.67456668338439],[15.282057558321211,50.67461598781307],[15.282017427962073,50.674659938087004],[15.281959523636102,50.674695035744946],[15.281888454530783,50.674718486990955],[15.28180987778745,50.674728425087494],[15.281794138466477,50.67472870169088]]]}"
1_LT05_192025_20030925_00000000000000000002,E20 E20 E20 B16,0.29096646545751514,https://1drv.ms/i/s!AuR4bnS0n2fes6l4hvOSPmVzGxs2ag?e=239b2w,0.5074268502878821,-0.5387355475659944,44943016,1246345200000,1340694000000,1439276400000,1147330800000,"{""type"":""Polygon"",""coordinates"":[[[12.424825798018437,50.23078060080981],[12.424747213821886,50.23077343768601],[12.424674884993586,50.23075251850544],[12.424614568953812,50.230719508451415],[12.424571066870005,50.230677035146044],[12.424547841480498,50.23062847948463],[12.424546741469157,50.23057770651018],[12.424567854327963,50.23052875775207],[12.424609499414164,50.23048552952012],[12.424668361747903,50.230451462761906],[12.424739755894295,50.230429269169434],[12.424817998921895,50.23042071533534],[12.424896862750742,50.230426482137474],[12.424970069887223,50.23044611054338],[12.425031793091625,50.23047803814766],[12.425077119211299,50.23051972353459],[12.425102440263139,50.230567848568036],[12.425105740636502,50.23061858250866],[12.42508675755296,50.230667886936644],[12.425047002004897,50.23071183720926],[12.424989638499584,50.23074693486571],[12.424919233175109,50.230770386110486],[12.42484139033484,50.230780324206435],[12.424825798018437,50.23078060080981]]]}"
1_LT05_192025_20030925_00000000000000000003,E20 E20 E20 B51,0.2791157589584552,https://1drv.ms/i/s!AuR4bnS0n2fes6oVNPzdlN8JBubj3A?e=f79vVc,0.4533722930514869,-0.48488755919088844,45203000,1247727600000,1341990000000,1439622000000,1147158000000,"{""type"":""Polygon"",""coordinates"":[[[12.780613011971829,50.078573645451485],[12.7805346775366,50.078566482327844],[12.780462578588054,50.07854556314765],[12.78040245424765,50.07851255309413],[12.780359090423463,50.07847007978922],[12.780335938848605,50.0784215241281],[12.78033484233178,50.07837075115366],[12.78035588808739,50.07832180239528],[12.780397400814609,50.07827857416289],[12.780456076069617,50.078244507404165],[12.780527243308939,50.078222313811295],[12.780605237662568,50.078213759977025],[12.780683850844433,50.07821952677928],[12.780756825311853,50.07823915518554],[12.780818352345147,50.07827108279032],[12.780863534406778,50.07831276817773],[12.780888774980854,50.078360893211475],[12.780892064863238,50.07841162715216],[12.780873142111165,50.07846093157989],[12.780833512915166,50.07850488185208],[12.78077633172517,50.07853997950801],[12.780706150166944,50.078563430752375],[12.780628554731724,50.078573368848126],[12.780613011971829,50.078573645451485]]]}"
1_LT05_192025_20040810_00000000000000000004,E20 E20 E20 B13,0.27955917787313306,https://1drv.ms/i/s!AuR4bnS0n2fes6oD0gSHeVvXvGkuZQ?e=rB7cNL,0.4538836562273208,-0.5068279678286167,46782996,1246518000000,1339311600000,1438844400000,1147676400000,"{""type"":""Polygon"",""coordinates"":[[[14.979819356026065,49.96756432472594],[14.979741202403837,49.96755716160239],[14.979669269875169,49.96753624242248],[14.979609284314213,49.96750323236933],[14.97956602058214,49.96746075906477],[14.979542922444892,49.96741220340385],[14.979541828457904,49.96736143042943],[14.979562825634616,49.96731248167086],[14.979604242541454,49.967269253438126],[14.97966278236209,49.96723518667903],[14.979733785333586,49.96721299308588],[14.979811599661389,49.96720443925149],[14.979890031389075,49.96721020605382],[14.979962837417313,49.96722983446035],[14.980024222433876,49.9672617620655],[14.98006930020567,49.96730344745324],[14.980094482518423,49.96735157248722],[14.980097764805935,49.967402306427935],[14.980078885730428,49.967451610855505],[14.980039348006134,49.96749556112736],[14.97998229880207,49.96753065878292],[14.979912279237894,49.96755411002697],[14.979834862909865,49.9675640481226],[14.979819356026065,49.96756432472594]]]}"
1_LT05_192025_20040810_00000000000000000003,E20 E20 E20 B51,0.5750196434098395,https://1drv.ms/i/s!AuR4bnS0n2fes6oVNPzdlN8JBubj3A?e=f79vVc,0.772392767823648,-0.696703386997911,45203000,1247727600000,1341990000000,1439622000000,1147158000000,"{""type"":""Polygon"",""coordinates"":[[[12.780613011971829,50.078573645451485],[12.7805346775366,50.078566482327844],[12.780462578588054,50.07854556314765],[12.78040245424765,50.07851255309413],[12.780359090423463,50.07847007978922],[12.780335938848605,50.0784215241281],[12.78033484233178,50.07837075115366],[12.78035588808739,50.07832180239528],[12.780397400814609,50.07827857416289],[12.780456076069617,50.078244507404165],[12.780527243308939,50.078222313811295],[12.780605237662568,50.078213759977025],[12.780683850844433,50.07821952677928],[12.780756825311853,50.07823915518554],[12.780818352345147,50.07827108279032],[12.780863534406778,50.07831276817773],[12.780888774980854,50.078360893211475],[12.780892064863238,50.07841162715216],[12.780873142111165,50.07846093157989],[12.780833512915166,50.07850488185208],[12.78077633172517,50.07853997950801],[12.780706150166944,50.078563430752375],[12.780628554731724,50.078573368848126],[12.780613011971829,50.078573645451485]]]}"
1_LT05_192025_20050728_00000000000000000002,E20 E20 E20 B16,0.4789097008228235,https://1drv.ms/i/s!AuR4bnS0n2fes6l4hvOSPmVzGxs2ag?e=239b2w,0.6609809305403318,-0.6142242930289319,44943016,1246345200000,1340694000000,1439276400000,1147330800000,"{""type"":""Polygon"",""coordinates"":[[[12.424825798018437,50.23078060080981],[12.424747213821886,50.23077343768601],[12.424674884993586,50.23075251850544],[12.424614568953812,50.230719508451415],[12.424571066870005,50.230677035146044],[12.424547841480498,50.23062847948463],[12.424546741469157,50.23057770651018],[12.424567854327963,50.23052875775207],[12.424609499414164,50.23048552952012],[12.424668361747903,50.230451462761906],[12.424739755894295,50.230429269169434],[12.424817998921895,50.23042071533534],[12.424896862750742,50.230426482137474],[12.424970069887223,50.23044611054338],[12.425031793091625,50.23047803814766],[12.425077119211299,50.23051972353459],[12.425102440263139,50.230567848568036],[12.425105740636502,50.23061858250866],[12.42508675755296,50.230667886936644],[12.425047002004897,50.23071183720926],[12.424989638499584,50.23074693486571],[12.424919233175109,50.230770386110486],[12.42484139033484,50.230780324206435],[12.424825798018437,50.23078060080981]]]}"
1_LT05_192025_20050728_00000000000000000003,E20 E20 E20 B51,0.49420570548744963,https://1drv.ms/i/s!AuR4bnS0n2fes6oVNPzdlN8JBubj3A?e=f79vVc,0.7057086749106265,-0.6559118342546365,45203000,1247727600000,1341990000000,1439622000000,1147158000000,"{""type"":""Polygon"",""coordinates"":[[[12.780613011971829,50.078573645451485],[12.7805346775366,50.078566482327844],[12.780462578588054,50.07854556314765],[12.78040245424765,50.07851255309413],[12.780359090423463,50.07847007978922],[12.780335938848605,50.0784215241281],[12.78033484233178,50.07837075115366],[12.78035588808739,50.07832180239528],[12.780397400814609,50.07827857416289],[12.780456076069617,50.078244507404165],[12.780527243308939,50.078222313811295],[12.780605237662568,50.078213759977025],[12.780683850844433,50.07821952677928],[12.780756825311853,50.07823915518554],[12.780818352345147,50.07827108279032],[12.780863534406778,50.07831276817773],[12.780888774980854,50.078360893211475],[12.780892064863238,50.07841162715216],[12.780873142111165,50.07846093157989],[12.780833512915166,50.07850488185208],[12.78077633172517,50.07853997950801],[12.780706150166944,50.078563430752375],[12.780628554731724,50.078573368848126],[12.780613011971829,50.078573645451485]]]}"
1_LT05_192025_20050829_00000000000000000002,E20 E20 E20 B16,0.6237296085334565,https://1drv.ms/i/s!AuR4bnS0n2fes6l4hvOSPmVzGxs2ag?e=239b2w,0.8005213035220563,-0.7296758539312038,44943016,1246345200000,1340694000000,1439276400000,1147330800000,"{""type"":""Polygon"",""coordinates"":[[[12.424825798018437,50.23078060080981],[12.424747213821886,50.23077343768601],[12.424674884993586,50.23075251850544],[12.424614568953812,50.230719508451415],[12.424571066870005,50.230677035146044],[12.424547841480498,50.23062847948463],[12.424546741469157,50.23057770651018],[12.424567854327963,50.23052875775207],[12.424609499414164,50.23048552952012],[12.424668361747903,50.230451462761906],[12.424739755894295,50.230429269169434],[12.424817998921895,50.23042071533534],[12.424896862750742,50.230426482137474],[12.424970069887223,50.23044611054338],[12.425031793091625,50.23047803814766],[12.425077119211299,50.23051972353459],[12.425102440263139,50.230567848568036],[12.425105740636502,50.23061858250866],[12.42508675755296,50.230667886936644],[12.425047002004897,50.23071183720926],[12.424989638499584,50.23074693486571],[12.424919233175109,50.230770386110486],[12.42484139033484,50.230780324206435],[12.424825798018437,50.23078060080981]]]}"
1_LT05_192025_20050829_00000000000000000003,E20 E20 E20 B51,0.5216628579825455,https://1drv.ms/i/s!AuR4bnS0n2fes6oVNPzdlN8JBubj3A?e=f79vVc,0.7479124255926742,-0.6693077250428832,45203000,1247727600000,1341990000000,1439622000000,1147158000000,"{""type"":""Polygon"",""coordinates"":[[[12.780613011971829,50.078573645451485],[12.7805346775366,50.078566482327844],[12.780462578588054,50.07854556314765],[12.78040245424765,50.07851255309413],[12.780359090423463,50.07847007978922],[12.780335938848605,50.0784215241281],[12.78033484233178,50.07837075115366],[12.78035588808739,50.07832180239528],[12.780397400814609,50.07827857416289],[12.780456076069617,50.078244507404165],[12.780527243308939,50.078222313811295],[12.780605237662568,50.078213759977025],[12.780683850844433,50.07821952677928],[12.780756825311853,50.07823915518554],[12.780818352345147,50.07827108279032],[12.780863534406778,50.07831276817773],[12.780888774980854,50.078360893211475],[12.780892064863238,50.07841162715216],[12.780873142111165,50.07846093157989],[12.780833512915166,50.07850488185208],[12.78077633172517,50.07853997950801],[12.780706150166944,50.078563430752375],[12.780628554731724,50.078573368848126],[12.780613011971829,50.078573645451485]]]}"
1_LT05_192025_20060512_00000000000000000004,E20 E20 E20 B13,0.504727116189578,https://1drv.ms/i/s!AuR4bnS0n2fes6oD0gSHeVvXvGkuZQ?e=rB7cNL,0.6482632467651773,-0.6090821311836634,46782996,1246518000000,1339311600000,1438844400000,1147676400000,"{""type"":""Polygon"",""coordinates"":[[[14.979819356026065,49.96756432472594],[14.979741202403837,49.96755716160239],[14.979669269875169,49.96753624242248],[14.979609284314213,49.96750323236933],[14.97956602058214,49.96746075906477],[14.979542922444892,49.96741220340385],[14.979541828457904,49.96736143042943],[14.979562825634616,49.96731248167086],[14.979604242541454,49.967269253438126],[14.97966278236209,49.96723518667903],[14.979733785333586,49.96721299308588],[14.979811599661389,49.96720443925149],[14.979890031389075,49.96721020605382],[14.979962837417313,49.96722983446035],[14.980024222433876,49.9672617620655],[14.98006930020567,49.96730344745324],[14.980094482518423,49.96735157248722],[14.980097764805935,49.967402306427935],[14.980078885730428,49.967451610855505],[14.980039348006134,49.96749556112736],[14.97998229880207,49.96753065878292],[14.979912279237894,49.96755411002697],[14.979834862909865,49.9675640481226],[14.979819356026065,49.96756432472594]]]}"
1_LT05_192025_20060512_00000000000000000005,E20 E20 E20 B14,0.5628918352426144,https://1drv.ms/i/s!AuR4bnS0n2fes6l-CMabXiyK5SOLZA?e=UYJd1D,0.7490351892649141,-0.6877582791671185,46943076,1247382000000,1342076400000,1438671600000,1148540400000,"{""type"":""Polygon"",""coordinates"":[[[15.281794138466477,50.67472870169088],[15.281714813377217,50.674721538566665],[15.281641802632954,50.67470061938495],[15.281580917935639,50.67466760932944],[15.281537005718116,50.67462513602269],[15.281513561364674,50.67457658036044],[15.28151245098724,50.67452580738595],[15.281533762901178,50.674476858628594],[15.281575800617446,50.674433630398],[15.28163521790204,50.67439956364129],[15.28170728514617,50.67437737005001],[15.281786265840893,50.674368816216415],[15.28186587318959,50.674374583018206],[15.281939770516198,50.67439421142304],[15.282002075643087,50.67442613902584],[15.28204782909696,50.67446782441135],[15.282073388878288,50.67451594944389],[15.282076720372164,50.67456668338439],[15.282057558321211,50.67461598781307],[15.282017427962073,50.674659938087004],[15.281959523636102,50.674695035744946],[15.281888454530783,50.674718486990955],[15.28180987778745,50.674728425087494],[15.281794138466477,50.67472870169088]]]}"
1_LT05_192025_20060512_00000000000000000002,E20 E20 E20 B16,0.5647319622645802,https://1drv.ms/i/s!AuR4bnS0n2fes6l4hvOSPmVzGxs2ag?e=239b2w,0.654627937859398,-0.6115921254406245,44943016,1246345200000,1340694000000,1439276400000,1147330800000,"{""type"":""Polygon"",""coordinates"":[[[12.424825798018437,50.23078060080981],[12.424747213821886,50.23077343768601],[12.424674884993586,50.23075251850544],[12.424614568953812,50.230719508451415],[12.424571066870005,50.230677035146044],[12.424547841480498,50.23062847948463],[12.424546741469157,50.23057770651018],[12.424567854327963,50.23052875775207],[12.424609499414164,50.23048552952012],[12.424668361747903,50.230451462761906],[12.424739755894295,50.230429269169434],[12.424817998921895,50.23042071533534],[12.424896862750742,50.230426482137474],[12.424970069887223,50.23044611054338],[12.425031793091625,50.23047803814766],[12.425077119211299,50.23051972353459],[12.425102440263139,50.230567848568036],[12.425105740636502,50.23061858250866],[12.42508675755296,50.230667886936644],[12.425047002004897,50.23071183720926],[12.424989638499584,50.23074693486571],[12.424919233175109,50.230770386110486],[12.42484139033484,50.230780324206435],[12.424825798018437,50.23078060080981]]]}"
1_LT05_192025_20060613_00000000000000000004,E20 E20 E20 B13,0.44378821562127907,https://1drv.ms/i/s!AuR4bnS0n2fes6oD0gSHeVvXvGkuZQ?e=rB7cNL,0.5742808365327142,-0.5992949287907163,46782996,1246518000000,1339311600000,1438844400000,1147676400000,"{""type"":""Polygon"",""coordinates"":[[[14.979819356026065,49.96756432472594],[14.979741202403837,49.96755716160239],[14.979669269875169,49.96753624242248],[14.979609284314213,49.96750323236933],[14.97956602058214,49.96746075906477],[14.979542922444892,49.96741220340385],[14.979541828457904,49.96736143042943],[14.979562825634616,49.96731248167086],[14.979604242541454,49.967269253438126],[14.97966278236209,49.96723518667903],[14.979733785333586,49.96721299308588],[14.979811599661389,49.96720443925149],[14.979890031389075,49.96721020605382],[14.979962837417313,49.96722983446035],[14.980024222433876,49.9672617620655],[14.98006930020567,49.96730344745324],[14.980094482518423,49.96735157248722],[14.980097764805935,49.967402306427935],[14.980078885730428,49.967451610855505],[14.980039348006134,49.96749556112736],[14.97998229880207,49.96753065878292],[14.979912279237894,49.96755411002697],[14.979834862909865,49.9675640481226],[14.979819356026065,49.96756432472594]]]}"
1_LT05_192025_20060613_00000000000000000002,E20 E20 E20 B16,0.7328357643329664,https://1drv.ms/i/s!AuR4bnS0n2fes6l4hvOSPmVzGxs2ag?e=239b2w,0.8491444368213744,-0.7741605828644837,44943016,1246345200000,1340694000000,1439276400000,1147330800000,"{""type"":""Polygon"",""coordinates"":[[[12.424825798018437,50.23078060080981],[12.424747213821886,50.23077343768601],[12.424674884993586,50.23075251850544],[12.424614568953812,50.230719508451415],[12.424571066870005,50.230677035146044],[12.424547841480498,50.23062847948463],[12.424546741469157,50.23057770651018],[12.424567854327963,50.23052875775207],[12.424609499414164,50.23048552952012],[12.424668361747903,50.230451462761906],[12.424739755894295,50.230429269169434],[12.424817998921895,50.23042071533534],[12.424896862750742,50.230426482137474],[12.424970069887223,50.23044611054338],[12.425031793091625,50.23047803814766],[12.425077119211299,50.23051972353459],[12.425102440263139,50.230567848568036],[12.425105740636502,50.23061858250866],[12.42508675755296,50.230667886936644],[12.425047002004897,50.23071183720926],[12.424989638499584,50.23074693486571],[12.424919233175109,50.230770386110486],[12.42484139033484,50.230780324206435],[12.424825798018437,50.23078060080981]]]}"
1_LT05_192025_20060613_00000000000000000003,E20 E20 E20 B51,0.6944665440113839,https://1drv.ms/i/s!AuR4bnS0n2fes6oVNPzdlN8JBubj3A?e=f79vVc,0.8112000491995746,-0.7453649684887911,45203000,1247727600000,1341990000000,1439622000000,1147158000000,"{""type"":""Polygon"",""coordinates"":[[[12.780613011971829,50.078573645451485],[12.7805346775366,50.078566482327844],[12.780462578588054,50.07854556314765],[12.78040245424765,50.07851255309413],[12.780359090423463,50.07847007978922],[12.780335938848605,50.0784215241281],[12.78033484233178,50.07837075115366],[12.78035588808739,50.07832180239528],[12.780397400814609,50.07827857416289],[12.780456076069617,50.078244507404165],[12.780527243308939,50.078222313811295],[12.780605237662568,50.078213759977025],[12.780683850844433,50.07821952677928],[12.780756825311853,50.07823915518554],[12.780818352345147,50.07827108279032],[12.780863534406778,50.07831276817773],[12.780888774980854,50.078360893211475],[12.780892064863238,50.07841162715216],[12.780873142111165,50.07846093157989],[12.780833512915166,50.07850488185208],[12.78077633172517,50.07853997950801],[12.780706150166944,50.078563430752375],[12.780628554731724,50.078573368848126],[12.780613011971829,50.078573645451485]]]}"
1_LT05_192025_20061019_00000000000000000002,E20 E20 E20 B16,0.38506896424627673,https://1drv.ms/i/s!AuR4bnS0n2fes6l4hvOSPmVzGxs2ag?e=239b2w,0.7028671770139159,-0.6224680781853066,44943016,1246345200000,1340694000000,1439276400000,1147330800000,"{""type"":""Polygon"",""coordinates"":[[[12.424825798018437,50.23078060080981],[12.424747213821886,50.23077343768601],[12.424674884993586,50.23075251850544],[12.424614568953812,50.230719508451415],[12.424571066870005,50.230677035146044],[12.424547841480498,50.23062847948463],[12.424546741469157,50.23057770651018],[12.424567854327963,50.23052875775207],[12.424609499414164,50.23048552952012],[12.424668361747903,50.230451462761906],[12.424739755894295,50.230429269169434],[12.424817998921895,50.23042071533534],[12.424896862750742,50.230426482137474],[12.424970069887223,50.23044611054338],[12.425031793091625,50.23047803814766],[12.425077119211299,50.23051972353459],[12.425102440263139,50.230567848568036],[12.425105740636502,50.23061858250866],[12.42508675755296,50.230667886936644],[12.425047002004897,50.23071183720926],[12.424989638499584,50.23074693486571],[12.424919233175109,50.230770386110486],[12.42484139033484,50.230780324206435],[12.424825798018437,50.23078060080981]]]}"
1_LT05_192025_20061019_00000000000000000003,E20 E20 E20 B51,0.43642575589297067,https://1drv.ms/i/s!AuR4bnS0n2fes6oVNPzdlN8JBubj3A?e=f79vVc,0.6292700962656821,-0.5896231318827112,45203000,1247727600000,1341990000000,1439622000000,1147158000000,"{""type"":""Polygon"",""coordinates"":[[[12.780613011971829,50.078573645451485],[12.7805346775366,50.078566482327844],[12.780462578588054,50.07854556314765],[12.78040245424765,50.07851255309413],[12.780359090423463,50.07847007978922],[12.780335938848605,50.0784215241281],[12.78033484233178,50.07837075115366],[12.78035588808739,50.07832180239528],[12.780397400814609,50.07827857416289],[12.780456076069617,50.078244507404165],[12.780527243308939,50.078222313811295],[12.780605237662568,50.078213759977025],[12.780683850844433,50.07821952677928],[12.780756825311853,50.07823915518554],[12.780818352345147,50.07827108279032],[12.780863534406778,50.07831276817773],[12.780888774980854,50.078360893211475],[12.780892064863238,50.07841162715216],[12.780873142111165,50.07846093157989],[12.780833512915166,50.07850488185208],[12.78077633172517,50.07853997950801],[12.780706150166944,50.078563430752375],[12.780628554731724,50.078573368848126],[12.780613011971829,50.078573645451485]]]}"
1_LT05_192025_20070312_00000000000000000002,E20 E20 E20 B16,0.3494425393819788,https://1drv.ms/i/s!AuR4bnS0n2fes6l4hvOSPmVzGxs2ag?e=239b2w,0.5149712689847673,-0.5277097478513422,44943016,1246345200000,1340694000000,1439276400000,1147330800000,"{""type"":""Polygon"",""coordinates"":[[[12.424825798018437,50.23078060080981],[12.424747213821886,50.23077343768601],[12.424674884993586,50.23075251850544],[12.424614568953812,50.230719508451415],[12.424571066870005,50.230677035146044],[12.424547841480498,50.23062847948463],[12.424546741469157,50.23057770651018],[12.424567854327963,50.23052875775207],[12.424609499414164,50.23048552952012],[12.424668361747903,50.230451462761906],[12.424739755894295,50.230429269169434],[12.424817998921895,50.23042071533534],[12.424896862750742,50.230426482137474],[12.424970069887223,50.23044611054338],[12.425031793091625,50.23047803814766],[12.425077119211299,50.23051972353459],[12.425102440263139,50.230567848568036],[12.425105740636502,50.23061858250866],[12.42508675755296,50.230667886936644],[12.425047002004897,50.23071183720926],[12.424989638499584,50.23074693486571],[12.424919233175109,50.230770386110486],[12.42484139033484,50.230780324206435],[12.424825798018437,50.23078060080981]]]}"
1_LT05_192025_20070312_00000000000000000003,E20 E20 E20 B51,0.23357324760711734,https://1drv.ms/i/s!AuR4bnS0n2fes6oVNPzdlN8JBubj3A?e=f79vVc,0.36868919557729274,-0.4306057971612198,45203000,1247727600000,1341990000000,1439622000000,1147158000000,"{""type"":""Polygon"",""coordinates"":[[[12.780613011971829,50.078573645451485],[12.7805346775366,50.078566482327844],[12.780462578588054,50.07854556314765],[12.78040245424765,50.07851255309413],[12.780359090423463,50.07847007978922],[12.780335938848605,50.0784215241281],[12.78033484233178,50.07837075115366],[12.78035588808739,50.07832180239528],[12.780397400814609,50.07827857416289],[12.780456076069617,50.078244507404165],[12.780527243308939,50.078222313811295],[12.780605237662568,50.078213759977025],[12.780683850844433,50.07821952677928],[12.780756825311853,50.07823915518554],[12.780818352345147,50.07827108279032],[12.780863534406778,50.07831276817773],[12.780888774980854,50.078360893211475],[12.780892064863238,50.07841162715216],[12.780873142111165,50.07846093157989],[12.780833512915166,50.07850488185208],[12.78077633172517,50.07853997950801],[12.780706150166944,50.078563430752375],[12.780628554731724,50.078573368848126],[12.780613011971829,50.078573645451485]]]}"
1_LT05_192025_20090824_00000000000000000004,E20 E20 E20 B13,0.4117317977861308,https://1drv.ms/i/s!AuR4bnS0n2fes6oD0gSHeVvXvGkuZQ?e=rB7cNL,0.6141604355098486,-0.598331408758282,46782996,1246518000000,1339311600000,1438844400000,1147676400000,"{""type"":""Polygon"",""coordinates"":[[[14.979819356026065,49.96756432472594],[14.979741202403837,49.96755716160239],[14.979669269875169,49.96753624242248],[14.979609284314213,49.96750323236933],[14.97956602058214,49.96746075906477],[14.979542922444892,49.96741220340385],[14.979541828457904,49.96736143042943],[14.979562825634616,49.96731248167086],[14.979604242541454,49.967269253438126],[14.97966278236209,49.96723518667903],[14.979733785333586,49.96721299308588],[14.979811599661389,49.96720443925149],[14.979890031389075,49.96721020605382],[14.979962837417313,49.96722983446035],[14.980024222433876,49.9672617620655],[14.98006930020567,49.96730344745324],[14.980094482518423,49.96735157248722],[14.980097764805935,49.967402306427935],[14.980078885730428,49.967451610855505],[14.980039348006134,49.96749556112736],[14.97998229880207,49.96753065878292],[14.979912279237894,49.96755411002697],[14.979834862909865,49.9675640481226],[14.979819356026065,49.96756432472594]]]}"
1_LT05_192025_20090824_00000000000000000005,E20 E20 E20 B14,0.5654499053063038,https://1drv.ms/i/s!AuR4bnS0n2fes6l-CMabXiyK5SOLZA?e=UYJd1D,0.7933544555577416,-0.7255457063382622,46943076,1247382000000,1342076400000,1438671600000,1148540400000,"{""type"":""Polygon"",""coordinates"":[[[15.281794138466477,50.67472870169088],[15.281714813377217,50.674721538566665],[15.281641802632954,50.67470061938495],[15.281580917935639,50.67466760932944],[15.281537005718116,50.67462513602269],[15.281513561364674,50.67457658036044],[15.28151245098724,50.67452580738595],[15.281533762901178,50.674476858628594],[15.281575800617446,50.674433630398],[15.28163521790204,50.67439956364129],[15.28170728514617,50.67437737005001],[15.281786265840893,50.674368816216415],[15.28186587318959,50.674374583018206],[15.281939770516198,50.67439421142304],[15.282002075643087,50.67442613902584],[15.28204782909696,50.67446782441135],[15.282073388878288,50.67451594944389],[15.282076720372164,50.67456668338439],[15.282057558321211,50.67461598781307],[15.282017427962073,50.674659938087004],[15.281959523636102,50.674695035744946],[15.281888454530783,50.674718486990955],[15.28180987778745,50.674728425087494],[15.281794138466477,50.67472870169088]]]}"
1_LT05_192025_20090824_00000000000000000002,E20 E20 E20 B16,0.7474397829873283,https://1drv.ms/i/s!AuR4bnS0n2fes6l4hvOSPmVzGxs2ag?e=239b2w,0.8416264265017075,-0.7661217573166382,44943016,1246345200000,1340694000000,1439276400000,1147330800000,"{""type"":""Polygon"",""coordinates"":[[[12.424825798018437,50.23078060080981],[12.424747213821886,50.23077343768601],[12.424674884993586,50.23075251850544],[12.424614568953812,50.230719508451415],[12.424571066870005,50.230677035146044],[12.424547841480498,50.23062847948463],[12.424546741469157,50.23057770651018],[12.424567854327963,50.23052875775207],[12.424609499414164,50.23048552952012],[12.424668361747903,50.230451462761906],[12.424739755894295,50.230429269169434],[12.424817998921895,50.23042071533534],[12.424896862750742,50.230426482137474],[12.424970069887223,50.23044611054338],[12.425031793091625,50.23047803814766],[12.425077119211299,50.23051972353459],[12.425102440263139,50.230567848568036],[12.425105740636502,50.23061858250866],[12.42508675755296,50.230667886936644],[12.425047002004897,50.23071183720926],[12.424989638499584,50.23074693486571],[12.424919233175109,50.230770386110486],[12.42484139033484,50.230780324206435],[12.424825798018437,50.23078060080981]]]}"
1_LT05_192025_20090824_00000000000000000003,E20 E20 E20 B51,0.5512217753010094,https://1drv.ms/i/s!AuR4bnS0n2fes6oVNPzdlN8JBubj3A?e=f79vVc,0.7383543565233431,-0.6586491954980324,45203000,1247727600000,1341990000000,1439622000000,1147158000000,"{""type"":""Polygon"",""coordinates"":[[[12.780613011971829,50.078573645451485],[12.7805346775366,50.078566482327844],[12.780462578588054,50.07854556314765],[12.78040245424765,50.07851255309413],[12.780359090423463,50.07847007978922],[12.780335938848605,50.0784215241281],[12.78033484233178,50.07837075115366],[12.78035588808739,50.07832180239528],[12.780397400814609,50.07827857416289],[12.780456076069617,50.078244507404165],[12.780527243308939,50.078222313811295],[12.780605237662568,50.078213759977025],[12.780683850844433,50.07821952677928],[12.780756825311853,50.07823915518554],[12.780818352345147,50.07827108279032],[12.780863534406778,50.07831276817773],[12.780888774980854,50.078360893211475],[12.780892064863238,50.07841162715216],[12.780873142111165,50.07846093157989],[12.780833512915166,50.07850488185208],[12.78077633172517,50.07853997950801],[12.780706150166944,50.078563430752375],[12.780628554731724,50.078573368848126],[12.780613011971829,50.078573645451485]]]}"
1_LT05_192025_20090909_00000000000000000005,E20 E20 E20 B14,0.5093671660745855,https://1drv.ms/i/s!AuR4bnS0n2fes6l-CMabXiyK5SOLZA?e=UYJd1D,0.7701542347497592,-0.6941021698377453,46943076,1247382000000,1342076400000,1438671600000,1148540400000,"{""type"":""Polygon"",""coordinates"":[[[15.281794138466477,50.67472870169088],[15.281714813377217,50.674721538566665],[15.281641802632954,50.67470061938495],[15.281580917935639,50.67466760932944],[15.281537005718116,50.67462513602269],[15.281513561364674,50.67457658036044],[15.28151245098724,50.67452580738595],[15.281533762901178,50.674476858628594],[15.281575800617446,50.674433630398],[15.28163521790204,50.67439956364129],[15.28170728514617,50.67437737005001],[15.281786265840893,50.674368816216415],[15.28186587318959,50.674374583018206],[15.281939770516198,50.67439421142304],[15.282002075643087,50.67442613902584],[15.28204782909696,50.67446782441135],[15.282073388878288,50.67451594944389],[15.282076720372164,50.67456668338439],[15.282057558321211,50.67461598781307],[15.282017427962073,50.674659938087004],[15.281959523636102,50.674695035744946],[15.281888454530783,50.674718486990955],[15.28180987778745,50.674728425087494],[15.281794138466477,50.67472870169088]]]}"
1_LT05_192025_20090909_00000000000000000002,E20 E20 E20 B16,0.7629023727983208,https://1drv.ms/i/s!AuR4bnS0n2fes6l4hvOSPmVzGxs2ag?e=239b2w,0.8619770810395638,-0.7874643490964499,44943016,1246345200000,1340694000000,1439276400000,1147330800000,"{""type"":""Polygon"",""coordinates"":[[[12.424825798018437,50.23078060080981],[12.424747213821886,50.23077343768601],[12.424674884993586,50.23075251850544],[12.424614568953812,50.230719508451415],[12.424571066870005,50.230677035146044],[12.424547841480498,50.23062847948463],[12.424546741469157,50.23057770651018],[12.424567854327963,50.23052875775207],[12.424609499414164,50.23048552952012],[12.424668361747903,50.230451462761906],[12.424739755894295,50.230429269169434],[12.424817998921895,50.23042071533534],[12.424896862750742,50.230426482137474],[12.424970069887223,50.23044611054338],[12.425031793091625,50.23047803814766],[12.425077119211299,50.23051972353459],[12.425102440263139,50.230567848568036],[12.425105740636502,50.23061858250866],[12.42508675755296,50.230667886936644],[12.425047002004897,50.23071183720926],[12.424989638499584,50.23074693486571],[12.424919233175109,50.230770386110486],[12.42484139033484,50.230780324206435],[12.424825798018437,50.23078060080981]]]}"
1_LT05_192025_20090909_00000000000000000003,E20 E20 E20 B51,0.47204027717161445,https://1drv.ms/i/s!AuR4bnS0n2fes6oVNPzdlN8JBubj3A?e=f79vVc,0.6753149197004824,-0.645313721220909,45203000,1247727600000,1341990000000,1439622000000,1147158000000,"{""type"":""Polygon"",""coordinates"":[[[12.780613011971829,50.078573645451485],[12.7805346775366,50.078566482327844],[12.780462578588054,50.07854556314765],[12.78040245424765,50.07851255309413],[12.780359090423463,50.07847007978922],[12.780335938848605,50.0784215241281],[12.78033484233178,50.07837075115366],[12.78035588808739,50.07832180239528],[12.780397400814609,50.07827857416289],[12.780456076069617,50.078244507404165],[12.780527243308939,50.078222313811295],[12.780605237662568,50.078213759977025],[12.780683850844433,50.07821952677928],[12.780756825311853,50.07823915518554],[12.780818352345147,50.07827108279032],[12.780863534406778,50.07831276817773],[12.780888774980854,50.078360893211475],[12.780892064863238,50.07841162715216],[12.780873142111165,50.07846093157989],[12.780833512915166,50.07850488185208],[12.78077633172517,50.07853997950801],[12.780706150166944,50.078563430752375],[12.780628554731724,50.078573368848126],[12.780613011971829,50.078573645451485]]]}"
1_LT05_192025_20100710_00000000000000000005,E20 E20 E20 B14,0.5398745233489074,https://1drv.ms/i/s!AuR4bnS0n2fes6l-CMabXiyK5SOLZA?e=UYJd1D,0.7609874289467915,-0.7066901431212955,46943076,1247382000000,1342076400000,1438671600000,1148540400000,"{""type"":""Polygon"",""coordinates"":[[[15.281794138466477,50.67472870169088],[15.281714813377217,50.674721538566665],[15.281641802632954,50.67470061938495],[15.281580917935639,50.67466760932944],[15.281537005718116,50.67462513602269],[15.281513561364674,50.67457658036044],[15.28151245098724,50.67452580738595],[15.281533762901178,50.674476858628594],[15.281575800617446,50.674433630398],[15.28163521790204,50.67439956364129],[15.28170728514617,50.67437737005001],[15.281786265840893,50.674368816216415],[15.28186587318959,50.674374583018206],[15.281939770516198,50.67439421142304],[15.282002075643087,50.67442613902584],[15.28204782909696,50.67446782441135],[15.282073388878288,50.67451594944389],[15.282076720372164,50.67456668338439],[15.282057558321211,50.67461598781307],[15.282017427962073,50.674659938087004],[15.281959523636102,50.674695035744946],[15.281888454530783,50.674718486990955],[15.28180987778745,50.674728425087494],[15.281794138466477,50.67472870169088]]]}"
1_LT05_192025_20100710_00000000000000000002,E20 E20 E20 B16,0.7707523592188066,https://1drv.ms/i/s!AuR4bnS0n2fes6l4hvOSPmVzGxs2ag?e=239b2w,0.8246939699878258,-0.7600461428857643,44943016,1246345200000,1340694000000,1439276400000,1147330800000,"{""type"":""Polygon"",""coordinates"":[[[12.424825798018437,50.23078060080981],[12.424747213821886,50.23077343768601],[12.424674884993586,50.23075251850544],[12.424614568953812,50.230719508451415],[12.424571066870005,50.230677035146044],[12.424547841480498,50.23062847948463],[12.424546741469157,50.23057770651018],[12.424567854327963,50.23052875775207],[12.424609499414164,50.23048552952012],[12.424668361747903,50.230451462761906],[12.424739755894295,50.230429269169434],[12.424817998921895,50.23042071533534],[12.424896862750742,50.230426482137474],[12.424970069887223,50.23044611054338],[12.425031793091625,50.23047803814766],[12.425077119211299,50.23051972353459],[12.425102440263139,50.230567848568036],[12.425105740636502,50.23061858250866],[12.42508675755296,50.230667886936644],[12.425047002004897,50.23071183720926],[12.424989638499584,50.23074693486571],[12.424919233175109,50.230770386110486],[12.42484139033484,50.230780324206435],[12.424825798018437,50.23078060080981]]]}"
1_LT05_192025_20100710_00000000000000000003,E20 E20 E20 B51,0.4857917559209819,https://1drv.ms/i/s!AuR4bnS0n2fes6oVNPzdlN8JBubj3A?e=f79vVc,0.6754972452652561,-0.6320801606320261,45203000,1247727600000,1341990000000,1439622000000,1147158000000,"{""type"":""Polygon"",""coordinates"":[[[12.780613011971829,50.078573645451485],[12.7805346775366,50.078566482327844],[12.780462578588054,50.07854556314765],[12.78040245424765,50.07851255309413],[12.780359090423463,50.07847007978922],[12.780335938848605,50.0784215241281],[12.78033484233178,50.07837075115366],[12.78035588808739,50.07832180239528],[12.780397400814609,50.07827857416289],[12.780456076069617,50.078244507404165],[12.780527243308939,50.078222313811295],[12.780605237662568,50.078213759977025],[12.780683850844433,50.07821952677928],[12.780756825311853,50.07823915518554],[12.780818352345147,50.07827108279032],[12.780863534406778,50.07831276817773],[12.780888774980854,50.078360893211475],[12.780892064863238,50.07841162715216],[12.780873142111165,50.07846093157989],[12.780833512915166,50.07850488185208],[12.78077633172517,50.07853997950801],[12.780706150166944,50.078563430752375],[12.780628554731724,50.078573368848126],[12.780613011971829,50.078573645451485]]]}"
1_LT05_192025_20100912_00000000000000000002,E20 E20 E20 B16,0.5292408964842397,https://1drv.ms/i/s!AuR4bnS0n2fes6l4hvOSPmVzGxs2ag?e=239b2w,0.7264369134748967,-0.638268180583342,44943016,1246345200000,1340694000000,1439276400000,1147330800000,"{""type"":""Polygon"",""coordinates"":[[[12.424825798018437,50.23078060080981],[12.424747213821886,50.23077343768601],[12.424674884993586,50.23075251850544],[12.424614568953812,50.230719508451415],[12.424571066870005,50.230677035146044],[12.424547841480498,50.23062847948463],[12.424546741469157,50.23057770651018],[12.424567854327963,50.23052875775207],[12.424609499414164,50.23048552952012],[12.424668361747903,50.230451462761906],[12.424739755894295,50.230429269169434],[12.424817998921895,50.23042071533534],[12.424896862750742,50.230426482137474],[12.424970069887223,50.23044611054338],[12.425031793091625,50.23047803814766],[12.425077119211299,50.23051972353459],[12.425102440263139,50.230567848568036],[12.425105740636502,50.23061858250866],[12.42508675755296,50.230667886936644],[12.425047002004897,50.23071183720926],[12.424989638499584,50.23074693486571],[12.424919233175109,50.230770386110486],[12.42484139033484,50.230780324206435],[12.424825798018437,50.23078060080981]]]}"
1_LT05_192025_20101030_00000000000000000005,E20 E20 E20 B14,0.3732840317182723,https://1drv.ms/i/s!AuR4bnS0n2fes6l-CMabXiyK5SOLZA?e=UYJd1D,0.560023723514625,-0.5427106101354424,46943076,1247382000000,1342076400000,1438671600000,1148540400000,"{""type"":""Polygon"",""coordinates"":[[[15.281794138466477,50.67472870169088],[15.281714813377217,50.674721538566665],[15.281641802632954,50.67470061938495],[15.281580917935639,50.67466760932944],[15.281537005718116,50.67462513602269],[15.281513561364674,50.67457658036044],[15.28151245098724,50.67452580738595],[15.281533762901178,50.674476858628594],[15.281575800617446,50.674433630398],[15.28163521790204,50.67439956364129],[15.28170728514617,50.67437737005001],[15.281786265840893,50.674368816216415],[15.28186587318959,50.674374583018206],[15.281939770516198,50.67439421142304],[15.282002075643087,50.67442613902584],[15.28204782909696,50.67446782441135],[15.282073388878288,50.67451594944389],[15.282076720372164,50.67456668338439],[15.282057558321211,50.67461598781307],[15.282017427962073,50.674659938087004],[15.281959523636102,50.674695035744946],[15.281888454530783,50.674718486990955],[15.28180987778745,50.674728425087494],[15.281794138466477,50.67472870169088]]]}"
1_LT05_192025_20101030_00000000000000000002,E20 E20 E20 B16,0.5456649231259919,https://1drv.ms/i/s!AuR4bnS0n2fes6l4hvOSPmVzGxs2ag?e=239b2w,0.7222617502784201,-0.6386323137283638,44943016,1246345200000,1340694000000,1439276400000,1147330800000,"{""type"":""Polygon"",""coordinates"":[[[12.424825798018437,50.23078060080981],[12.424747213821886,50.23077343768601],[12.424674884993586,50.23075251850544],[12.424614568953812,50.230719508451415],[12.424571066870005,50.230677035146044],[12.424547841480498,50.23062847948463],[12.424546741469157,50.23057770651018],[12.424567854327963,50.23052875775207],[12.424609499414164,50.23048552952012],[12.424668361747903,50.230451462761906],[12.424739755894295,50.230429269169434],[12.424817998921895,50.23042071533534],[12.424896862750742,50.230426482137474],[12.424970069887223,50.23044611054338],[12.425031793091625,50.23047803814766],[12.425077119211299,50.23051972353459],[12.425102440263139,50.230567848568036],[12.425105740636502,50.23061858250866],[12.42508675755296,50.230667886936644],[12.425047002004897,50.23071183720926],[12.424989638499584,50.23074693486571],[12.424919233175109,50.230770386110486],[12.42484139033484,50.230780324206435],[12.424825798018437,50.23078060080981]]]}"
1_LT05_192025_20101030_00000000000000000003,E20 E20 E20 B51,0.2982455712302545,https://1drv.ms/i/s!AuR4bnS0n2fes6oVNPzdlN8JBubj3A?e=f79vVc,0.4376903066077336,-0.4642844656710071,45203000,1247727600000,1341990000000,1439622000000,1147158000000,"{""type"":""Polygon"",""coordinates"":[[[12.780613011971829,50.078573645451485],[12.7805346775366,50.078566482327844],[12.780462578588054,50.07854556314765],[12.78040245424765,50.07851255309413],[12.780359090423463,50.07847007978922],[12.780335938848605,50.0784215241281],[12.78033484233178,50.07837075115366],[12.78035588808739,50.07832180239528],[12.780397400814609,50.07827857416289],[12.780456076069617,50.078244507404165],[12.780527243308939,50.078222313811295],[12.780605237662568,50.078213759977025],[12.780683850844433,50.07821952677928],[12.780756825311853,50.07823915518554],[12.780818352345147,50.07827108279032],[12.780863534406778,50.07831276817773],[12.780888774980854,50.078360893211475],[12.780892064863238,50.07841162715216],[12.780873142111165,50.07846093157989],[12.780833512915166,50.07850488185208],[12.78077633172517,50.07853997950801],[12.780706150166944,50.078563430752375],[12.780628554731724,50.078573368848126],[12.780613011971829,50.078573645451485]]]}"
1_LT05_192025_20110424_00000000000000000004,E20 E20 E20 B13,0.5939785021214982,https://1drv.ms/i/s!AuR4bnS0n2fes6oD0gSHeVvXvGkuZQ?e=rB7cNL,0.6997146730659141,-0.5673856798496582,46782996,1246518000000,1339311600000,1438844400000,1147676400000,"{""type"":""Polygon"",""coordinates"":[[[14.979819356026065,49.96756432472594],[14.979741202403837,49.96755716160239],[14.979669269875169,49.96753624242248],[14.979609284314213,49.96750323236933],[14.97956602058214,49.96746075906477],[14.979542922444892,49.96741220340385],[14.979541828457904,49.96736143042943],[14.979562825634616,49.96731248167086],[14.979604242541454,49.967269253438126],[14.97966278236209,49.96723518667903],[14.979733785333586,49.96721299308588],[14.979811599661389,49.96720443925149],[14.979890031389075,49.96721020605382],[14.979962837417313,49.96722983446035],[14.980024222433876,49.9672617620655],[14.98006930020567,49.96730344745324],[14.980094482518423,49.96735157248722],[14.980097764805935,49.967402306427935],[14.980078885730428,49.967451610855505],[14.980039348006134,49.96749556112736],[14.97998229880207,49.96753065878292],[14.979912279237894,49.96755411002697],[14.979834862909865,49.9675640481226],[14.979819356026065,49.96756432472594]]]}"
1_LT05_192025_20110424_00000000000000000003,E20 E20 E20 B51,0.5087627558367062,https://1drv.ms/i/s!AuR4bnS0n2fes6oVNPzdlN8JBubj3A?e=f79vVc,0.6699122550227926,-0.6323781844241453,45203000,1247727600000,1341990000000,1439622000000,1147158000000,"{""type"":""Polygon"",""coordinates"":[[[12.780613011971829,50.078573645451485],[12.7805346775366,50.078566482327844],[12.780462578588054,50.07854556314765],[12.78040245424765,50.07851255309413],[12.780359090423463,50.07847007978922],[12.780335938848605,50.0784215241281],[12.78033484233178,50.07837075115366],[12.78035588808739,50.07832180239528],[12.780397400814609,50.07827857416289],[12.780456076069617,50.078244507404165],[12.780527243308939,50.078222313811295],[12.780605237662568,50.078213759977025],[12.780683850844433,50.07821952677928],[12.780756825311853,50.07823915518554],[12.780818352345147,50.07827108279032],[12.780863534406778,50.07831276817773],[12.780888774980854,50.078360893211475],[12.780892064863238,50.07841162715216],[12.780873142111165,50.07846093157989],[12.780833512915166,50.07850488185208],[12.78077633172517,50.07853997950801],[12.780706150166944,50.078563430752375],[12.780628554731724,50.078573368848126],[12.780613011971829,50.078573645451485]]]}"
1_LT05_192025_20110510_00000000000000000004,E20 E20 E20 B13,0.5620237110307663,https://1drv.ms/i/s!AuR4bnS0n2fes6oD0gSHeVvXvGkuZQ?e=rB7cNL,0.7588923123511254,-0.7111431705373693,46782996,1246518000000,1339311600000,1438844400000,1147676400000,"{""type"":""Polygon"",""coordinates"":[[[14.979819356026065,49.96756432472594],[14.979741202403837,49.96755716160239],[14.979669269875169,49.96753624242248],[14.979609284314213,49.96750323236933],[14.97956602058214,49.96746075906477],[14.979542922444892,49.96741220340385],[14.979541828457904,49.96736143042943],[14.979562825634616,49.96731248167086],[14.979604242541454,49.967269253438126],[14.97966278236209,49.96723518667903],[14.979733785333586,49.96721299308588],[14.979811599661389,49.96720443925149],[14.979890031389075,49.96721020605382],[14.979962837417313,49.96722983446035],[14.980024222433876,49.9672617620655],[14.98006930020567,49.96730344745324],[14.980094482518423,49.96735157248722],[14.980097764805935,49.967402306427935],[14.980078885730428,49.967451610855505],[14.980039348006134,49.96749556112736],[14.97998229880207,49.96753065878292],[14.979912279237894,49.96755411002697],[14.979834862909865,49.9675640481226],[14.979819356026065,49.96756432472594]]]}"
1_LT05_192025_20110510_00000000000000000002,E20 E20 E20 B16,0.6153368781309274,https://1drv.ms/i/s!AuR4bnS0n2fes6l4hvOSPmVzGxs2ag?e=239b2w,0.7131055199973924,-0.652397244254353,44943016,1246345200000,1340694000000,1439276400000,1147330800000,"{""type"":""Polygon"",""coordinates"":[[[12.424825798018437,50.23078060080981],[12.424747213821886,50.23077343768601],[12.424674884993586,50.23075251850544],[12.424614568953812,50.230719508451415],[12.424571066870005,50.230677035146044],[12.424547841480498,50.23062847948463],[12.424546741469157,50.23057770651018],[12.424567854327963,50.23052875775207],[12.424609499414164,50.23048552952012],[12.424668361747903,50.230451462761906],[12.424739755894295,50.230429269169434],[12.424817998921895,50.23042071533534],[12.424896862750742,50.230426482137474],[12.424970069887223,50.23044611054338],[12.425031793091625,50.23047803814766],[12.425077119211299,50.23051972353459],[12.425102440263139,50.230567848568036],[12.425105740636502,50.23061858250866],[12.42508675755296,50.230667886936644],[12.425047002004897,50.23071183720926],[12.424989638499584,50.23074693486571],[12.424919233175109,50.230770386110486],[12.42484139033484,50.230780324206435],[12.424825798018437,50.23078060080981]]]}"
1_LT05_192025_20110510_00000000000000000003,E20 E20 E20 B51,0.6208281258571415,https://1drv.ms/i/s!AuR4bnS0n2fes6oVNPzdlN8JBubj3A?e=f79vVc,0.759383298924335,-0.6968241341601094,45203000,1247727600000,1341990000000,1439622000000,1147158000000,"{""type"":""Polygon"",""coordinates"":[[[12.780613011971829,50.078573645451485],[12.7805346775366,50.078566482327844],[12.780462578588054,50.07854556314765],[12.78040245424765,50.07851255309413],[12.780359090423463,50.07847007978922],[12.780335938848605,50.0784215241281],[12.78033484233178,50.07837075115366],[12.78035588808739,50.07832180239528],[12.780397400814609,50.07827857416289],[12.780456076069617,50.078244507404165],[12.780527243308939,50.078222313811295],[12.780605237662568,50.078213759977025],[12.780683850844433,50.07821952677928],[12.780756825311853,50.07823915518554],[12.780818352345147,50.07827108279032],[12.780863534406778,50.07831276817773],[12.780888774980854,50.078360893211475],[12.780892064863238,50.07841162715216],[12.780873142111165,50.07846093157989],[12.780833512915166,50.07850488185208],[12.78077633172517,50.07853997950801],[12.780706150166944,50.078563430752375],[12.780628554731724,50.078573368848126],[12.780613011971829,50.078573645451485]]]}"
1_LT05_192025_20110526_00000000000000000005,E20 E20 E20 B14,0.6308694712375393,https://1drv.ms/i/s!AuR4bnS0n2fes6l-CMabXiyK5SOLZA?e=UYJd1D,0.8116771078149413,-0.7486253481401947,46943076,1247382000000,1342076400000,1438671600000,1148540400000,"{""type"":""Polygon"",""coordinates"":[[[15.281794138466477,50.67472870169088],[15.281714813377217,50.674721538566665],[15.281641802632954,50.67470061938495],[15.281580917935639,50.67466760932944],[15.281537005718116,50.67462513602269],[15.281513561364674,50.67457658036044],[15.28151245098724,50.67452580738595],[15.281533762901178,50.674476858628594],[15.281575800617446,50.674433630398],[15.28163521790204,50.67439956364129],[15.28170728514617,50.67437737005001],[15.281786265840893,50.674368816216415],[15.28186587318959,50.674374583018206],[15.281939770516198,50.67439421142304],[15.282002075643087,50.67442613902584],[15.28204782909696,50.67446782441135],[15.282073388878288,50.67451594944389],[15.282076720372164,50.67456668338439],[15.282057558321211,50.67461598781307],[15.282017427962073,50.674659938087004],[15.281959523636102,50.674695035744946],[15.281888454530783,50.674718486990955],[15.28180987778745,50.674728425087494],[15.281794138466477,50.67472870169088]]]}"
1_LT05_192025_20110526_00000000000000000002,E20 E20 E20 B16,0.4699849205871708,https://1drv.ms/i/s!AuR4bnS0n2fes6l4hvOSPmVzGxs2ag?e=239b2w,0.6420331626365527,-0.6106866743302776,44943016,1246345200000,1340694000000,1439276400000,1147330800000,"{""type"":""Polygon"",""coordinates"":[[[12.424825798018437,50.23078060080981],[12.424747213821886,50.23077343768601],[12.424674884993586,50.23075251850544],[12.424614568953812,50.230719508451415],[12.424571066870005,50.230677035146044],[12.424547841480498,50.23062847948463],[12.424546741469157,50.23057770651018],[12.424567854327963,50.23052875775207],[12.424609499414164,50.23048552952012],[12.424668361747903,50.230451462761906],[12.424739755894295,50.230429269169434],[12.424817998921895,50.23042071533534],[12.424896862750742,50.230426482137474],[12.424970069887223,50.23044611054338],[12.425031793091625,50.23047803814766],[12.425077119211299,50.23051972353459],[12.425102440263139,50.230567848568036],[12.425105740636502,50.23061858250866],[12.42508675755296,50.230667886936644],[12.425047002004897,50.23071183720926],[12.424989638499584,50.23074693486571],[12.424919233175109,50.230770386110486],[12.42484139033484,50.230780324206435],[12.424825798018437,50.23078060080981]]]}"
1_LT05_192025_20110526_00000000000000000003,E20 E20 E20 B51,0.7158863242979958,https://1drv.ms/i/s!AuR4bnS0n2fes6oVNPzdlN8JBubj3A?e=f79vVc,0.8446310798375413,-0.762037997393604,45203000,1247727600000,1341990000000,1439622000000,1147158000000,"{""type"":""Polygon"",""coordinates"":[[[12.780613011971829,50.078573645451485],[12.7805346775366,50.078566482327844],[12.780462578588054,50.07854556314765],[12.78040245424765,50.07851255309413],[12.780359090423463,50.07847007978922],[12.780335938848605,50.0784215241281],[12.78033484233178,50.07837075115366],[12.78035588808739,50.07832180239528],[12.780397400814609,50.07827857416289],[12.780456076069617,50.078244507404165],[12.780527243308939,50.078222313811295],[12.780605237662568,50.078213759977025],[12.780683850844433,50.07821952677928],[12.780756825311853,50.07823915518554],[12.780818352345147,50.07827108279032],[12.780863534406778,50.07831276817773],[12.780888774980854,50.078360893211475],[12.780892064863238,50.07841162715216],[12.780873142111165,50.07846093157989],[12.780833512915166,50.07850488185208],[12.78077633172517,50.07853997950801],[12.780706150166944,50.078563430752375],[12.780628554731724,50.078573368848126],[12.780613011971829,50.078573645451485]]]}"
1_LT05_193025_20000603_00000000000000000002,E20 E20 E20 B16,0.6882280299047536,https://1drv.ms/i/s!AuR4bnS0n2fes6l4hvOSPmVzGxs2ag?e=239b2w,0.8250145170000218,-0.7464271767615083,44943016,1246345200000,1340694000000,1439276400000,1147330800000,"{""type"":""Polygon"",""coordinates"":[[[12.424825798018437,50.23078060080981],[12.424747213821886,50.23077343768601],[12.424674884993586,50.23075251850544],[12.424614568953812,50.230719508451415],[12.424571066870005,50.230677035146044],[12.424547841480498,50.23062847948463],[12.424546741469157,50.23057770651018],[12.424567854327963,50.23052875775207],[12.424609499414164,50.23048552952012],[12.424668361747903,50.230451462761906],[12.424739755894295,50.230429269169434],[12.424817998921895,50.23042071533534],[12.424896862750742,50.230426482137474],[12.424970069887223,50.23044611054338],[12.425031793091625,50.23047803814766],[12.425077119211299,50.23051972353459],[12.425102440263139,50.230567848568036],[12.425105740636502,50.23061858250866],[12.42508675755296,50.230667886936644],[12.425047002004897,50.23071183720926],[12.424989638499584,50.23074693486571],[12.424919233175109,50.230770386110486],[12.42484139033484,50.230780324206435],[12.424825798018437,50.23078060080981]]]}"
1_LT05_193025_20000603_00000000000000000003,E20 E20 E20 B51,0.5867573396152289,https://1drv.ms/i/s!AuR4bnS0n2fes6oVNPzdlN8JBubj3A?e=f79vVc,0.7617517716592913,-0.6994717922525232,45203000,1247727600000,1341990000000,1439622000000,1147158000000,"{""type"":""Polygon"",""coordinates"":[[[12.780613011971829,50.078573645451485],[12.7805346775366,50.078566482327844],[12.780462578588054,50.07854556314765],[12.78040245424765,50.07851255309413],[12.780359090423463,50.07847007978922],[12.780335938848605,50.0784215241281],[12.78033484233178,50.07837075115366],[12.78035588808739,50.07832180239528],[12.780397400814609,50.07827857416289],[12.780456076069617,50.078244507404165],[12.780527243308939,50.078222313811295],[12.780605237662568,50.078213759977025],[12.780683850844433,50.07821952677928],[12.780756825311853,50.07823915518554],[12.780818352345147,50.07827108279032],[12.780863534406778,50.07831276817773],[12.780888774980854,50.078360893211475],[12.780892064863238,50.07841162715216],[12.780873142111165,50.07846093157989],[12.780833512915166,50.07850488185208],[12.78077633172517,50.07853997950801],[12.780706150166944,50.078563430752375],[12.780628554731724,50.078573368848126],[12.780613011971829,50.078573645451485]]]}"
1_LT05_193025_20000619_00000000000000000002,E20 E20 E20 B16,0.4924444291630209,https://1drv.ms/i/s!AuR4bnS0n2fes6l4hvOSPmVzGxs2ag?e=239b2w,0.7225508660180702,-0.7020054811466196,44943016,1246345200000,1340694000000,1439276400000,1147330800000,"{""type"":""Polygon"",""coordinates"":[[[12.424825798018437,50.23078060080981],[12.424747213821886,50.23077343768601],[12.424674884993586,50.23075251850544],[12.424614568953812,50.230719508451415],[12.424571066870005,50.230677035146044],[12.424547841480498,50.23062847948463],[12.424546741469157,50.23057770651018],[12.424567854327963,50.23052875775207],[12.424609499414164,50.23048552952012],[12.424668361747903,50.230451462761906],[12.424739755894295,50.230429269169434],[12.424817998921895,50.23042071533534],[12.424896862750742,50.230426482137474],[12.424970069887223,50.23044611054338],[12.425031793091625,50.23047803814766],[12.425077119211299,50.23051972353459],[12.425102440263139,50.230567848568036],[12.425105740636502,50.23061858250866],[12.42508675755296,50.230667886936644],[12.425047002004897,50.23071183720926],[12.424989638499584,50.23074693486571],[12.424919233175109,50.230770386110486],[12.42484139033484,50.230780324206435],[12.424825798018437,50.23078060080981]]]}"
1_LT05_193025_20000619_00000000000000000003,E20 E20 E20 B51,0.5156368835878965,https://1drv.ms/i/s!AuR4bnS0n2fes6oVNPzdlN8JBubj3A?e=f79vVc,0.7679786439071271,-0.6997572070047009,45203000,1247727600000,1341990000000,1439622000000,1147158000000,"{""type"":""Polygon"",""coordinates"":[[[12.780613011971829,50.078573645451485],[12.7805346775366,50.078566482327844],[12.780462578588054,50.07854556314765],[12.78040245424765,50.07851255309413],[12.780359090423463,50.07847007978922],[12.780335938848605,50.0784215241281],[12.78033484233178,50.07837075115366],[12.78035588808739,50.07832180239528],[12.780397400814609,50.07827857416289],[12.780456076069617,50.078244507404165],[12.780527243308939,50.078222313811295],[12.780605237662568,50.078213759977025],[12.780683850844433,50.07821952677928],[12.780756825311853,50.07823915518554],[12.780818352345147,50.07827108279032],[12.780863534406778,50.07831276817773],[12.780888774980854,50.078360893211475],[12.780892064863238,50.07841162715216],[12.780873142111165,50.07846093157989],[12.780833512915166,50.07850488185208],[12.78077633172517,50.07853997950801],[12.780706150166944,50.078563430752375],[12.780628554731724,50.078573368848126],[12.780613011971829,50.078573645451485]]]}"
1_LT05_193025_20010825_00000000000000000002,E20 E20 E20 B16,0.4731227112079737,https://1drv.ms/i/s!AuR4bnS0n2fes6l4hvOSPmVzGxs2ag?e=239b2w,0.6850418463171256,-0.6297950158488428,44943016,1246345200000,1340694000000,1439276400000,1147330800000,"{""type"":""Polygon"",""coordinates"":[[[12.424825798018437,50.23078060080981],[12.424747213821886,50.23077343768601],[12.424674884993586,50.23075251850544],[12.424614568953812,50.230719508451415],[12.424571066870005,50.230677035146044],[12.424547841480498,50.23062847948463],[12.424546741469157,50.23057770651018],[12.424567854327963,50.23052875775207],[12.424609499414164,50.23048552952012],[12.424668361747903,50.230451462761906],[12.424739755894295,50.230429269169434],[12.424817998921895,50.23042071533534],[12.424896862750742,50.230426482137474],[12.424970069887223,50.23044611054338],[12.425031793091625,50.23047803814766],[12.425077119211299,50.23051972353459],[12.425102440263139,50.230567848568036],[12.425105740636502,50.23061858250866],[12.42508675755296,50.230667886936644],[12.425047002004897,50.23071183720926],[12.424989638499584,50.23074693486571],[12.424919233175109,50.230770386110486],[12.42484139033484,50.230780324206435],[12.424825798018437,50.23078060080981]]]}"
1_LT05_193025_20010825_00000000000000000003,E20 E20 E20 B51,0.32364817272686863,https://1drv.ms/i/s!AuR4bnS0n2fes6oVNPzdlN8JBubj3A?e=f79vVc,0.5151812920332816,-0.5268085865993999,45203000,1247727600000,1341990000000,1439622000000,1147158000000,"{""type"":""Polygon"",""coordinates"":[[[12.780613011971829,50.078573645451485],[12.7805346775366,50.078566482327844],[12.780462578588054,50.07854556314765],[12.78040245424765,50.07851255309413],[12.780359090423463,50.07847007978922],[12.780335938848605,50.0784215241281],[12.78033484233178,50.07837075115366],[12.78035588808739,50.07832180239528],[12.780397400814609,50.07827857416289],[12.780456076069617,50.078244507404165],[12.780527243308939,50.078222313811295],[12.780605237662568,50.078213759977025],[12.780683850844433,50.07821952677928],[12.780756825311853,50.07823915518554],[12.780818352345147,50.07827108279032],[12.780863534406778,50.07831276817773],[12.780888774980854,50.078360893211475],[12.780892064863238,50.07841162715216],[12.780873142111165,50.07846093157989],[12.780833512915166,50.07850488185208],[12.78077633172517,50.07853997950801],[12.780706150166944,50.078563430752375],[12.780628554731724,50.078573368848126],[12.780613011971829,50.078573645451485]]]}"
1_LT05_193025_20031018_00000000000000000002,E20 E20 E20 B16,0.26093104281978685,https://1drv.ms/i/s!AuR4bnS0n2fes6l4hvOSPmVzGxs2ag?e=239b2w,0.4595746538425811,-0.4835640068496398,44943016,1246345200000,1340694000000,1439276400000,1147330800000,"{""type"":""Polygon"",""coordinates"":[[[12.424825798018437,50.23078060080981],[12.424747213821886,50.23077343768601],[12.424674884993586,50.23075251850544],[12.424614568953812,50.230719508451415],[12.424571066870005,50.230677035146044],[12.424547841480498,50.23062847948463],[12.424546741469157,50.23057770651018],[12.424567854327963,50.23052875775207],[12.424609499414164,50.23048552952012],[12.424668361747903,50.230451462761906],[12.424739755894295,50.230429269169434],[12.424817998921895,50.23042071533534],[12.424896862750742,50.230426482137474],[12.424970069887223,50.23044611054338],[12.425031793091625,50.23047803814766],[12.425077119211299,50.23051972353459],[12.425102440263139,50.230567848568036],[12.425105740636502,50.23061858250866],[12.42508675755296,50.230667886936644],[12.425047002004897,50.23071183720926],[12.424989638499584,50.23074693486571],[12.424919233175109,50.230770386110486],[12.42484139033484,50.230780324206435],[12.424825798018437,50.23078060080981]]]}"
1_LT05_193025_20031018_00000000000000000003,E20 E20 E20 B51,0.23461401364037507,https://1drv.ms/i/s!AuR4bnS0n2fes6oVNPzdlN8JBubj3A?e=f79vVc,0.4162692505309103,-0.4741501264304177,45203000,1247727600000,1341990000000,1439622000000,1147158000000,"{""type"":""Polygon"",""coordinates"":[[[12.780613011971829,50.078573645451485],[12.7805346775366,50.078566482327844],[12.780462578588054,50.07854556314765],[12.78040245424765,50.07851255309413],[12.780359090423463,50.07847007978922],[12.780335938848605,50.0784215241281],[12.78033484233178,50.07837075115366],[12.78035588808739,50.07832180239528],[12.780397400814609,50.07827857416289],[12.780456076069617,50.078244507404165],[12.780527243308939,50.078222313811295],[12.780605237662568,50.078213759977025],[12.780683850844433,50.07821952677928],[12.780756825311853,50.07823915518554],[12.780818352345147,50.07827108279032],[12.780863534406778,50.07831276817773],[12.780888774980854,50.078360893211475],[12.780892064863238,50.07841162715216],[12.780873142111165,50.07846093157989],[12.780833512915166,50.07850488185208],[12.78077633172517,50.07853997950801],[12.780706150166944,50.078563430752375],[12.780628554731724,50.078573368848126],[12.780613011971829,50.078573645451485]]]}"
1_LT05_193025_20040902_00000000000000000002,E20 E20 E20 B16,0.4469708512191813,https://1drv.ms/i/s!AuR4bnS0n2fes6l4hvOSPmVzGxs2ag?e=239b2w,0.7130326010152745,-0.6814919114886734,44943016,1246345200000,1340694000000,1439276400000,1147330800000,"{""type"":""Polygon"",""coordinates"":[[[12.424825798018437,50.23078060080981],[12.424747213821886,50.23077343768601],[12.424674884993586,50.23075251850544],[12.424614568953812,50.230719508451415],[12.424571066870005,50.230677035146044],[12.424547841480498,50.23062847948463],[12.424546741469157,50.23057770651018],[12.424567854327963,50.23052875775207],[12.424609499414164,50.23048552952012],[12.424668361747903,50.230451462761906],[12.424739755894295,50.230429269169434],[12.424817998921895,50.23042071533534],[12.424896862750742,50.230426482137474],[12.424970069887223,50.23044611054338],[12.425031793091625,50.23047803814766],[12.425077119211299,50.23051972353459],[12.425102440263139,50.230567848568036],[12.425105740636502,50.23061858250866],[12.42508675755296,50.230667886936644],[12.425047002004897,50.23071183720926],[12.424989638499584,50.23074693486571],[12.424919233175109,50.230770386110486],[12.42484139033484,50.230780324206435],[12.424825798018437,50.23078060080981]]]}"
1_LT05_193025_20040902_00000000000000000003,E20 E20 E20 B51,0.5403313755666543,https://1drv.ms/i/s!AuR4bnS0n2fes6oVNPzdlN8JBubj3A?e=f79vVc,0.7612480457626315,-0.6747226905654302,45203000,1247727600000,1341990000000,1439622000000,1147158000000,"{""type"":""Polygon"",""coordinates"":[[[12.780613011971829,50.078573645451485],[12.7805346775366,50.078566482327844],[12.780462578588054,50.07854556314765],[12.78040245424765,50.07851255309413],[12.780359090423463,50.07847007978922],[12.780335938848605,50.0784215241281],[12.78033484233178,50.07837075115366],[12.78035588808739,50.07832180239528],[12.780397400814609,50.07827857416289],[12.780456076069617,50.078244507404165],[12.780527243308939,50.078222313811295],[12.780605237662568,50.078213759977025],[12.780683850844433,50.07821952677928],[12.780756825311853,50.07823915518554],[12.780818352345147,50.07827108279032],[12.780863534406778,50.07831276817773],[12.780888774980854,50.078360893211475],[12.780892064863238,50.07841162715216],[12.780873142111165,50.07846093157989],[12.780833512915166,50.07850488185208],[12.78077633172517,50.07853997950801],[12.780706150166944,50.078563430752375],[12.780628554731724,50.078573368848126],[12.780613011971829,50.078573645451485]]]}"
1_LT05_193025_20050905_00000000000000000002,E20 E20 E20 B16,0.6208961615632053,https://1drv.ms/i/s!AuR4bnS0n2fes6l4hvOSPmVzGxs2ag?e=239b2w,0.8112901803667295,-0.7525759265060427,44943016,1246345200000,1340694000000,1439276400000,1147330800000,"{""type"":""Polygon"",""coordinates"":[[[12.424825798018437,50.23078060080981],[12.424747213821886,50.23077343768601],[12.424674884993586,50.23075251850544],[12.424614568953812,50.230719508451415],[12.424571066870005,50.230677035146044],[12.424547841480498,50.23062847948463],[12.424546741469157,50.23057770651018],[12.424567854327963,50.23052875775207],[12.424609499414164,50.23048552952012],[12.424668361747903,50.230451462761906],[12.424739755894295,50.230429269169434],[12.424817998921895,50.23042071533534],[12.424896862750742,50.230426482137474],[12.424970069887223,50.23044611054338],[12.425031793091625,50.23047803814766],[12.425077119211299,50.23051972353459],[12.425102440263139,50.230567848568036],[12.425105740636502,50.23061858250866],[12.42508675755296,50.230667886936644],[12.425047002004897,50.23071183720926],[12.424989638499584,50.23074693486571],[12.424919233175109,50.230770386110486],[12.42484139033484,50.230780324206435],[12.424825798018437,50.23078060080981]]]}"
1_LT05_193025_20050905_00000000000000000003,E20 E20 E20 B51,0.48970216176968606,https://1drv.ms/i/s!AuR4bnS0n2fes6oVNPzdlN8JBubj3A?e=f79vVc,0.7189144639814783,-0.6589036926026408,45203000,1247727600000,1341990000000,1439622000000,1147158000000,"{""type"":""Polygon"",""coordinates"":[[[12.780613011971829,50.078573645451485],[12.7805346775366,50.078566482327844],[12.780462578588054,50.07854556314765],[12.78040245424765,50.07851255309413],[12.780359090423463,50.07847007978922],[12.780335938848605,50.0784215241281],[12.78033484233178,50.07837075115366],[12.78035588808739,50.07832180239528],[12.780397400814609,50.07827857416289],[12.780456076069617,50.078244507404165],[12.780527243308939,50.078222313811295],[12.780605237662568,50.078213759977025],[12.780683850844433,50.07821952677928],[12.780756825311853,50.07823915518554],[12.780818352345147,50.07827108279032],[12.780863534406778,50.07831276817773],[12.780888774980854,50.078360893211475],[12.780892064863238,50.07841162715216],[12.780873142111165,50.07846093157989],[12.780833512915166,50.07850488185208],[12.78077633172517,50.07853997950801],[12.780706150166944,50.078563430752375],[12.780628554731724,50.078573368848126],[12.780613011971829,50.078573645451485]]]}"
1_LT05_193025_20051007_00000000000000000002,E20 E20 E20 B16,0.6055525640309517,https://1drv.ms/i/s!AuR4bnS0n2fes6l4hvOSPmVzGxs2ag?e=239b2w,0.7528095736783169,-0.6818856334243171,44943016,1246345200000,1340694000000,1439276400000,1147330800000,"{""type"":""Polygon"",""coordinates"":[[[12.424825798018437,50.23078060080981],[12.424747213821886,50.23077343768601],[12.424674884993586,50.23075251850544],[12.424614568953812,50.230719508451415],[12.424571066870005,50.230677035146044],[12.424547841480498,50.23062847948463],[12.424546741469157,50.23057770651018],[12.424567854327963,50.23052875775207],[12.424609499414164,50.23048552952012],[12.424668361747903,50.230451462761906],[12.424739755894295,50.230429269169434],[12.424817998921895,50.23042071533534],[12.424896862750742,50.230426482137474],[12.424970069887223,50.23044611054338],[12.425031793091625,50.23047803814766],[12.425077119211299,50.23051972353459],[12.425102440263139,50.230567848568036],[12.425105740636502,50.23061858250866],[12.42508675755296,50.230667886936644],[12.425047002004897,50.23071183720926],[12.424989638499584,50.23074693486571],[12.424919233175109,50.230770386110486],[12.42484139033484,50.230780324206435],[12.424825798018437,50.23078060080981]]]}"
1_LT05_193025_20051007_00000000000000000003,E20 E20 E20 B51,0.3754219626153982,https://1drv.ms/i/s!AuR4bnS0n2fes6oVNPzdlN8JBubj3A?e=f79vVc,0.5589300804197911,-0.5148953819616037,45203000,1247727600000,1341990000000,1439622000000,1147158000000,"{""type"":""Polygon"",""coordinates"":[[[12.780613011971829,50.078573645451485],[12.7805346775366,50.078566482327844],[12.780462578588054,50.07854556314765],[12.78040245424765,50.07851255309413],[12.780359090423463,50.07847007978922],[12.780335938848605,50.0784215241281],[12.78033484233178,50.07837075115366],[12.78035588808739,50.07832180239528],[12.780397400814609,50.07827857416289],[12.780456076069617,50.078244507404165],[12.780527243308939,50.078222313811295],[12.780605237662568,50.078213759977025],[12.780683850844433,50.07821952677928],[12.780756825311853,50.07823915518554],[12.780818352345147,50.07827108279032],[12.780863534406778,50.07831276817773],[12.780888774980854,50.078360893211475],[12.780892064863238,50.07841162715216],[12.780873142111165,50.07846093157989],[12.780833512915166,50.07850488185208],[12.78077633172517,50.07853997950801],[12.780706150166944,50.078563430752375],[12.780628554731724,50.078573368848126],[12.780613011971829,50.078573645451485]]]}"
1_LT05_193025_20060127_00000000000000000002,E20 E20 E20 B16,-0.13893314748489158,https://1drv.ms/i/s!AuR4bnS0n2fes6l4hvOSPmVzGxs2ag?e=239b2w,-0.03891589175884127,0.02781854135413207,44943016,1246345200000,1340694000000,1439276400000,1147330800000,"{""type"":""Polygon"",""coordinates"":[[[12.424825798018437,50.23078060080981],[12.424747213821886,50.23077343768601],[12.424674884993586,50.23075251850544],[12.424614568953812,50.230719508451415],[12.424571066870005,50.230677035146044],[12.424547841480498,50.23062847948463],[12.424546741469157,50.23057770651018],[12.424567854327963,50.23052875775207],[12.424609499414164,50.23048552952012],[12.424668361747903,50.230451462761906],[12.424739755894295,50.230429269169434],[12.424817998921895,50.23042071533534],[12.424896862750742,50.230426482137474],[12.424970069887223,50.23044611054338],[12.425031793091625,50.23047803814766],[12.425077119211299,50.23051972353459],[12.425102440263139,50.230567848568036],[12.425105740636502,50.23061858250866],[12.42508675755296,50.230667886936644],[12.425047002004897,50.23071183720926],[12.424989638499584,50.23074693486571],[12.424919233175109,50.230770386110486],[12.42484139033484,50.230780324206435],[12.424825798018437,50.23078060080981]]]}"
1_LT05_193025_20060127_00000000000000000003,E20 E20 E20 B51,-0.11054208495494519,https://1drv.ms/i/s!AuR4bnS0n2fes6oVNPzdlN8JBubj3A?e=f79vVc,-0.026748693401371298,0.02057028696470991,45203000,1247727600000,1341990000000,1439622000000,1147158000000,"{""type"":""Polygon"",""coordinates"":[[[12.780613011971829,50.078573645451485],[12.7805346775366,50.078566482327844],[12.780462578588054,50.07854556314765],[12.78040245424765,50.07851255309413],[12.780359090423463,50.07847007978922],[12.780335938848605,50.0784215241281],[12.78033484233178,50.07837075115366],[12.78035588808739,50.07832180239528],[12.780397400814609,50.07827857416289],[12.780456076069617,50.078244507404165],[12.780527243308939,50.078222313811295],[12.780605237662568,50.078213759977025],[12.780683850844433,50.07821952677928],[12.780756825311853,50.07823915518554],[12.780818352345147,50.07827108279032],[12.780863534406778,50.07831276817773],[12.780888774980854,50.078360893211475],[12.780892064863238,50.07841162715216],[12.780873142111165,50.07846093157989],[12.780833512915166,50.07850488185208],[12.78077633172517,50.07853997950801],[12.780706150166944,50.078563430752375],[12.780628554731724,50.078573368848126],[12.780613011971829,50.078573645451485]]]}"
1_LT05_193025_20060503_00000000000000000002,E20 E20 E20 B16,0.4656160774915431,https://1drv.ms/i/s!AuR4bnS0n2fes6l4hvOSPmVzGxs2ag?e=239b2w,0.6479664937773427,-0.6343505185725844,44943016,1246345200000,1340694000000,1439276400000,1147330800000,"{""type"":""Polygon"",""coordinates"":[[[12.424825798018437,50.23078060080981],[12.424747213821886,50.23077343768601],[12.424674884993586,50.23075251850544],[12.424614568953812,50.230719508451415],[12.424571066870005,50.230677035146044],[12.424547841480498,50.23062847948463],[12.424546741469157,50.23057770651018],[12.424567854327963,50.23052875775207],[12.424609499414164,50.23048552952012],[12.424668361747903,50.230451462761906],[12.424739755894295,50.230429269169434],[12.424817998921895,50.23042071533534],[12.424896862750742,50.230426482137474],[12.424970069887223,50.23044611054338],[12.425031793091625,50.23047803814766],[12.425077119211299,50.23051972353459],[12.425102440263139,50.230567848568036],[12.425105740636502,50.23061858250866],[12.42508675755296,50.230667886936644],[12.425047002004897,50.23071183720926],[12.424989638499584,50.23074693486571],[12.424919233175109,50.230770386110486],[12.42484139033484,50.230780324206435],[12.424825798018437,50.23078060080981]]]}"
1_LT05_193025_20060503_00000000000000000003,E20 E20 E20 B51,0.43069470621845557,https://1drv.ms/i/s!AuR4bnS0n2fes6oVNPzdlN8JBubj3A?e=f79vVc,0.5972451765135678,-0.5939342058032829,45203000,1247727600000,1341990000000,1439622000000,1147158000000,"{""type"":""Polygon"",""coordinates"":[[[12.780613011971829,50.078573645451485],[12.7805346775366,50.078566482327844],[12.780462578588054,50.07854556314765],[12.78040245424765,50.07851255309413],[12.780359090423463,50.07847007978922],[12.780335938848605,50.0784215241281],[12.78033484233178,50.07837075115366],[12.78035588808739,50.07832180239528],[12.780397400814609,50.07827857416289],[12.780456076069617,50.078244507404165],[12.780527243308939,50.078222313811295],[12.780605237662568,50.078213759977025],[12.780683850844433,50.07821952677928],[12.780756825311853,50.07823915518554],[12.780818352345147,50.07827108279032],[12.780863534406778,50.07831276817773],[12.780888774980854,50.078360893211475],[12.780892064863238,50.07841162715216],[12.780873142111165,50.07846093157989],[12.780833512915166,50.07850488185208],[12.78077633172517,50.07853997950801],[12.780706150166944,50.078563430752375],[12.780628554731724,50.078573368848126],[12.780613011971829,50.078573645451485]]]}"
1_LT05_193025_20060722_00000000000000000002,E20 E20 E20 B16,0.5788779586165811,https://1drv.ms/i/s!AuR4bnS0n2fes6l4hvOSPmVzGxs2ag?e=239b2w,0.7545453784671381,-0.6982551541074538,44943016,1246345200000,1340694000000,1439276400000,1147330800000,"{""type"":""Polygon"",""coordinates"":[[[12.424825798018437,50.23078060080981],[12.424747213821886,50.23077343768601],[12.424674884993586,50.23075251850544],[12.424614568953812,50.230719508451415],[12.424571066870005,50.230677035146044],[12.424547841480498,50.23062847948463],[12.424546741469157,50.23057770651018],[12.424567854327963,50.23052875775207],[12.424609499414164,50.23048552952012],[12.424668361747903,50.230451462761906],[12.424739755894295,50.230429269169434],[12.424817998921895,50.23042071533534],[12.424896862750742,50.230426482137474],[12.424970069887223,50.23044611054338],[12.425031793091625,50.23047803814766],[12.425077119211299,50.23051972353459],[12.425102440263139,50.230567848568036],[12.425105740636502,50.23061858250866],[12.42508675755296,50.230667886936644],[12.425047002004897,50.23071183720926],[12.424989638499584,50.23074693486571],[12.424919233175109,50.230770386110486],[12.42484139033484,50.230780324206435],[12.424825798018437,50.23078060080981]]]}"
1_LT05_193025_20060722_00000000000000000003,E20 E20 E20 B51,0.29588672667460875,https://1drv.ms/i/s!AuR4bnS0n2fes6oVNPzdlN8JBubj3A?e=f79vVc,0.544704358744104,-0.501778273704079,45203000,1247727600000,1341990000000,1439622000000,1147158000000,"{""type"":""Polygon"",""coordinates"":[[[12.780613011971829,50.078573645451485],[12.7805346775366,50.078566482327844],[12.780462578588054,50.07854556314765],[12.78040245424765,50.07851255309413],[12.780359090423463,50.07847007978922],[12.780335938848605,50.0784215241281],[12.78033484233178,50.07837075115366],[12.78035588808739,50.07832180239528],[12.780397400814609,50.07827857416289],[12.780456076069617,50.078244507404165],[12.780527243308939,50.078222313811295],[12.780605237662568,50.078213759977025],[12.780683850844433,50.07821952677928],[12.780756825311853,50.07823915518554],[12.780818352345147,50.07827108279032],[12.780863534406778,50.07831276817773],[12.780888774980854,50.078360893211475],[12.780892064863238,50.07841162715216],[12.780873142111165,50.07846093157989],[12.780833512915166,50.07850488185208],[12.78077633172517,50.07853997950801],[12.780706150166944,50.078563430752375],[12.780628554731724,50.078573368848126],[12.780613011971829,50.078573645451485]]]}"
1_LT05_193025_20060924_00000000000000000002,E20 E20 E20 B16,0.5760465951685251,https://1drv.ms/i/s!AuR4bnS0n2fes6l4hvOSPmVzGxs2ag?e=239b2w,0.7716127808392079,-0.7126880892688033,44943016,1246345200000,1340694000000,1439276400000,1147330800000,"{""type"":""Polygon"",""coordinates"":[[[12.424825798018437,50.23078060080981],[12.424747213821886,50.23077343768601],[12.424674884993586,50.23075251850544],[12.424614568953812,50.230719508451415],[12.424571066870005,50.230677035146044],[12.424547841480498,50.23062847948463],[12.424546741469157,50.23057770651018],[12.424567854327963,50.23052875775207],[12.424609499414164,50.23048552952012],[12.424668361747903,50.230451462761906],[12.424739755894295,50.230429269169434],[12.424817998921895,50.23042071533534],[12.424896862750742,50.230426482137474],[12.424970069887223,50.23044611054338],[12.425031793091625,50.23047803814766],[12.425077119211299,50.23051972353459],[12.425102440263139,50.230567848568036],[12.425105740636502,50.23061858250866],[12.42508675755296,50.230667886936644],[12.425047002004897,50.23071183720926],[12.424989638499584,50.23074693486571],[12.424919233175109,50.230770386110486],[12.42484139033484,50.230780324206435],[12.424825798018437,50.23078060080981]]]}"
1_LT05_193025_20060924_00000000000000000003,E20 E20 E20 B51,0.5432225313311116,https://1drv.ms/i/s!AuR4bnS0n2fes6oVNPzdlN8JBubj3A?e=f79vVc,0.7500603902409263,-0.6847537425629074,45203000,1247727600000,1341990000000,1439622000000,1147158000000,"{""type"":""Polygon"",""coordinates"":[[[12.780613011971829,50.078573645451485],[12.7805346775366,50.078566482327844],[12.780462578588054,50.07854556314765],[12.78040245424765,50.07851255309413],[12.780359090423463,50.07847007978922],[12.780335938848605,50.0784215241281],[12.78033484233178,50.07837075115366],[12.78035588808739,50.07832180239528],[12.780397400814609,50.07827857416289],[12.780456076069617,50.078244507404165],[12.780527243308939,50.078222313811295],[12.780605237662568,50.078213759977025],[12.780683850844433,50.07821952677928],[12.780756825311853,50.07823915518554],[12.780818352345147,50.07827108279032],[12.780863534406778,50.07831276817773],[12.780888774980854,50.078360893211475],[12.780892064863238,50.07841162715216],[12.780873142111165,50.07846093157989],[12.780833512915166,50.07850488185208],[12.78077633172517,50.07853997950801],[12.780706150166944,50.078563430752375],[12.780628554731724,50.078573368848126],[12.780613011971829,50.078573645451485]]]}"
1_LT05_193025_20090815_00000000000000000002,E20 E20 E20 B16,0.6501636229769299,https://1drv.ms/i/s!AuR4bnS0n2fes6l4hvOSPmVzGxs2ag?e=239b2w,0.8282658930866935,-0.7368214154491018,44943016,1246345200000,1340694000000,1439276400000,1147330800000,"{""type"":""Polygon"",""coordinates"":[[[12.424825798018437,50.23078060080981],[12.424747213821886,50.23077343768601],[12.424674884993586,50.23075251850544],[12.424614568953812,50.230719508451415],[12.424571066870005,50.230677035146044],[12.424547841480498,50.23062847948463],[12.424546741469157,50.23057770651018],[12.424567854327963,50.23052875775207],[12.424609499414164,50.23048552952012],[12.424668361747903,50.230451462761906],[12.424739755894295,50.230429269169434],[12.424817998921895,50.23042071533534],[12.424896862750742,50.230426482137474],[12.424970069887223,50.23044611054338],[12.425031793091625,50.23047803814766],[12.425077119211299,50.23051972353459],[12.425102440263139,50.230567848568036],[12.425105740636502,50.23061858250866],[12.42508675755296,50.230667886936644],[12.425047002004897,50.23071183720926],[12.424989638499584,50.23074693486571],[12.424919233175109,50.230770386110486],[12.42484139033484,50.230780324206435],[12.424825798018437,50.23078060080981]]]}"
1_LT05_193025_20090815_00000000000000000003,E20 E20 E20 B51,0.6648587938445463,https://1drv.ms/i/s!AuR4bnS0n2fes6oVNPzdlN8JBubj3A?e=f79vVc,0.792654107297055,-0.7050690106683417,45203000,1247727600000,1341990000000,1439622000000,1147158000000,"{""type"":""Polygon"",""coordinates"":[[[12.780613011971829,50.078573645451485],[12.7805346775366,50.078566482327844],[12.780462578588054,50.07854556314765],[12.78040245424765,50.07851255309413],[12.780359090423463,50.07847007978922],[12.780335938848605,50.0784215241281],[12.78033484233178,50.07837075115366],[12.78035588808739,50.07832180239528],[12.780397400814609,50.07827857416289],[12.780456076069617,50.078244507404165],[12.780527243308939,50.078222313811295],[12.780605237662568,50.078213759977025],[12.780683850844433,50.07821952677928],[12.780756825311853,50.07823915518554],[12.780818352345147,50.07827108279032],[12.780863534406778,50.07831276817773],[12.780888774980854,50.078360893211475],[12.780892064863238,50.07841162715216],[12.780873142111165,50.07846093157989],[12.780833512915166,50.07850488185208],[12.78077633172517,50.07853997950801],[12.780706150166944,50.078563430752375],[12.780628554731724,50.078573368848126],[12.780613011971829,50.078573645451485]]]}"
1_LT05_193025_20090831_00000000000000000002,E20 E20 E20 B16,0.7387348509205074,https://1drv.ms/i/s!AuR4bnS0n2fes6l4hvOSPmVzGxs2ag?e=239b2w,0.8529777027213333,-0.787447751163431,44943016,1246345200000,1340694000000,1439276400000,1147330800000,"{""type"":""Polygon"",""coordinates"":[[[12.424825798018437,50.23078060080981],[12.424747213821886,50.23077343768601],[12.424674884993586,50.23075251850544],[12.424614568953812,50.230719508451415],[12.424571066870005,50.230677035146044],[12.424547841480498,50.23062847948463],[12.424546741469157,50.23057770651018],[12.424567854327963,50.23052875775207],[12.424609499414164,50.23048552952012],[12.424668361747903,50.230451462761906],[12.424739755894295,50.230429269169434],[12.424817998921895,50.23042071533534],[12.424896862750742,50.230426482137474],[12.424970069887223,50.23044611054338],[12.425031793091625,50.23047803814766],[12.425077119211299,50.23051972353459],[12.425102440263139,50.230567848568036],[12.425105740636502,50.23061858250866],[12.42508675755296,50.230667886936644],[12.425047002004897,50.23071183720926],[12.424989638499584,50.23074693486571],[12.424919233175109,50.230770386110486],[12.42484139033484,50.230780324206435],[12.424825798018437,50.23078060080981]]]}"
1_LT05_193025_20090831_00000000000000000003,E20 E20 E20 B51,0.3983855128435272,https://1drv.ms/i/s!AuR4bnS0n2fes6oVNPzdlN8JBubj3A?e=f79vVc,0.6208370856002534,-0.6188829795901369,45203000,1247727600000,1341990000000,1439622000000,1147158000000,"{""type"":""Polygon"",""coordinates"":[[[12.780613011971829,50.078573645451485],[12.7805346775366,50.078566482327844],[12.780462578588054,50.07854556314765],[12.78040245424765,50.07851255309413],[12.780359090423463,50.07847007978922],[12.780335938848605,50.0784215241281],[12.78033484233178,50.07837075115366],[12.78035588808739,50.07832180239528],[12.780397400814609,50.07827857416289],[12.780456076069617,50.078244507404165],[12.780527243308939,50.078222313811295],[12.780605237662568,50.078213759977025],[12.780683850844433,50.07821952677928],[12.780756825311853,50.07823915518554],[12.780818352345147,50.07827108279032],[12.780863534406778,50.07831276817773],[12.780888774980854,50.078360893211475],[12.780892064863238,50.07841162715216],[12.780873142111165,50.07846093157989],[12.780833512915166,50.07850488185208],[12.78077633172517,50.07853997950801],[12.780706150166944,50.078563430752375],[12.780628554731724,50.078573368848126],[12.780613011971829,50.078573645451485]]]}"
1_LT05_193025_20100428_00000000000000000002,E20 E20 E20 B16,0.6686863007768187,https://1drv.ms/i/s!AuR4bnS0n2fes6l4hvOSPmVzGxs2ag?e=239b2w,0.7881831077549694,-0.724747514937801,44943016,1246345200000,1340694000000,1439276400000,1147330800000,"{""type"":""Polygon"",""coordinates"":[[[12.424825798018437,50.23078060080981],[12.424747213821886,50.23077343768601],[12.424674884993586,50.23075251850544],[12.424614568953812,50.230719508451415],[12.424571066870005,50.230677035146044],[12.424547841480498,50.23062847948463],[12.424546741469157,50.23057770651018],[12.424567854327963,50.23052875775207],[12.424609499414164,50.23048552952012],[12.424668361747903,50.230451462761906],[12.424739755894295,50.230429269169434],[12.424817998921895,50.23042071533534],[12.424896862750742,50.230426482137474],[12.424970069887223,50.23044611054338],[12.425031793091625,50.23047803814766],[12.425077119211299,50.23051972353459],[12.425102440263139,50.230567848568036],[12.425105740636502,50.23061858250866],[12.42508675755296,50.230667886936644],[12.425047002004897,50.23071183720926],[12.424989638499584,50.23074693486571],[12.424919233175109,50.230770386110486],[12.42484139033484,50.230780324206435],[12.424825798018437,50.23078060080981]]]}"
1_LT05_193025_20110226_00000000000000000002,E20 E20 E20 B16,0.23979438085768068,https://1drv.ms/i/s!AuR4bnS0n2fes6l4hvOSPmVzGxs2ag?e=239b2w,0.2887281763177121,-0.3032098991892962,44943016,1246345200000,1340694000000,1439276400000,1147330800000,"{""type"":""Polygon"",""coordinates"":[[[12.424825798018437,50.23078060080981],[12.424747213821886,50.23077343768601],[12.424674884993586,50.23075251850544],[12.424614568953812,50.230719508451415],[12.424571066870005,50.230677035146044],[12.424547841480498,50.23062847948463],[12.424546741469157,50.23057770651018],[12.424567854327963,50.23052875775207],[12.424609499414164,50.23048552952012],[12.424668361747903,50.230451462761906],[12.424739755894295,50.230429269169434],[12.424817998921895,50.23042071533534],[12.424896862750742,50.230426482137474],[12.424970069887223,50.23044611054338],[12.425031793091625,50.23047803814766],[12.425077119211299,50.23051972353459],[12.425102440263139,50.230567848568036],[12.425105740636502,50.23061858250866],[12.42508675755296,50.230667886936644],[12.425047002004897,50.23071183720926],[12.424989638499584,50.23074693486571],[12.424919233175109,50.230770386110486],[12.42484139033484,50.230780324206435],[12.424825798018437,50.23078060080981]]]}"
1_LT05_193025_20110226_00000000000000000003,E20 E20 E20 B51,-0.05061153924468227,https://1drv.ms/i/s!AuR4bnS0n2fes6oVNPzdlN8JBubj3A?e=f79vVc,-0.017103364173709952,4.7336548117108844E-4,45203000,1247727600000,1341990000000,1439622000000,1147158000000,"{""type"":""Polygon"",""coordinates"":[[[12.780613011971829,50.078573645451485],[12.7805346775366,50.078566482327844],[12.780462578588054,50.07854556314765],[12.78040245424765,50.07851255309413],[12.780359090423463,50.07847007978922],[12.780335938848605,50.0784215241281],[12.78033484233178,50.07837075115366],[12.78035588808739,50.07832180239528],[12.780397400814609,50.07827857416289],[12.780456076069617,50.078244507404165],[12.780527243308939,50.078222313811295],[12.780605237662568,50.078213759977025],[12.780683850844433,50.07821952677928],[12.780756825311853,50.07823915518554],[12.780818352345147,50.07827108279032],[12.780863534406778,50.07831276817773],[12.780888774980854,50.078360893211475],[12.780892064863238,50.07841162715216],[12.780873142111165,50.07846093157989],[12.780833512915166,50.07850488185208],[12.78077633172517,50.07853997950801],[12.780706150166944,50.078563430752375],[12.780628554731724,50.078573368848126],[12.780613011971829,50.078573645451485]]]}"
1_LT05_193025_20110330_00000000000000000002,E20 E20 E20 B16,0.2535837275986182,https://1drv.ms/i/s!AuR4bnS0n2fes6l4hvOSPmVzGxs2ag?e=239b2w,0.3526752088112565,-0.3791549005125047,44943016,1246345200000,1340694000000,1439276400000,1147330800000,"{""type"":""Polygon"",""coordinates"":[[[12.424825798018437,50.23078060080981],[12.424747213821886,50.23077343768601],[12.424674884993586,50.23075251850544],[12.424614568953812,50.230719508451415],[12.424571066870005,50.230677035146044],[12.424547841480498,50.23062847948463],[12.424546741469157,50.23057770651018],[12.424567854327963,50.23052875775207],[12.424609499414164,50.23048552952012],[12.424668361747903,50.230451462761906],[12.424739755894295,50.230429269169434],[12.424817998921895,50.23042071533534],[12.424896862750742,50.230426482137474],[12.424970069887223,50.23044611054338],[12.425031793091625,50.23047803814766],[12.425077119211299,50.23051972353459],[12.425102440263139,50.230567848568036],[12.425105740636502,50.23061858250866],[12.42508675755296,50.230667886936644],[12.425047002004897,50.23071183720926],[12.424989638499584,50.23074693486571],[12.424919233175109,50.230770386110486],[12.42484139033484,50.230780324206435],[12.424825798018437,50.23078060080981]]]}"
1_LT05_193025_20110330_00000000000000000003,E20 E20 E20 B51,0.20106809860223032,https://1drv.ms/i/s!AuR4bnS0n2fes6oVNPzdlN8JBubj3A?e=f79vVc,0.3094737597824149,-0.33395542177798665,45203000,1247727600000,1341990000000,1439622000000,1147158000000,"{""type"":""Polygon"",""coordinates"":[[[12.780613011971829,50.078573645451485],[12.7805346775366,50.078566482327844],[12.780462578588054,50.07854556314765],[12.78040245424765,50.07851255309413],[12.780359090423463,50.07847007978922],[12.780335938848605,50.0784215241281],[12.78033484233178,50.07837075115366],[12.78035588808739,50.07832180239528],[12.780397400814609,50.07827857416289],[12.780456076069617,50.078244507404165],[12.780527243308939,50.078222313811295],[12.780605237662568,50.078213759977025],[12.780683850844433,50.07821952677928],[12.780756825311853,50.07823915518554],[12.780818352345147,50.07827108279032],[12.780863534406778,50.07831276817773],[12.780888774980854,50.078360893211475],[12.780892064863238,50.07841162715216],[12.780873142111165,50.07846093157989],[12.780833512915166,50.07850488185208],[12.78077633172517,50.07853997950801],[12.780706150166944,50.078563430752375],[12.780628554731724,50.078573368848126],[12.780613011971829,50.078573645451485]]]}"
1_LT05_193025_20110501_00000000000000000002,E20 E20 E20 B16,0.6683025863124656,https://1drv.ms/i/s!AuR4bnS0n2fes6l4hvOSPmVzGxs2ag?e=239b2w,0.8030327742051908,-0.738821143327596,44943016,1246345200000,1340694000000,1439276400000,1147330800000,"{""type"":""Polygon"",""coordinates"":[[[12.424825798018437,50.23078060080981],[12.424747213821886,50.23077343768601],[12.424674884993586,50.23075251850544],[12.424614568953812,50.230719508451415],[12.424571066870005,50.230677035146044],[12.424547841480498,50.23062847948463],[12.424546741469157,50.23057770651018],[12.424567854327963,50.23052875775207],[12.424609499414164,50.23048552952012],[12.424668361747903,50.230451462761906],[12.424739755894295,50.230429269169434],[12.424817998921895,50.23042071533534],[12.424896862750742,50.230426482137474],[12.424970069887223,50.23044611054338],[12.425031793091625,50.23047803814766],[12.425077119211299,50.23051972353459],[12.425102440263139,50.230567848568036],[12.425105740636502,50.23061858250866],[12.42508675755296,50.230667886936644],[12.425047002004897,50.23071183720926],[12.424989638499584,50.23074693486571],[12.424919233175109,50.230770386110486],[12.42484139033484,50.230780324206435],[12.424825798018437,50.23078060080981]]]}"
1_LT05_193025_20110501_00000000000000000003,E20 E20 E20 B51,0.553050368186927,https://1drv.ms/i/s!AuR4bnS0n2fes6oVNPzdlN8JBubj3A?e=f79vVc,0.730634158483368,-0.6808653526679095,45203000,1247727600000,1341990000000,1439622000000,1147158000000,"{""type"":""Polygon"",""coordinates"":[[[12.780613011971829,50.078573645451485],[12.7805346775366,50.078566482327844],[12.780462578588054,50.07854556314765],[12.78040245424765,50.07851255309413],[12.780359090423463,50.07847007978922],[12.780335938848605,50.0784215241281],[12.78033484233178,50.07837075115366],[12.78035588808739,50.07832180239528],[12.780397400814609,50.07827857416289],[12.780456076069617,50.078244507404165],[12.780527243308939,50.078222313811295],[12.780605237662568,50.078213759977025],[12.780683850844433,50.07821952677928],[12.780756825311853,50.07823915518554],[12.780818352345147,50.07827108279032],[12.780863534406778,50.07831276817773],[12.780888774980854,50.078360893211475],[12.780892064863238,50.07841162715216],[12.780873142111165,50.07846093157989],[12.780833512915166,50.07850488185208],[12.78077633172517,50.07853997950801],[12.780706150166944,50.078563430752375],[12.780628554731724,50.078573368848126],[12.780613011971829,50.078573645451485]]]}"
2_LC08_189025_20130729_00000000000000000000,E20 E20 E20 B14,0.6868862498073051,https://1drv.ms/i/s!AuR4bnS0n2fes6oTswjXvyT1j1AR-w?e=2btkJW,0.809652027223548,-0.7140733118848906,48503016,1246950000000,1337151600000,1432710000000,1145602800000,"{""type"":""Polygon"",""coordinates"":[[[17.394458249275434,50.01639594036222],[17.394380016254935,50.016388777238625],[17.394308010648277,50.0163678580586],[17.394247964146743,50.0163348480053],[17.394204656462406,50.01629237470058],[17.394181534859737,50.01624381903957],[17.394180439761843,50.01619304606513],[17.394201458270434,50.01614409730665],[17.39424291725374,50.01610086907407],[17.394301516546072,50.016066802315144],[17.394372591650555,50.01604460872211],[17.394450485030966,50.01603605488776],[17.39452899643848,50.01604182169007],[17.394601876431423,50.016061450096494],[17.39466332381011,50.016093377701466],[17.394708447377468,50.016135063089074],[17.39473365527383,50.016183188122945],[17.394736940896387,50.016233922063634],[17.394718042641703,50.01628322649128],[17.394678464750527,50.01632717676328],[17.39462135758904,50.016362274419],[17.394551266890332,50.01638572566319],[17.39447377191308,50.01639566375888],[17.394458249275434,50.01639594036222]]]}"
2_LC08_189025_20130729_00000000000000000001,E20 E20 E20 B15,0.33338379286416775,https://1drv.ms/i/s!AuR4bnS0n2fes6l2UZaBG9i3u8Pu5Q?e=Vk797c,0.48385496900416036,-0.5502639236312085,48602992,1247122800000,1341212400000,1438326000000,1148454000000,"{""type"":""Polygon"",""coordinates"":[[[17.499643984025177,49.79277202253191],[17.499566112829868,49.792764859408535],[17.49949444024629,49.79274394022906],[17.499434671456545,49.79271093017648],[17.499391564066705,49.79266845687245],[17.49936854939814,49.79261990121186],[17.49936745936271,49.79256912823744],[17.499388380659994,49.792520179478586],[17.49942964789698,49.79247695124533],[17.499487976171363,49.79244288448566],[17.499558722559215,49.792420690892044],[17.499636255689637,49.792412137057454],[17.49971440398889,49.792417903859935],[17.499786946917894,49.792437532266874],[17.49984811010666,49.792469459872585],[17.49989302497945,49.79251114526088],[17.499918116288985,49.79255927029521],[17.499921386713446,49.79261000423597],[17.499902575860002,49.79265930866327],[17.499863181013026,49.792703258934615],[17.49980633796881,49.7927383565896],[17.499736571436657,49.79276180783317],[17.499659434871106,49.79277174592857],[17.499643984025177,49.79277202253191]]]}"
2_LC08_189025_20140310_00000000000000000000,E20 E20 E20 B14,0.30004733319198923,https://1drv.ms/i/s!AuR4bnS0n2fes6oTswjXvyT1j1AR-w?e=2btkJW,0.4576075877771792,-0.5286813199133691,48503016,1246950000000,1337151600000,1432710000000,1145602800000,"{""type"":""Polygon"",""coordinates"":[[[17.394458249275434,50.01639594036222],[17.394380016254935,50.016388777238625],[17.394308010648277,50.0163678580586],[17.394247964146743,50.0163348480053],[17.394204656462406,50.01629237470058],[17.394181534859737,50.01624381903957],[17.394180439761843,50.01619304606513],[17.394201458270434,50.01614409730665],[17.39424291725374,50.01610086907407],[17.394301516546072,50.016066802315144],[17.394372591650555,50.01604460872211],[17.394450485030966,50.01603605488776],[17.39452899643848,50.01604182169007],[17.394601876431423,50.016061450096494],[17.39466332381011,50.016093377701466],[17.394708447377468,50.016135063089074],[17.39473365527383,50.016183188122945],[17.394736940896387,50.016233922063634],[17.394718042641703,50.01628322649128],[17.394678464750527,50.01632717676328],[17.39462135758904,50.016362274419],[17.394551266890332,50.01638572566319],[17.39447377191308,50.01639566375888],[17.394458249275434,50.01639594036222]]]}"
2_LC08_189025_20140310_00000000000000000001,E20 E20 E20 B15,0.07070395491311646,https://1drv.ms/i/s!AuR4bnS0n2fes6l2UZaBG9i3u8Pu5Q?e=Vk797c,0.12006172969656861,-0.22182032722850104,48602992,1247122800000,1341212400000,1438326000000,1148454000000,"{""type"":""Polygon"",""coordinates"":[[[17.499643984025177,49.79277202253191],[17.499566112829868,49.792764859408535],[17.49949444024629,49.79274394022906],[17.499434671456545,49.79271093017648],[17.499391564066705,49.79266845687245],[17.49936854939814,49.79261990121186],[17.49936745936271,49.79256912823744],[17.499388380659994,49.792520179478586],[17.49942964789698,49.79247695124533],[17.499487976171363,49.79244288448566],[17.499558722559215,49.792420690892044],[17.499636255689637,49.792412137057454],[17.49971440398889,49.792417903859935],[17.499786946917894,49.792437532266874],[17.49984811010666,49.792469459872585],[17.49989302497945,49.79251114526088],[17.499918116288985,49.79255927029521],[17.499921386713446,49.79261000423597],[17.499902575860002,49.79265930866327],[17.499863181013026,49.792703258934615],[17.49980633796881,49.7927383565896],[17.499736571436657,49.79276180783317],[17.499659434871106,49.79277174592857],[17.499643984025177,49.79277202253191]]]}"
2_LC08_189025_20141105_00000000000000000000,E20 E20 E20 B14,0.3408041903602113,https://1drv.ms/i/s!AuR4bnS0n2fes6oTswjXvyT1j1AR-w?e=2btkJW,0.7842341797272954,-0.6583154430297334,48503016,1246950000000,1337151600000,1432710000000,1145602800000,"{""type"":""Polygon"",""coordinates"":[[[17.394458249275434,50.01639594036222],[17.394380016254935,50.016388777238625],[17.394308010648277,50.0163678580586],[17.394247964146743,50.0163348480053],[17.394204656462406,50.01629237470058],[17.394181534859737,50.01624381903957],[17.394180439761843,50.01619304606513],[17.394201458270434,50.01614409730665],[17.39424291725374,50.01610086907407],[17.394301516546072,50.016066802315144],[17.394372591650555,50.01604460872211],[17.394450485030966,50.01603605488776],[17.39452899643848,50.01604182169007],[17.394601876431423,50.016061450096494],[17.39466332381011,50.016093377701466],[17.394708447377468,50.016135063089074],[17.39473365527383,50.016183188122945],[17.394736940896387,50.016233922063634],[17.394718042641703,50.01628322649128],[17.394678464750527,50.01632717676328],[17.39462135758904,50.016362274419],[17.394551266890332,50.01638572566319],[17.39447377191308,50.01639566375888],[17.394458249275434,50.01639594036222]]]}"
2_LC08_189025_20141105_00000000000000000001,E20 E20 E20 B15,0.5344988867074236,https://1drv.ms/i/s!AuR4bnS0n2fes6l2UZaBG9i3u8Pu5Q?e=Vk797c,0.7051279192515871,-0.6382685526465538,48602992,1247122800000,1341212400000,1438326000000,1148454000000,"{""type"":""Polygon"",""coordinates"":[[[17.499643984025177,49.79277202253191],[17.499566112829868,49.792764859408535],[17.49949444024629,49.79274394022906],[17.499434671456545,49.79271093017648],[17.499391564066705,49.79266845687245],[17.49936854939814,49.79261990121186],[17.49936745936271,49.79256912823744],[17.499388380659994,49.792520179478586],[17.49942964789698,49.79247695124533],[17.499487976171363,49.79244288448566],[17.499558722559215,49.792420690892044],[17.499636255689637,49.792412137057454],[17.49971440398889,49.792417903859935],[17.499786946917894,49.792437532266874],[17.49984811010666,49.792469459872585],[17.49989302497945,49.79251114526088],[17.499918116288985,49.79255927029521],[17.499921386713446,49.79261000423597],[17.499902575860002,49.79265930866327],[17.499863181013026,49.792703258934615],[17.49980633796881,49.7927383565896],[17.499736571436657,49.79276180783317],[17.499659434871106,49.79277174592857],[17.499643984025177,49.79277202253191]]]}"
2_LC08_189025_20150516_00000000000000000000,E20 E20 E20 B14,0.44998351737874703,https://1drv.ms/i/s!AuR4bnS0n2fes6oTswjXvyT1j1AR-w?e=2btkJW,0.5735136704899243,-0.5454355747664723,48503016,1246950000000,1337151600000,1432710000000,1145602800000,"{""type"":""Polygon"",""coordinates"":[[[17.394458249275434,50.01639594036222],[17.394380016254935,50.016388777238625],[17.394308010648277,50.0163678580586],[17.394247964146743,50.0163348480053],[17.394204656462406,50.01629237470058],[17.394181534859737,50.01624381903957],[17.394180439761843,50.01619304606513],[17.394201458270434,50.01614409730665],[17.39424291725374,50.01610086907407],[17.394301516546072,50.016066802315144],[17.394372591650555,50.01604460872211],[17.394450485030966,50.01603605488776],[17.39452899643848,50.01604182169007],[17.394601876431423,50.016061450096494],[17.39466332381011,50.016093377701466],[17.394708447377468,50.016135063089074],[17.39473365527383,50.016183188122945],[17.394736940896387,50.016233922063634],[17.394718042641703,50.01628322649128],[17.394678464750527,50.01632717676328],[17.39462135758904,50.016362274419],[17.394551266890332,50.01638572566319],[17.39447377191308,50.01639566375888],[17.394458249275434,50.01639594036222]]]}"
2_LC08_189025_20150516_00000000000000000001,E20 E20 E20 B15,0.15845705760441164,https://1drv.ms/i/s!AuR4bnS0n2fes6l2UZaBG9i3u8Pu5Q?e=Vk797c,0.20403138184115002,-0.28746942913730017,48602992,1247122800000,1341212400000,1438326000000,1148454000000,"{""type"":""Polygon"",""coordinates"":[[[17.499643984025177,49.79277202253191],[17.499566112829868,49.792764859408535],[17.49949444024629,49.79274394022906],[17.499434671456545,49.79271093017648],[17.499391564066705,49.79266845687245],[17.49936854939814,49.79261990121186],[17.49936745936271,49.79256912823744],[17.499388380659994,49.792520179478586],[17.49942964789698,49.79247695124533],[17.499487976171363,49.79244288448566],[17.499558722559215,49.792420690892044],[17.499636255689637,49.792412137057454],[17.49971440398889,49.792417903859935],[17.499786946917894,49.792437532266874],[17.49984811010666,49.792469459872585],[17.49989302497945,49.79251114526088],[17.499918116288985,49.79255927029521],[17.499921386713446,49.79261000423597],[17.499902575860002,49.79265930866327],[17.499863181013026,49.792703258934615],[17.49980633796881,49.7927383565896],[17.499736571436657,49.79276180783317],[17.499659434871106,49.79277174592857],[17.499643984025177,49.79277202253191]]]}"
2_LC08_189025_20150703_00000000000000000000,E20 E20 E20 B14,0.6293524503902834,https://1drv.ms/i/s!AuR4bnS0n2fes6oTswjXvyT1j1AR-w?e=2btkJW,0.8325061238757858,-0.7777694305444111,48503016,1246950000000,1337151600000,1432710000000,1145602800000,"{""type"":""Polygon"",""coordinates"":[[[17.394458249275434,50.01639594036222],[17.394380016254935,50.016388777238625],[17.394308010648277,50.0163678580586],[17.394247964146743,50.0163348480053],[17.394204656462406,50.01629237470058],[17.394181534859737,50.01624381903957],[17.394180439761843,50.01619304606513],[17.394201458270434,50.01614409730665],[17.39424291725374,50.01610086907407],[17.394301516546072,50.016066802315144],[17.394372591650555,50.01604460872211],[17.394450485030966,50.01603605488776],[17.39452899643848,50.01604182169007],[17.394601876431423,50.016061450096494],[17.39466332381011,50.016093377701466],[17.394708447377468,50.016135063089074],[17.39473365527383,50.016183188122945],[17.394736940896387,50.016233922063634],[17.394718042641703,50.01628322649128],[17.394678464750527,50.01632717676328],[17.39462135758904,50.016362274419],[17.394551266890332,50.01638572566319],[17.39447377191308,50.01639566375888],[17.394458249275434,50.01639594036222]]]}"
2_LC08_189025_20150703_00000000000000000001,E20 E20 E20 B15,0.6740474154829775,https://1drv.ms/i/s!AuR4bnS0n2fes6l2UZaBG9i3u8Pu5Q?e=Vk797c,0.8358889268342086,-0.7528890807445627,48602992,1247122800000,1341212400000,1438326000000,1148454000000,"{""type"":""Polygon"",""coordinates"":[[[17.499643984025177,49.79277202253191],[17.499566112829868,49.792764859408535],[17.49949444024629,49.79274394022906],[17.499434671456545,49.79271093017648],[17.499391564066705,49.79266845687245],[17.49936854939814,49.79261990121186],[17.49936745936271,49.79256912823744],[17.499388380659994,49.792520179478586],[17.49942964789698,49.79247695124533],[17.499487976171363,49.79244288448566],[17.499558722559215,49.792420690892044],[17.499636255689637,49.792412137057454],[17.49971440398889,49.792417903859935],[17.499786946917894,49.792437532266874],[17.49984811010666,49.792469459872585],[17.49989302497945,49.79251114526088],[17.499918116288985,49.79255927029521],[17.499921386713446,49.79261000423597],[17.499902575860002,49.79265930866327],[17.499863181013026,49.792703258934615],[17.49980633796881,49.7927383565896],[17.499736571436657,49.79276180783317],[17.499659434871106,49.79277174592857],[17.499643984025177,49.79277202253191]]]}"
2_LC08_189025_20150820_00000000000000000000,E20 E20 E20 B14,0.12257016891784345,https://1drv.ms/i/s!AuR4bnS0n2fes6oTswjXvyT1j1AR-w?e=2btkJW,0.18205748841093228,-0.305408341278541,48503016,1246950000000,1337151600000,1432710000000,1145602800000,"{""type"":""Polygon"",""coordinates"":[[[17.394458249275434,50.01639594036222],[17.394380016254935,50.016388777238625],[17.394308010648277,50.0163678580586],[17.394247964146743,50.0163348480053],[17.394204656462406,50.01629237470058],[17.394181534859737,50.01624381903957],[17.394180439761843,50.01619304606513],[17.394201458270434,50.01614409730665],[17.39424291725374,50.01610086907407],[17.394301516546072,50.016066802315144],[17.394372591650555,50.01604460872211],[17.394450485030966,50.01603605488776],[17.39452899643848,50.01604182169007],[17.394601876431423,50.016061450096494],[17.39466332381011,50.016093377701466],[17.394708447377468,50.016135063089074],[17.39473365527383,50.016183188122945],[17.394736940896387,50.016233922063634],[17.394718042641703,50.01628322649128],[17.394678464750527,50.01632717676328],[17.39462135758904,50.016362274419],[17.394551266890332,50.01638572566319],[17.39447377191308,50.01639566375888],[17.394458249275434,50.01639594036222]]]}"
2_LC08_189025_20150820_00000000000000000001,E20 E20 E20 B15,0.17447124269065706,https://1drv.ms/i/s!AuR4bnS0n2fes6l2UZaBG9i3u8Pu5Q?e=Vk797c,0.2682168162597778,-0.37819319203585205,48602992,1247122800000,1341212400000,1438326000000,1148454000000,"{""type"":""Polygon"",""coordinates"":[[[17.499643984025177,49.79277202253191],[17.499566112829868,49.792764859408535],[17.49949444024629,49.79274394022906],[17.499434671456545,49.79271093017648],[17.499391564066705,49.79266845687245],[17.49936854939814,49.79261990121186],[17.49936745936271,49.79256912823744],[17.499388380659994,49.792520179478586],[17.49942964789698,49.79247695124533],[17.499487976171363,49.79244288448566],[17.499558722559215,49.792420690892044],[17.499636255689637,49.792412137057454],[17.49971440398889,49.792417903859935],[17.499786946917894,49.792437532266874],[17.49984811010666,49.792469459872585],[17.49989302497945,49.79251114526088],[17.499918116288985,49.79255927029521],[17.499921386713446,49.79261000423597],[17.499902575860002,49.79265930866327],[17.499863181013026,49.792703258934615],[17.49980633796881,49.7927383565896],[17.499736571436657,49.79276180783317],[17.499659434871106,49.79277174592857],[17.499643984025177,49.79277202253191]]]}"
2_LC08_189025_20151124_00000000000000000000,E20 E20 E20 B14,0.25368424901934017,https://1drv.ms/i/s!AuR4bnS0n2fes6oTswjXvyT1j1AR-w?e=2btkJW,0.04296172749684492,-0.06758872931776168,48503016,1246950000000,1337151600000,1432710000000,1145602800000,"{""type"":""Polygon"",""coordinates"":[[[17.394458249275434,50.01639594036222],[17.394380016254935,50.016388777238625],[17.394308010648277,50.0163678580586],[17.394247964146743,50.0163348480053],[17.394204656462406,50.01629237470058],[17.394181534859737,50.01624381903957],[17.394180439761843,50.01619304606513],[17.394201458270434,50.01614409730665],[17.39424291725374,50.01610086907407],[17.394301516546072,50.016066802315144],[17.394372591650555,50.01604460872211],[17.394450485030966,50.01603605488776],[17.39452899643848,50.01604182169007],[17.394601876431423,50.016061450096494],[17.39466332381011,50.016093377701466],[17.394708447377468,50.016135063089074],[17.39473365527383,50.016183188122945],[17.394736940896387,50.016233922063634],[17.394718042641703,50.01628322649128],[17.394678464750527,50.01632717676328],[17.39462135758904,50.016362274419],[17.394551266890332,50.01638572566319],[17.39447377191308,50.01639566375888],[17.394458249275434,50.01639594036222]]]}"
2_LC08_189025_20160721_00000000000000000000,E20 E20 E20 B14,0.28719049678537756,https://1drv.ms/i/s!AuR4bnS0n2fes6oTswjXvyT1j1AR-w?e=2btkJW,0.48553693643261353,-0.5051652544312278,48503016,1246950000000,1337151600000,1432710000000,1145602800000,"{""type"":""Polygon"",""coordinates"":[[[17.394458249275434,50.01639594036222],[17.394380016254935,50.016388777238625],[17.394308010648277,50.0163678580586],[17.394247964146743,50.0163348480053],[17.394204656462406,50.01629237470058],[17.394181534859737,50.01624381903957],[17.394180439761843,50.01619304606513],[17.394201458270434,50.01614409730665],[17.39424291725374,50.01610086907407],[17.394301516546072,50.016066802315144],[17.394372591650555,50.01604460872211],[17.394450485030966,50.01603605488776],[17.39452899643848,50.01604182169007],[17.394601876431423,50.016061450096494],[17.39466332381011,50.016093377701466],[17.394708447377468,50.016135063089074],[17.39473365527383,50.016183188122945],[17.394736940896387,50.016233922063634],[17.394718042641703,50.01628322649128],[17.394678464750527,50.01632717676328],[17.39462135758904,50.016362274419],[17.394551266890332,50.01638572566319],[17.39447377191308,50.01639566375888],[17.394458249275434,50.01639594036222]]]}"
2_LC08_189025_20160721_00000000000000000001,E20 E20 E20 B15,0.3280325605525806,https://1drv.ms/i/s!AuR4bnS0n2fes6l2UZaBG9i3u8Pu5Q?e=Vk797c,0.565343623209314,-0.5765642189740274,48602992,1247122800000,1341212400000,1438326000000,1148454000000,"{""type"":""Polygon"",""coordinates"":[[[17.499643984025177,49.79277202253191],[17.499566112829868,49.792764859408535],[17.49949444024629,49.79274394022906],[17.499434671456545,49.79271093017648],[17.499391564066705,49.79266845687245],[17.49936854939814,49.79261990121186],[17.49936745936271,49.79256912823744],[17.499388380659994,49.792520179478586],[17.49942964789698,49.79247695124533],[17.499487976171363,49.79244288448566],[17.499558722559215,49.792420690892044],[17.499636255689637,49.792412137057454],[17.49971440398889,49.792417903859935],[17.499786946917894,49.792437532266874],[17.49984811010666,49.792469459872585],[17.49989302497945,49.79251114526088],[17.499918116288985,49.79255927029521],[17.499921386713446,49.79261000423597],[17.499902575860002,49.79265930866327],[17.499863181013026,49.792703258934615],[17.49980633796881,49.7927383565896],[17.499736571436657,49.79276180783317],[17.499659434871106,49.79277174592857],[17.499643984025177,49.79277202253191]]]}"
2_LC08_189025_20170129_00000000000000000000,E20 E20 E20 B14,-0.11642859231933106,https://1drv.ms/i/s!AuR4bnS0n2fes6oTswjXvyT1j1AR-w?e=2btkJW,-0.022562289305418065,-0.013512221564375029,48503016,1246950000000,1337151600000,1432710000000,1145602800000,"{""type"":""Polygon"",""coordinates"":[[[17.394458249275434,50.01639594036222],[17.394380016254935,50.016388777238625],[17.394308010648277,50.0163678580586],[17.394247964146743,50.0163348480053],[17.394204656462406,50.01629237470058],[17.394181534859737,50.01624381903957],[17.394180439761843,50.01619304606513],[17.394201458270434,50.01614409730665],[17.39424291725374,50.01610086907407],[17.394301516546072,50.016066802315144],[17.394372591650555,50.01604460872211],[17.394450485030966,50.01603605488776],[17.39452899643848,50.01604182169007],[17.394601876431423,50.016061450096494],[17.39466332381011,50.016093377701466],[17.394708447377468,50.016135063089074],[17.39473365527383,50.016183188122945],[17.394736940896387,50.016233922063634],[17.394718042641703,50.01628322649128],[17.394678464750527,50.01632717676328],[17.39462135758904,50.016362274419],[17.394551266890332,50.01638572566319],[17.39447377191308,50.01639566375888],[17.394458249275434,50.01639594036222]]]}"
2_LC08_189025_20170622_00000000000000000000,E20 E20 E20 B14,0.7209557414924987,https://1drv.ms/i/s!AuR4bnS0n2fes6oTswjXvyT1j1AR-w?e=2btkJW,0.8679618017148579,-0.8082645912274802,48503016,1246950000000,1337151600000,1432710000000,1145602800000,"{""type"":""Polygon"",""coordinates"":[[[17.394458249275434,50.01639594036222],[17.394380016254935,50.016388777238625],[17.394308010648277,50.0163678580586],[17.394247964146743,50.0163348480053],[17.394204656462406,50.01629237470058],[17.394181534859737,50.01624381903957],[17.394180439761843,50.01619304606513],[17.394201458270434,50.01614409730665],[17.39424291725374,50.01610086907407],[17.394301516546072,50.016066802315144],[17.394372591650555,50.01604460872211],[17.394450485030966,50.01603605488776],[17.39452899643848,50.01604182169007],[17.394601876431423,50.016061450096494],[17.39466332381011,50.016093377701466],[17.394708447377468,50.016135063089074],[17.39473365527383,50.016183188122945],[17.394736940896387,50.016233922063634],[17.394718042641703,50.01628322649128],[17.394678464750527,50.01632717676328],[17.39462135758904,50.016362274419],[17.394551266890332,50.01638572566319],[17.39447377191308,50.01639566375888],[17.394458249275434,50.01639594036222]]]}"
2_LC08_189025_20170622_00000000000000000001,E20 E20 E20 B15,0.33512944968791725,https://1drv.ms/i/s!AuR4bnS0n2fes6l2UZaBG9i3u8Pu5Q?e=Vk797c,0.509810323996973,-0.5386212123090601,48602992,1247122800000,1341212400000,1438326000000,1148454000000,"{""type"":""Polygon"",""coordinates"":[[[17.499643984025177,49.79277202253191],[17.499566112829868,49.792764859408535],[17.49949444024629,49.79274394022906],[17.499434671456545,49.79271093017648],[17.499391564066705,49.79266845687245],[17.49936854939814,49.79261990121186],[17.49936745936271,49.79256912823744],[17.499388380659994,49.792520179478586],[17.49942964789698,49.79247695124533],[17.499487976171363,49.79244288448566],[17.499558722559215,49.792420690892044],[17.499636255689637,49.792412137057454],[17.49971440398889,49.792417903859935],[17.499786946917894,49.792437532266874],[17.49984811010666,49.792469459872585],[17.49989302497945,49.79251114526088],[17.499918116288985,49.79255927029521],[17.499921386713446,49.79261000423597],[17.499902575860002,49.79265930866327],[17.499863181013026,49.792703258934615],[17.49980633796881,49.7927383565896],[17.499736571436657,49.79276180783317],[17.499659434871106,49.79277174592857],[17.499643984025177,49.79277202253191]]]}"
2_LC08_189025_20180422_00000000000000000000,E20 E20 E20 B14,0.6652254121640163,https://1drv.ms/i/s!AuR4bnS0n2fes6oTswjXvyT1j1AR-w?e=2btkJW,0.8061104455886337,-0.7297939912627553,48503016,1246950000000,1337151600000,1432710000000,1145602800000,"{""type"":""Polygon"",""coordinates"":[[[17.394458249275434,50.01639594036222],[17.394380016254935,50.016388777238625],[17.394308010648277,50.0163678580586],[17.394247964146743,50.0163348480053],[17.394204656462406,50.01629237470058],[17.394181534859737,50.01624381903957],[17.394180439761843,50.01619304606513],[17.394201458270434,50.01614409730665],[17.39424291725374,50.01610086907407],[17.394301516546072,50.016066802315144],[17.394372591650555,50.01604460872211],[17.394450485030966,50.01603605488776],[17.39452899643848,50.01604182169007],[17.394601876431423,50.016061450096494],[17.39466332381011,50.016093377701466],[17.394708447377468,50.016135063089074],[17.39473365527383,50.016183188122945],[17.394736940896387,50.016233922063634],[17.394718042641703,50.01628322649128],[17.394678464750527,50.01632717676328],[17.39462135758904,50.016362274419],[17.394551266890332,50.01638572566319],[17.39447377191308,50.01639566375888],[17.394458249275434,50.01639594036222]]]}"
2_LC08_189025_20180422_00000000000000000001,E20 E20 E20 B15,0.18313443802280713,https://1drv.ms/i/s!AuR4bnS0n2fes6l2UZaBG9i3u8Pu5Q?e=Vk797c,0.2472045046223339,-0.3174300416786333,48602992,1247122800000,1341212400000,1438326000000,1148454000000,"{""type"":""Polygon"",""coordinates"":[[[17.499643984025177,49.79277202253191],[17.499566112829868,49.792764859408535],[17.49949444024629,49.79274394022906],[17.499434671456545,49.79271093017648],[17.499391564066705,49.79266845687245],[17.49936854939814,49.79261990121186],[17.49936745936271,49.79256912823744],[17.499388380659994,49.792520179478586],[17.49942964789698,49.79247695124533],[17.499487976171363,49.79244288448566],[17.499558722559215,49.792420690892044],[17.499636255689637,49.792412137057454],[17.49971440398889,49.792417903859935],[17.499786946917894,49.792437532266874],[17.49984811010666,49.792469459872585],[17.49989302497945,49.79251114526088],[17.499918116288985,49.79255927029521],[17.499921386713446,49.79261000423597],[17.499902575860002,49.79265930866327],[17.499863181013026,49.792703258934615],[17.49980633796881,49.7927383565896],[17.499736571436657,49.79276180783317],[17.499659434871106,49.79277174592857],[17.499643984025177,49.79277202253191]]]}"
2_LC08_189025_20180812_00000000000000000000,E20 E20 E20 B14,0.19391046566956668,https://1drv.ms/i/s!AuR4bnS0n2fes6oTswjXvyT1j1AR-w?e=2btkJW,0.26168606337101785,-0.401990566095954,48503016,1246950000000,1337151600000,1432710000000,1145602800000,"{""type"":""Polygon"",""coordinates"":[[[17.394458249275434,50.01639594036222],[17.394380016254935,50.016388777238625],[17.394308010648277,50.0163678580586],[17.394247964146743,50.0163348480053],[17.394204656462406,50.01629237470058],[17.394181534859737,50.01624381903957],[17.394180439761843,50.01619304606513],[17.394201458270434,50.01614409730665],[17.39424291725374,50.01610086907407],[17.394301516546072,50.016066802315144],[17.394372591650555,50.01604460872211],[17.394450485030966,50.01603605488776],[17.39452899643848,50.01604182169007],[17.394601876431423,50.016061450096494],[17.39466332381011,50.016093377701466],[17.394708447377468,50.016135063089074],[17.39473365527383,50.016183188122945],[17.394736940896387,50.016233922063634],[17.394718042641703,50.01628322649128],[17.394678464750527,50.01632717676328],[17.39462135758904,50.016362274419],[17.394551266890332,50.01638572566319],[17.39447377191308,50.01639566375888],[17.394458249275434,50.01639594036222]]]}"
2_LC08_189025_20180812_00000000000000000001,E20 E20 E20 B15,0.16125091606206854,https://1drv.ms/i/s!AuR4bnS0n2fes6l2UZaBG9i3u8Pu5Q?e=Vk797c,0.2332529608660741,-0.3358176448746163,48602992,1247122800000,1341212400000,1438326000000,1148454000000,"{""type"":""Polygon"",""coordinates"":[[[17.499643984025177,49.79277202253191],[17.499566112829868,49.792764859408535],[17.49949444024629,49.79274394022906],[17.499434671456545,49.79271093017648],[17.499391564066705,49.79266845687245],[17.49936854939814,49.79261990121186],[17.49936745936271,49.79256912823744],[17.499388380659994,49.792520179478586],[17.49942964789698,49.79247695124533],[17.499487976171363,49.79244288448566],[17.499558722559215,49.792420690892044],[17.499636255689637,49.792412137057454],[17.49971440398889,49.792417903859935],[17.499786946917894,49.792437532266874],[17.49984811010666,49.792469459872585],[17.49989302497945,49.79251114526088],[17.499918116288985,49.79255927029521],[17.499921386713446,49.79261000423597],[17.499902575860002,49.79265930866327],[17.499863181013026,49.792703258934615],[17.49980633796881,49.7927383565896],[17.499736571436657,49.79276180783317],[17.499659434871106,49.79277174592857],[17.499643984025177,49.79277202253191]]]}"
2_LC08_189025_20181015_00000000000000000000,E20 E20 E20 B14,0.5170162791142467,https://1drv.ms/i/s!AuR4bnS0n2fes6oTswjXvyT1j1AR-w?e=2btkJW,0.6395944723040645,-0.5937493111342188,48503016,1246950000000,1337151600000,1432710000000,1145602800000,"{""type"":""Polygon"",""coordinates"":[[[17.394458249275434,50.01639594036222],[17.394380016254935,50.016388777238625],[17.394308010648277,50.0163678580586],[17.394247964146743,50.0163348480053],[17.394204656462406,50.01629237470058],[17.394181534859737,50.01624381903957],[17.394180439761843,50.01619304606513],[17.394201458270434,50.01614409730665],[17.39424291725374,50.01610086907407],[17.394301516546072,50.016066802315144],[17.394372591650555,50.01604460872211],[17.394450485030966,50.01603605488776],[17.39452899643848,50.01604182169007],[17.394601876431423,50.016061450096494],[17.39466332381011,50.016093377701466],[17.394708447377468,50.016135063089074],[17.39473365527383,50.016183188122945],[17.394736940896387,50.016233922063634],[17.394718042641703,50.01628322649128],[17.394678464750527,50.01632717676328],[17.39462135758904,50.016362274419],[17.394551266890332,50.01638572566319],[17.39447377191308,50.01639566375888],[17.394458249275434,50.01639594036222]]]}"
2_LC08_189025_20181031_00000000000000000000,E20 E20 E20 B14,0.4039557068476085,https://1drv.ms/i/s!AuR4bnS0n2fes6oTswjXvyT1j1AR-w?e=2btkJW,0.7625773867704051,-0.6457814445255385,48503016,1246950000000,1337151600000,1432710000000,1145602800000,"{""type"":""Polygon"",""coordinates"":[[[17.394458249275434,50.01639594036222],[17.394380016254935,50.016388777238625],[17.394308010648277,50.0163678580586],[17.394247964146743,50.0163348480053],[17.394204656462406,50.01629237470058],[17.394181534859737,50.01624381903957],[17.394180439761843,50.01619304606513],[17.394201458270434,50.01614409730665],[17.39424291725374,50.01610086907407],[17.394301516546072,50.016066802315144],[17.394372591650555,50.01604460872211],[17.394450485030966,50.01603605488776],[17.39452899643848,50.01604182169007],[17.394601876431423,50.016061450096494],[17.39466332381011,50.016093377701466],[17.394708447377468,50.016135063089074],[17.39473365527383,50.016183188122945],[17.394736940896387,50.016233922063634],[17.394718042641703,50.01628322649128],[17.394678464750527,50.01632717676328],[17.39462135758904,50.016362274419],[17.394551266890332,50.01638572566319],[17.39447377191308,50.01639566375888],[17.394458249275434,50.01639594036222]]]}"
2_LC08_189025_20190409_00000000000000000000,E20 E20 E20 B14,0.16634170496244316,https://1drv.ms/i/s!AuR4bnS0n2fes6oTswjXvyT1j1AR-w?e=2btkJW,0.23868434382290638,-0.3272976637909266,48503016,1246950000000,1337151600000,1432710000000,1145602800000,"{""type"":""Polygon"",""coordinates"":[[[17.394458249275434,50.01639594036222],[17.394380016254935,50.016388777238625],[17.394308010648277,50.0163678580586],[17.394247964146743,50.0163348480053],[17.394204656462406,50.01629237470058],[17.394181534859737,50.01624381903957],[17.394180439761843,50.01619304606513],[17.394201458270434,50.01614409730665],[17.39424291725374,50.01610086907407],[17.394301516546072,50.016066802315144],[17.394372591650555,50.01604460872211],[17.394450485030966,50.01603605488776],[17.39452899643848,50.01604182169007],[17.394601876431423,50.016061450096494],[17.39466332381011,50.016093377701466],[17.394708447377468,50.016135063089074],[17.39473365527383,50.016183188122945],[17.394736940896387,50.016233922063634],[17.394718042641703,50.01628322649128],[17.394678464750527,50.01632717676328],[17.39462135758904,50.016362274419],[17.394551266890332,50.01638572566319],[17.39447377191308,50.01639566375888],[17.394458249275434,50.01639594036222]]]}"
2_LC08_189025_20190409_00000000000000000001,E20 E20 E20 B15,0.10518468117424147,https://1drv.ms/i/s!AuR4bnS0n2fes6l2UZaBG9i3u8Pu5Q?e=Vk797c,0.13657599966784018,-0.24049143090294986,48602992,1247122800000,1341212400000,1438326000000,1148454000000,"{""type"":""Polygon"",""coordinates"":[[[17.499643984025177,49.79277202253191],[17.499566112829868,49.792764859408535],[17.49949444024629,49.79274394022906],[17.499434671456545,49.79271093017648],[17.499391564066705,49.79266845687245],[17.49936854939814,49.79261990121186],[17.49936745936271,49.79256912823744],[17.499388380659994,49.792520179478586],[17.49942964789698,49.79247695124533],[17.499487976171363,49.79244288448566],[17.499558722559215,49.792420690892044],[17.499636255689637,49.792412137057454],[17.49971440398889,49.792417903859935],[17.499786946917894,49.792437532266874],[17.49984811010666,49.792469459872585],[17.49989302497945,49.79251114526088],[17.499918116288985,49.79255927029521],[17.499921386713446,49.79261000423597],[17.499902575860002,49.79265930866327],[17.499863181013026,49.792703258934615],[17.49980633796881,49.7927383565896],[17.499736571436657,49.79276180783317],[17.499659434871106,49.79277174592857],[17.499643984025177,49.79277202253191]]]}"
2_LC08_189025_20190612_00000000000000000000,E20 E20 E20 B14,0.8006036574170083,https://1drv.ms/i/s!AuR4bnS0n2fes6oTswjXvyT1j1AR-w?e=2btkJW,0.8773112065436287,-0.8003132050581094,48503016,1246950000000,1337151600000,1432710000000,1145602800000,"{""type"":""Polygon"",""coordinates"":[[[17.394458249275434,50.01639594036222],[17.394380016254935,50.016388777238625],[17.394308010648277,50.0163678580586],[17.394247964146743,50.0163348480053],[17.394204656462406,50.01629237470058],[17.394181534859737,50.01624381903957],[17.394180439761843,50.01619304606513],[17.394201458270434,50.01614409730665],[17.39424291725374,50.01610086907407],[17.394301516546072,50.016066802315144],[17.394372591650555,50.01604460872211],[17.394450485030966,50.01603605488776],[17.39452899643848,50.01604182169007],[17.394601876431423,50.016061450096494],[17.39466332381011,50.016093377701466],[17.394708447377468,50.016135063089074],[17.39473365527383,50.016183188122945],[17.394736940896387,50.016233922063634],[17.394718042641703,50.01628322649128],[17.394678464750527,50.01632717676328],[17.39462135758904,50.016362274419],[17.394551266890332,50.01638572566319],[17.39447377191308,50.01639566375888],[17.394458249275434,50.01639594036222]]]}"
2_LC08_189025_20190612_00000000000000000001,E20 E20 E20 B15,0.6426129012945847,https://1drv.ms/i/s!AuR4bnS0n2fes6l2UZaBG9i3u8Pu5Q?e=Vk797c,0.8033006059228062,-0.7182958576241902,48602992,1247122800000,1341212400000,1438326000000,1148454000000,"{""type"":""Polygon"",""coordinates"":[[[17.499643984025177,49.79277202253191],[17.499566112829868,49.792764859408535],[17.49949444024629,49.79274394022906],[17.499434671456545,49.79271093017648],[17.499391564066705,49.79266845687245],[17.49936854939814,49.79261990121186],[17.49936745936271,49.79256912823744],[17.499388380659994,49.792520179478586],[17.49942964789698,49.79247695124533],[17.499487976171363,49.79244288448566],[17.499558722559215,49.792420690892044],[17.499636255689637,49.792412137057454],[17.49971440398889,49.792417903859935],[17.499786946917894,49.792437532266874],[17.49984811010666,49.792469459872585],[17.49989302497945,49.79251114526088],[17.499918116288985,49.79255927029521],[17.499921386713446,49.79261000423597],[17.499902575860002,49.79265930866327],[17.499863181013026,49.792703258934615],[17.49980633796881,49.7927383565896],[17.499736571436657,49.79276180783317],[17.499659434871106,49.79277174592857],[17.499643984025177,49.79277202253191]]]}"
2_LC08_189025_20190831_00000000000000000000,E20 E20 E20 B14,0.13374269937035696,https://1drv.ms/i/s!AuR4bnS0n2fes6oTswjXvyT1j1AR-w?e=2btkJW,0.19343809512766777,-0.29636976036153223,48503016,1246950000000,1337151600000,1432710000000,1145602800000,"{""type"":""Polygon"",""coordinates"":[[[17.394458249275434,50.01639594036222],[17.394380016254935,50.016388777238625],[17.394308010648277,50.0163678580586],[17.394247964146743,50.0163348480053],[17.394204656462406,50.01629237470058],[17.394181534859737,50.01624381903957],[17.394180439761843,50.01619304606513],[17.394201458270434,50.01614409730665],[17.39424291725374,50.01610086907407],[17.394301516546072,50.016066802315144],[17.394372591650555,50.01604460872211],[17.394450485030966,50.01603605488776],[17.39452899643848,50.01604182169007],[17.394601876431423,50.016061450096494],[17.39466332381011,50.016093377701466],[17.394708447377468,50.016135063089074],[17.39473365527383,50.016183188122945],[17.394736940896387,50.016233922063634],[17.394718042641703,50.01628322649128],[17.394678464750527,50.01632717676328],[17.39462135758904,50.016362274419],[17.394551266890332,50.01638572566319],[17.39447377191308,50.01639566375888],[17.394458249275434,50.01639594036222]]]}"
2_LC08_189025_20190831_00000000000000000001,E20 E20 E20 B15,0.29510001204733627,https://1drv.ms/i/s!AuR4bnS0n2fes6l2UZaBG9i3u8Pu5Q?e=Vk797c,0.4618333822852266,-0.4938957390073507,48602992,1247122800000,1341212400000,1438326000000,1148454000000,"{""type"":""Polygon"",""coordinates"":[[[17.499643984025177,49.79277202253191],[17.499566112829868,49.792764859408535],[17.49949444024629,49.79274394022906],[17.499434671456545,49.79271093017648],[17.499391564066705,49.79266845687245],[17.49936854939814,49.79261990121186],[17.49936745936271,49.79256912823744],[17.499388380659994,49.792520179478586],[17.49942964789698,49.79247695124533],[17.499487976171363,49.79244288448566],[17.499558722559215,49.792420690892044],[17.499636255689637,49.792412137057454],[17.49971440398889,49.792417903859935],[17.499786946917894,49.792437532266874],[17.49984811010666,49.792469459872585],[17.49989302497945,49.79251114526088],[17.499918116288985,49.79255927029521],[17.499921386713446,49.79261000423597],[17.499902575860002,49.79265930866327],[17.499863181013026,49.792703258934615],[17.49980633796881,49.7927383565896],[17.499736571436657,49.79276180783317],[17.499659434871106,49.79277174592857],[17.499643984025177,49.79277202253191]]]}"
2_LC08_189025_20200411_00000000000000000000,E20 E20 E20 B14,0.3382828381373743,https://1drv.ms/i/s!AuR4bnS0n2fes6oTswjXvyT1j1AR-w?e=2btkJW,0.4670236407416815,-0.5076202059737609,48503016,1246950000000,1337151600000,1432710000000,1145602800000,"{""type"":""Polygon"",""coordinates"":[[[17.394458249275434,50.01639594036222],[17.394380016254935,50.016388777238625],[17.394308010648277,50.0163678580586],[17.394247964146743,50.0163348480053],[17.394204656462406,50.01629237470058],[17.394181534859737,50.01624381903957],[17.394180439761843,50.01619304606513],[17.394201458270434,50.01614409730665],[17.39424291725374,50.01610086907407],[17.394301516546072,50.016066802315144],[17.394372591650555,50.01604460872211],[17.394450485030966,50.01603605488776],[17.39452899643848,50.01604182169007],[17.394601876431423,50.016061450096494],[17.39466332381011,50.016093377701466],[17.394708447377468,50.016135063089074],[17.39473365527383,50.016183188122945],[17.394736940896387,50.016233922063634],[17.394718042641703,50.01628322649128],[17.394678464750527,50.01632717676328],[17.39462135758904,50.016362274419],[17.394551266890332,50.01638572566319],[17.39447377191308,50.01639566375888],[17.394458249275434,50.01639594036222]]]}"
2_LC08_189025_20200411_00000000000000000001,E20 E20 E20 B15,0.09203762384450567,https://1drv.ms/i/s!AuR4bnS0n2fes6l2UZaBG9i3u8Pu5Q?e=Vk797c,0.11282292107540666,-0.21913701343260092,48602992,1247122800000,1341212400000,1438326000000,1148454000000,"{""type"":""Polygon"",""coordinates"":[[[17.499643984025177,49.79277202253191],[17.499566112829868,49.792764859408535],[17.49949444024629,49.79274394022906],[17.499434671456545,49.79271093017648],[17.499391564066705,49.79266845687245],[17.49936854939814,49.79261990121186],[17.49936745936271,49.79256912823744],[17.499388380659994,49.792520179478586],[17.49942964789698,49.79247695124533],[17.499487976171363,49.79244288448566],[17.499558722559215,49.792420690892044],[17.499636255689637,49.792412137057454],[17.49971440398889,49.792417903859935],[17.499786946917894,49.792437532266874],[17.49984811010666,49.792469459872585],[17.49989302497945,49.79251114526088],[17.499918116288985,49.79255927029521],[17.499921386713446,49.79261000423597],[17.499902575860002,49.79265930866327],[17.499863181013026,49.792703258934615],[17.49980633796881,49.7927383565896],[17.499736571436657,49.79276180783317],[17.499659434871106,49.79277174592857],[17.499643984025177,49.79277202253191]]]}"
2_LC08_189025_20200918_00000000000000000000,E20 E20 E20 B14,0.6559367250291431,https://1drv.ms/i/s!AuR4bnS0n2fes6oTswjXvyT1j1AR-w?e=2btkJW,0.7642727357247694,-0.6590168162509411,48503016,1246950000000,1337151600000,1432710000000,1145602800000,"{""type"":""Polygon"",""coordinates"":[[[17.394458249275434,50.01639594036222],[17.394380016254935,50.016388777238625],[17.394308010648277,50.0163678580586],[17.394247964146743,50.0163348480053],[17.394204656462406,50.01629237470058],[17.394181534859737,50.01624381903957],[17.394180439761843,50.01619304606513],[17.394201458270434,50.01614409730665],[17.39424291725374,50.01610086907407],[17.394301516546072,50.016066802315144],[17.394372591650555,50.01604460872211],[17.394450485030966,50.01603605488776],[17.39452899643848,50.01604182169007],[17.394601876431423,50.016061450096494],[17.39466332381011,50.016093377701466],[17.394708447377468,50.016135063089074],[17.39473365527383,50.016183188122945],[17.394736940896387,50.016233922063634],[17.394718042641703,50.01628322649128],[17.394678464750527,50.01632717676328],[17.39462135758904,50.016362274419],[17.394551266890332,50.01638572566319],[17.39447377191308,50.01639566375888],[17.394458249275434,50.01639594036222]]]}"
2_LC08_189025_20200918_00000000000000000001,E20 E20 E20 B15,0.3446714653128321,https://1drv.ms/i/s!AuR4bnS0n2fes6l2UZaBG9i3u8Pu5Q?e=Vk797c,0.5135362155255858,-0.5538459909423994,48602992,1247122800000,1341212400000,1438326000000,1148454000000,"{""type"":""Polygon"",""coordinates"":[[[17.499643984025177,49.79277202253191],[17.499566112829868,49.792764859408535],[17.49949444024629,49.79274394022906],[17.499434671456545,49.79271093017648],[17.499391564066705,49.79266845687245],[17.49936854939814,49.79261990121186],[17.49936745936271,49.79256912823744],[17.499388380659994,49.792520179478586],[17.49942964789698,49.79247695124533],[17.499487976171363,49.79244288448566],[17.499558722559215,49.792420690892044],[17.499636255689637,49.792412137057454],[17.49971440398889,49.792417903859935],[17.499786946917894,49.792437532266874],[17.49984811010666,49.792469459872585],[17.49989302497945,49.79251114526088],[17.499918116288985,49.79255927029521],[17.499921386713446,49.79261000423597],[17.499902575860002,49.79265930866327],[17.499863181013026,49.792703258934615],[17.49980633796881,49.7927383565896],[17.499736571436657,49.79276180783317],[17.499659434871106,49.79277174592857],[17.499643984025177,49.79277202253191]]]}"
2_LC08_189025_20201020_00000000000000000000,E20 E20 E20 B14,0.6776596611675603,https://1drv.ms/i/s!AuR4bnS0n2fes6oTswjXvyT1j1AR-w?e=2btkJW,0.780076489077367,-0.7182820813659656,48503016,1246950000000,1337151600000,1432710000000,1145602800000,"{""type"":""Polygon"",""coordinates"":[[[17.394458249275434,50.01639594036222],[17.394380016254935,50.016388777238625],[17.394308010648277,50.0163678580586],[17.394247964146743,50.0163348480053],[17.394204656462406,50.01629237470058],[17.394181534859737,50.01624381903957],[17.394180439761843,50.01619304606513],[17.394201458270434,50.01614409730665],[17.39424291725374,50.01610086907407],[17.394301516546072,50.016066802315144],[17.394372591650555,50.01604460872211],[17.394450485030966,50.01603605488776],[17.39452899643848,50.01604182169007],[17.394601876431423,50.016061450096494],[17.39466332381011,50.016093377701466],[17.394708447377468,50.016135063089074],[17.39473365527383,50.016183188122945],[17.394736940896387,50.016233922063634],[17.394718042641703,50.01628322649128],[17.394678464750527,50.01632717676328],[17.39462135758904,50.016362274419],[17.394551266890332,50.01638572566319],[17.39447377191308,50.01639566375888],[17.394458249275434,50.01639594036222]]]}"
2_LC08_189025_20201020_00000000000000000001,E20 E20 E20 B15,0.09022606555461538,https://1drv.ms/i/s!AuR4bnS0n2fes6l2UZaBG9i3u8Pu5Q?e=Vk797c,0.17825790541334408,-0.2944423740539297,48602992,1247122800000,1341212400000,1438326000000,1148454000000,"{""type"":""Polygon"",""coordinates"":[[[17.499643984025177,49.79277202253191],[17.499566112829868,49.792764859408535],[17.49949444024629,49.79274394022906],[17.499434671456545,49.79271093017648],[17.499391564066705,49.79266845687245],[17.49936854939814,49.79261990121186],[17.49936745936271,49.79256912823744],[17.499388380659994,49.792520179478586],[17.49942964789698,49.79247695124533],[17.499487976171363,49.79244288448566],[17.499558722559215,49.792420690892044],[17.499636255689637,49.792412137057454],[17.49971440398889,49.792417903859935],[17.499786946917894,49.792437532266874],[17.49984811010666,49.792469459872585],[17.49989302497945,49.79251114526088],[17.499918116288985,49.79255927029521],[17.499921386713446,49.79261000423597],[17.499902575860002,49.79265930866327],[17.499863181013026,49.792703258934615],[17.49980633796881,49.7927383565896],[17.499736571436657,49.79276180783317],[17.499659434871106,49.79277174592857],[17.499643984025177,49.79277202253191]]]}"
2_LC08_189025_20210225_00000000000000000000,E20 E20 E20 B14,0.10539916048131975,https://1drv.ms/i/s!AuR4bnS0n2fes6oTswjXvyT1j1AR-w?e=2btkJW,0.2243124553007769,-0.3002798940385323,48503016,1246950000000,1337151600000,1432710000000,1145602800000,"{""type"":""Polygon"",""coordinates"":[[[17.394458249275434,50.01639594036222],[17.394380016254935,50.016388777238625],[17.394308010648277,50.0163678580586],[17.394247964146743,50.0163348480053],[17.394204656462406,50.01629237470058],[17.394181534859737,50.01624381903957],[17.394180439761843,50.01619304606513],[17.394201458270434,50.01614409730665],[17.39424291725374,50.01610086907407],[17.394301516546072,50.016066802315144],[17.394372591650555,50.01604460872211],[17.394450485030966,50.01603605488776],[17.39452899643848,50.01604182169007],[17.394601876431423,50.016061450096494],[17.39466332381011,50.016093377701466],[17.394708447377468,50.016135063089074],[17.39473365527383,50.016183188122945],[17.394736940896387,50.016233922063634],[17.394718042641703,50.01628322649128],[17.394678464750527,50.01632717676328],[17.39462135758904,50.016362274419],[17.394551266890332,50.01638572566319],[17.39447377191308,50.01639566375888],[17.394458249275434,50.01639594036222]]]}"
2_LC08_189025_20210225_00000000000000000001,E20 E20 E20 B15,0.08854898380239438,https://1drv.ms/i/s!AuR4bnS0n2fes6l2UZaBG9i3u8Pu5Q?e=Vk797c,0.16460990936320422,-0.246722337585544,48602992,1247122800000,1341212400000,1438326000000,1148454000000,"{""type"":""Polygon"",""coordinates"":[[[17.499643984025177,49.79277202253191],[17.499566112829868,49.792764859408535],[17.49949444024629,49.79274394022906],[17.499434671456545,49.79271093017648],[17.499391564066705,49.79266845687245],[17.49936854939814,49.79261990121186],[17.49936745936271,49.79256912823744],[17.499388380659994,49.792520179478586],[17.49942964789698,49.79247695124533],[17.499487976171363,49.79244288448566],[17.499558722559215,49.792420690892044],[17.499636255689637,49.792412137057454],[17.49971440398889,49.792417903859935],[17.499786946917894,49.792437532266874],[17.49984811010666,49.792469459872585],[17.49989302497945,49.79251114526088],[17.499918116288985,49.79255927029521],[17.499921386713446,49.79261000423597],[17.499902575860002,49.79265930866327],[17.499863181013026,49.792703258934615],[17.49980633796881,49.7927383565896],[17.499736571436657,49.79276180783317],[17.499659434871106,49.79277174592857],[17.499643984025177,49.79277202253191]]]}"
2_LC08_189025_20210617_00000000000000000000,E20 E20 E20 B14,0.8583413860727107,https://1drv.ms/i/s!AuR4bnS0n2fes6oTswjXvyT1j1AR-w?e=2btkJW,0.9080189603173494,-0.825825557534172,48503016,1246950000000,1337151600000,1432710000000,1145602800000,"{""type"":""Polygon"",""coordinates"":[[[17.394458249275434,50.01639594036222],[17.394380016254935,50.016388777238625],[17.394308010648277,50.0163678580586],[17.394247964146743,50.0163348480053],[17.394204656462406,50.01629237470058],[17.394181534859737,50.01624381903957],[17.394180439761843,50.01619304606513],[17.394201458270434,50.01614409730665],[17.39424291725374,50.01610086907407],[17.394301516546072,50.016066802315144],[17.394372591650555,50.01604460872211],[17.394450485030966,50.01603605488776],[17.39452899643848,50.01604182169007],[17.394601876431423,50.016061450096494],[17.39466332381011,50.016093377701466],[17.394708447377468,50.016135063089074],[17.39473365527383,50.016183188122945],[17.394736940896387,50.016233922063634],[17.394718042641703,50.01628322649128],[17.394678464750527,50.01632717676328],[17.39462135758904,50.016362274419],[17.394551266890332,50.01638572566319],[17.39447377191308,50.01639566375888],[17.394458249275434,50.01639594036222]]]}"
2_LC08_189025_20210617_00000000000000000001,E20 E20 E20 B15,0.45278025541901945,https://1drv.ms/i/s!AuR4bnS0n2fes6l2UZaBG9i3u8Pu5Q?e=Vk797c,0.6128848429908809,-0.5902760479586617,48602992,1247122800000,1341212400000,1438326000000,1148454000000,"{""type"":""Polygon"",""coordinates"":[[[17.499643984025177,49.79277202253191],[17.499566112829868,49.792764859408535],[17.49949444024629,49.79274394022906],[17.499434671456545,49.79271093017648],[17.499391564066705,49.79266845687245],[17.49936854939814,49.79261990121186],[17.49936745936271,49.79256912823744],[17.499388380659994,49.792520179478586],[17.49942964789698,49.79247695124533],[17.499487976171363,49.79244288448566],[17.499558722559215,49.792420690892044],[17.499636255689637,49.792412137057454],[17.49971440398889,49.792417903859935],[17.499786946917894,49.792437532266874],[17.49984811010666,49.792469459872585],[17.49989302497945,49.79251114526088],[17.499918116288985,49.79255927029521],[17.499921386713446,49.79261000423597],[17.499902575860002,49.79265930866327],[17.499863181013026,49.792703258934615],[17.49980633796881,49.7927383565896],[17.499736571436657,49.79276180783317],[17.499659434871106,49.79277174592857],[17.499643984025177,49.79277202253191]]]}"
2_LC08_189026_20130424_00000000000000000006,E20 E20 B11 B11,0.4969858189472517,https://1drv.ms/i/s!AuR4bnS0n2fes6lz0ave8fSdffwE0A?e=9lqkB0,0.7183330498367752,-0.6590816744644398,48562932,1243234800000,1340348400000,1433401200000,1146121200000,"{""type"":""Polygon"",""coordinates"":[[[17.363052800556023,49.259789050916694],[17.362975773694554,49.25978188779379],[17.362904878233962,49.25976096861563],[17.362845757496036,49.25972795856478],[17.36280311750162,49.25968548526233],[17.362780352368212,49.25963692960272],[17.362779274146295,49.25958615662836],[17.36279996859707,49.259537207868604],[17.362840788386187,49.259493979633795],[17.362898484229085,49.25945991287239],[17.36296846354319,49.25943771927741],[17.36304515601545,49.25942916544224],[17.36312245698666,49.25943493224511],[17.363194213363126,49.25945456065329],[17.36325471338306,49.25948648826071],[17.363299141258555,49.25952817365063],[17.363323960507994,49.25957629868602],[17.36332719546712,49.259627032626916],[17.363308588568117,49.25967633705341],[17.3632696208623,49.25972028732325],[17.363213394146534,49.259755384976486],[17.363144384070278,49.259778836218636],[17.363068083873056,49.25978877431337],[17.363052800556023,49.259789050916694]]]}"
2_LC08_189026_20130729_00000000000000000006,E20 E20 B11 B11,0.2181664257863984,https://1drv.ms/i/s!AuR4bnS0n2fes6lz0ave8fSdffwE0A?e=9lqkB0,0.3428616869525336,-0.4674978839585231,48562932,1243234800000,1340348400000,1433401200000,1146121200000,"{""type"":""Polygon"",""coordinates"":[[[17.363052800556023,49.259789050916694],[17.362975773694554,49.25978188779379],[17.362904878233962,49.25976096861563],[17.362845757496036,49.25972795856478],[17.36280311750162,49.25968548526233],[17.362780352368212,49.25963692960272],[17.362779274146295,49.25958615662836],[17.36279996859707,49.259537207868604],[17.362840788386187,49.259493979633795],[17.362898484229085,49.25945991287239],[17.36296846354319,49.25943771927741],[17.36304515601545,49.25942916544224],[17.36312245698666,49.25943493224511],[17.363194213363126,49.25945456065329],[17.36325471338306,49.25948648826071],[17.363299141258555,49.25952817365063],[17.363323960507994,49.25957629868602],[17.36332719546712,49.259627032626916],[17.363308588568117,49.25967633705341],[17.3632696208623,49.25972028732325],[17.363213394146534,49.259755384976486],[17.363144384070278,49.259778836218636],[17.363068083873056,49.25978877431337],[17.363052800556023,49.259789050916694]]]}"
2_LC08_189026_20130729_00000000000000000001,E20 E20 E20 B15,0.333870384051438,https://1drv.ms/i/s!AuR4bnS0n2fes6l2UZaBG9i3u8Pu5Q?e=Vk797c,0.48503477697144504,-0.5512981096818871,48602992,1247122800000,1341212400000,1438326000000,1148454000000,"{""type"":""Polygon"",""coordinates"":[[[17.499643984025177,49.79277202253191],[17.499566112829868,49.792764859408535],[17.49949444024629,49.79274394022906],[17.499434671456545,49.79271093017648],[17.499391564066705,49.79266845687245],[17.49936854939814,49.79261990121186],[17.49936745936271,49.79256912823744],[17.499388380659994,49.792520179478586],[17.49942964789698,49.79247695124533],[17.499487976171363,49.79244288448566],[17.499558722559215,49.792420690892044],[17.499636255689637,49.792412137057454],[17.49971440398889,49.792417903859935],[17.499786946917894,49.792437532266874],[17.49984811010666,49.792469459872585],[17.49989302497945,49.79251114526088],[17.499918116288985,49.79255927029521],[17.499921386713446,49.79261000423597],[17.499902575860002,49.79265930866327],[17.499863181013026,49.792703258934615],[17.49980633796881,49.7927383565896],[17.499736571436657,49.79276180783317],[17.499659434871106,49.79277174592857],[17.499643984025177,49.79277202253191]]]}"
2_LC08_189026_20131001_00000000000000000006,E20 E20 B11 B11,0.3897601429100302,https://1drv.ms/i/s!AuR4bnS0n2fes6lz0ave8fSdffwE0A?e=9lqkB0,0.5884830399095196,-0.5580109839072311,48562932,1243234800000,1340348400000,1433401200000,1146121200000,"{""type"":""Polygon"",""coordinates"":[[[17.363052800556023,49.259789050916694],[17.362975773694554,49.25978188779379],[17.362904878233962,49.25976096861563],[17.362845757496036,49.25972795856478],[17.36280311750162,49.25968548526233],[17.362780352368212,49.25963692960272],[17.362779274146295,49.25958615662836],[17.36279996859707,49.259537207868604],[17.362840788386187,49.259493979633795],[17.362898484229085,49.25945991287239],[17.36296846354319,49.25943771927741],[17.36304515601545,49.25942916544224],[17.36312245698666,49.25943493224511],[17.363194213363126,49.25945456065329],[17.36325471338306,49.25948648826071],[17.363299141258555,49.25952817365063],[17.363323960507994,49.25957629868602],[17.36332719546712,49.259627032626916],[17.363308588568117,49.25967633705341],[17.3632696208623,49.25972028732325],[17.363213394146534,49.259755384976486],[17.363144384070278,49.259778836218636],[17.363068083873056,49.25978877431337],[17.363052800556023,49.259789050916694]]]}"
2_LC08_189026_20131001_00000000000000000001,E20 E20 E20 B15,0.5428436525295349,https://1drv.ms/i/s!AuR4bnS0n2fes6l2UZaBG9i3u8Pu5Q?e=Vk797c,0.7174498253550284,-0.6627945994085833,48602992,1247122800000,1341212400000,1438326000000,1148454000000,"{""type"":""Polygon"",""coordinates"":[[[17.499643984025177,49.79277202253191],[17.499566112829868,49.792764859408535],[17.49949444024629,49.79274394022906],[17.499434671456545,49.79271093017648],[17.499391564066705,49.79266845687245],[17.49936854939814,49.79261990121186],[17.49936745936271,49.79256912823744],[17.499388380659994,49.792520179478586],[17.49942964789698,49.79247695124533],[17.499487976171363,49.79244288448566],[17.499558722559215,49.792420690892044],[17.499636255689637,49.792412137057454],[17.49971440398889,49.792417903859935],[17.499786946917894,49.792437532266874],[17.49984811010666,49.792469459872585],[17.49989302497945,49.79251114526088],[17.499918116288985,49.79255927029521],[17.499921386713446,49.79261000423597],[17.499902575860002,49.79265930866327],[17.499863181013026,49.792703258934615],[17.49980633796881,49.7927383565896],[17.499736571436657,49.79276180783317],[17.499659434871106,49.79277174592857],[17.499643984025177,49.79277202253191]]]}"
2_LC08_189026_20150516_00000000000000000006,E20 E20 B11 B11,0.6316414086680963,https://1drv.ms/i/s!AuR4bnS0n2fes6lz0ave8fSdffwE0A?e=9lqkB0,0.8505640914918627,-0.8050970594561097,48562932,1243234800000,1340348400000,1433401200000,1146121200000,"{""type"":""Polygon"",""coordinates"":[[[17.363052800556023,49.259789050916694],[17.362975773694554,49.25978188779379],[17.362904878233962,49.25976096861563],[17.362845757496036,49.25972795856478],[17.36280311750162,49.25968548526233],[17.362780352368212,49.25963692960272],[17.362779274146295,49.25958615662836],[17.36279996859707,49.259537207868604],[17.362840788386187,49.259493979633795],[17.362898484229085,49.25945991287239],[17.36296846354319,49.25943771927741],[17.36304515601545,49.25942916544224],[17.36312245698666,49.25943493224511],[17.363194213363126,49.25945456065329],[17.36325471338306,49.25948648826071],[17.363299141258555,49.25952817365063],[17.363323960507994,49.25957629868602],[17.36332719546712,49.259627032626916],[17.363308588568117,49.25967633705341],[17.3632696208623,49.25972028732325],[17.363213394146534,49.259755384976486],[17.363144384070278,49.259778836218636],[17.363068083873056,49.25978877431337],[17.363052800556023,49.259789050916694]]]}"
2_LC08_189026_20150516_00000000000000000001,E20 E20 E20 B15,0.1614321740942629,https://1drv.ms/i/s!AuR4bnS0n2fes6l2UZaBG9i3u8Pu5Q?e=Vk797c,0.2068192970768373,-0.2898867769676852,48602992,1247122800000,1341212400000,1438326000000,1148454000000,"{""type"":""Polygon"",""coordinates"":[[[17.499643984025177,49.79277202253191],[17.499566112829868,49.792764859408535],[17.49949444024629,49.79274394022906],[17.499434671456545,49.79271093017648],[17.499391564066705,49.79266845687245],[17.49936854939814,49.79261990121186],[17.49936745936271,49.79256912823744],[17.499388380659994,49.792520179478586],[17.49942964789698,49.79247695124533],[17.499487976171363,49.79244288448566],[17.499558722559215,49.792420690892044],[17.499636255689637,49.792412137057454],[17.49971440398889,49.792417903859935],[17.499786946917894,49.792437532266874],[17.49984811010666,49.792469459872585],[17.49989302497945,49.79251114526088],[17.499918116288985,49.79255927029521],[17.499921386713446,49.79261000423597],[17.499902575860002,49.79265930866327],[17.499863181013026,49.792703258934615],[17.49980633796881,49.7927383565896],[17.499736571436657,49.79276180783317],[17.499659434871106,49.79277174592857],[17.499643984025177,49.79277202253191]]]}"
2_LC08_189026_20150703_00000000000000000006,E20 E20 B11 B11,0.5217424803478453,https://1drv.ms/i/s!AuR4bnS0n2fes6lz0ave8fSdffwE0A?e=9lqkB0,0.7356824343363229,-0.6890735011053154,48562932,1243234800000,1340348400000,1433401200000,1146121200000,"{""type"":""Polygon"",""coordinates"":[[[17.363052800556023,49.259789050916694],[17.362975773694554,49.25978188779379],[17.362904878233962,49.25976096861563],[17.362845757496036,49.25972795856478],[17.36280311750162,49.25968548526233],[17.362780352368212,49.25963692960272],[17.362779274146295,49.25958615662836],[17.36279996859707,49.259537207868604],[17.362840788386187,49.259493979633795],[17.362898484229085,49.25945991287239],[17.36296846354319,49.25943771927741],[17.36304515601545,49.25942916544224],[17.36312245698666,49.25943493224511],[17.363194213363126,49.25945456065329],[17.36325471338306,49.25948648826071],[17.363299141258555,49.25952817365063],[17.363323960507994,49.25957629868602],[17.36332719546712,49.259627032626916],[17.363308588568117,49.25967633705341],[17.3632696208623,49.25972028732325],[17.363213394146534,49.259755384976486],[17.363144384070278,49.259778836218636],[17.363068083873056,49.25978877431337],[17.363052800556023,49.259789050916694]]]}"
2_LC08_189026_20150703_00000000000000000001,E20 E20 E20 B15,0.6740627097267573,https://1drv.ms/i/s!AuR4bnS0n2fes6l2UZaBG9i3u8Pu5Q?e=Vk797c,0.8347341154880668,-0.7503259451748325,48602992,1247122800000,1341212400000,1438326000000,1148454000000,"{""type"":""Polygon"",""coordinates"":[[[17.499643984025177,49.79277202253191],[17.499566112829868,49.792764859408535],[17.49949444024629,49.79274394022906],[17.499434671456545,49.79271093017648],[17.499391564066705,49.79266845687245],[17.49936854939814,49.79261990121186],[17.49936745936271,49.79256912823744],[17.499388380659994,49.792520179478586],[17.49942964789698,49.79247695124533],[17.499487976171363,49.79244288448566],[17.499558722559215,49.792420690892044],[17.499636255689637,49.792412137057454],[17.49971440398889,49.792417903859935],[17.499786946917894,49.792437532266874],[17.49984811010666,49.792469459872585],[17.49989302497945,49.79251114526088],[17.499918116288985,49.79255927029521],[17.499921386713446,49.79261000423597],[17.499902575860002,49.79265930866327],[17.499863181013026,49.792703258934615],[17.49980633796881,49.7927383565896],[17.499736571436657,49.79276180783317],[17.499659434871106,49.79277174592857],[17.499643984025177,49.79277202253191]]]}"
2_LC08_189026_20150719_00000000000000000006,E20 E20 B11 B11,0.21232852360478607,https://1drv.ms/i/s!AuR4bnS0n2fes6lz0ave8fSdffwE0A?e=9lqkB0,0.32826003467369425,-0.4493214125253634,48562932,1243234800000,1340348400000,1433401200000,1146121200000,"{""type"":""Polygon"",""coordinates"":[[[17.363052800556023,49.259789050916694],[17.362975773694554,49.25978188779379],[17.362904878233962,49.25976096861563],[17.362845757496036,49.25972795856478],[17.36280311750162,49.25968548526233],[17.362780352368212,49.25963692960272],[17.362779274146295,49.25958615662836],[17.36279996859707,49.259537207868604],[17.362840788386187,49.259493979633795],[17.362898484229085,49.25945991287239],[17.36296846354319,49.25943771927741],[17.36304515601545,49.25942916544224],[17.36312245698666,49.25943493224511],[17.363194213363126,49.25945456065329],[17.36325471338306,49.25948648826071],[17.363299141258555,49.25952817365063],[17.363323960507994,49.25957629868602],[17.36332719546712,49.259627032626916],[17.363308588568117,49.25967633705341],[17.3632696208623,49.25972028732325],[17.363213394146534,49.259755384976486],[17.363144384070278,49.259778836218636],[17.363068083873056,49.25978877431337],[17.363052800556023,49.259789050916694]]]}"
2_LC08_189026_20150719_00000000000000000001,E20 E20 E20 B15,0.46613167833455577,https://1drv.ms/i/s!AuR4bnS0n2fes6l2UZaBG9i3u8Pu5Q?e=Vk797c,0.6439922977610254,-0.6302865445424235,48602992,1247122800000,1341212400000,1438326000000,1148454000000,"{""type"":""Polygon"",""coordinates"":[[[17.499643984025177,49.79277202253191],[17.499566112829868,49.792764859408535],[17.49949444024629,49.79274394022906],[17.499434671456545,49.79271093017648],[17.499391564066705,49.79266845687245],[17.49936854939814,49.79261990121186],[17.49936745936271,49.79256912823744],[17.499388380659994,49.792520179478586],[17.49942964789698,49.79247695124533],[17.499487976171363,49.79244288448566],[17.499558722559215,49.792420690892044],[17.499636255689637,49.792412137057454],[17.49971440398889,49.792417903859935],[17.499786946917894,49.792437532266874],[17.49984811010666,49.792469459872585],[17.49989302497945,49.79251114526088],[17.499918116288985,49.79255927029521],[17.499921386713446,49.79261000423597],[17.499902575860002,49.79265930866327],[17.499863181013026,49.792703258934615],[17.49980633796881,49.7927383565896],[17.499736571436657,49.79276180783317],[17.499659434871106,49.79277174592857],[17.499643984025177,49.79277202253191]]]}"
2_LC08_189026_20150804_00000000000000000006,E20 E20 B11 B11,0.18767138558643495,https://1drv.ms/i/s!AuR4bnS0n2fes6lz0ave8fSdffwE0A?e=9lqkB0,0.2820451988199358,-0.4053625824718053,48562932,1243234800000,1340348400000,1433401200000,1146121200000,"{""type"":""Polygon"",""coordinates"":[[[17.363052800556023,49.259789050916694],[17.362975773694554,49.25978188779379],[17.362904878233962,49.25976096861563],[17.362845757496036,49.25972795856478],[17.36280311750162,49.25968548526233],[17.362780352368212,49.25963692960272],[17.362779274146295,49.25958615662836],[17.36279996859707,49.259537207868604],[17.362840788386187,49.259493979633795],[17.362898484229085,49.25945991287239],[17.36296846354319,49.25943771927741],[17.36304515601545,49.25942916544224],[17.36312245698666,49.25943493224511],[17.363194213363126,49.25945456065329],[17.36325471338306,49.25948648826071],[17.363299141258555,49.25952817365063],[17.363323960507994,49.25957629868602],[17.36332719546712,49.259627032626916],[17.363308588568117,49.25967633705341],[17.3632696208623,49.25972028732325],[17.363213394146534,49.259755384976486],[17.363144384070278,49.259778836218636],[17.363068083873056,49.25978877431337],[17.363052800556023,49.259789050916694]]]}"
2_LC08_189026_20151124_00000000000000000006,E20 E20 B11 B11,0.09107066227481954,https://1drv.ms/i/s!AuR4bnS0n2fes6lz0ave8fSdffwE0A?e=9lqkB0,0.3685069028745889,-0.41955902308608745,48562932,1243234800000,1340348400000,1433401200000,1146121200000,"{""type"":""Polygon"",""coordinates"":[[[17.363052800556023,49.259789050916694],[17.362975773694554,49.25978188779379],[17.362904878233962,49.25976096861563],[17.362845757496036,49.25972795856478],[17.36280311750162,49.25968548526233],[17.362780352368212,49.25963692960272],[17.362779274146295,49.25958615662836],[17.36279996859707,49.259537207868604],[17.362840788386187,49.259493979633795],[17.362898484229085,49.25945991287239],[17.36296846354319,49.25943771927741],[17.36304515601545,49.25942916544224],[17.36312245698666,49.25943493224511],[17.363194213363126,49.25945456065329],[17.36325471338306,49.25948648826071],[17.363299141258555,49.25952817365063],[17.363323960507994,49.25957629868602],[17.36332719546712,49.259627032626916],[17.363308588568117,49.25967633705341],[17.3632696208623,49.25972028732325],[17.363213394146534,49.259755384976486],[17.363144384070278,49.259778836218636],[17.363068083873056,49.25978877431337],[17.363052800556023,49.259789050916694]]]}"
2_LC08_189026_20151124_00000000000000000001,E20 E20 E20 B15,-0.05852042541372976,https://1drv.ms/i/s!AuR4bnS0n2fes6l2UZaBG9i3u8Pu5Q?e=Vk797c,-0.009361686522464309,-0.02260231472322205,48602992,1247122800000,1341212400000,1438326000000,1148454000000,"{""type"":""Polygon"",""coordinates"":[[[17.499643984025177,49.79277202253191],[17.499566112829868,49.792764859408535],[17.49949444024629,49.79274394022906],[17.499434671456545,49.79271093017648],[17.499391564066705,49.79266845687245],[17.49936854939814,49.79261990121186],[17.49936745936271,49.79256912823744],[17.499388380659994,49.792520179478586],[17.49942964789698,49.79247695124533],[17.499487976171363,49.79244288448566],[17.499558722559215,49.792420690892044],[17.499636255689637,49.792412137057454],[17.49971440398889,49.792417903859935],[17.499786946917894,49.792437532266874],[17.49984811010666,49.792469459872585],[17.49989302497945,49.79251114526088],[17.499918116288985,49.79255927029521],[17.499921386713446,49.79261000423597],[17.499902575860002,49.79265930866327],[17.499863181013026,49.792703258934615],[17.49980633796881,49.7927383565896],[17.499736571436657,49.79276180783317],[17.499659434871106,49.79277174592857],[17.499643984025177,49.79277202253191]]]}"
2_LC08_189026_20160416_00000000000000000006,E20 E20 B11 B11,0.3869411569929739,https://1drv.ms/i/s!AuR4bnS0n2fes6lz0ave8fSdffwE0A?e=9lqkB0,0.6601649128100682,-0.6402903139856208,48562932,1243234800000,1340348400000,1433401200000,1146121200000,"{""type"":""Polygon"",""coordinates"":[[[17.363052800556023,49.259789050916694],[17.362975773694554,49.25978188779379],[17.362904878233962,49.25976096861563],[17.362845757496036,49.25972795856478],[17.36280311750162,49.25968548526233],[17.362780352368212,49.25963692960272],[17.362779274146295,49.25958615662836],[17.36279996859707,49.259537207868604],[17.362840788386187,49.259493979633795],[17.362898484229085,49.25945991287239],[17.36296846354319,49.25943771927741],[17.36304515601545,49.25942916544224],[17.36312245698666,49.25943493224511],[17.363194213363126,49.25945456065329],[17.36325471338306,49.25948648826071],[17.363299141258555,49.25952817365063],[17.363323960507994,49.25957629868602],[17.36332719546712,49.259627032626916],[17.363308588568117,49.25967633705341],[17.3632696208623,49.25972028732325],[17.363213394146534,49.259755384976486],[17.363144384070278,49.259778836218636],[17.363068083873056,49.25978877431337],[17.363052800556023,49.259789050916694]]]}"
2_LC08_189026_20160416_00000000000000000001,E20 E20 E20 B15,0.31736929110435697,https://1drv.ms/i/s!AuR4bnS0n2fes6l2UZaBG9i3u8Pu5Q?e=Vk797c,0.45477442705782556,-0.46670250074326236,48602992,1247122800000,1341212400000,1438326000000,1148454000000,"{""type"":""Polygon"",""coordinates"":[[[17.499643984025177,49.79277202253191],[17.499566112829868,49.792764859408535],[17.49949444024629,49.79274394022906],[17.499434671456545,49.79271093017648],[17.499391564066705,49.79266845687245],[17.49936854939814,49.79261990121186],[17.49936745936271,49.79256912823744],[17.499388380659994,49.792520179478586],[17.49942964789698,49.79247695124533],[17.499487976171363,49.79244288448566],[17.499558722559215,49.792420690892044],[17.499636255689637,49.792412137057454],[17.49971440398889,49.792417903859935],[17.499786946917894,49.792437532266874],[17.49984811010666,49.792469459872585],[17.49989302497945,49.79251114526088],[17.499918116288985,49.79255927029521],[17.499921386713446,49.79261000423597],[17.499902575860002,49.79265930866327],[17.499863181013026,49.792703258934615],[17.49980633796881,49.7927383565896],[17.499736571436657,49.79276180783317],[17.499659434871106,49.79277174592857],[17.499643984025177,49.79277202253191]]]}"
2_LC08_189026_20160907_00000000000000000006,E20 E20 B11 B11,0.2303145580481865,https://1drv.ms/i/s!AuR4bnS0n2fes6lz0ave8fSdffwE0A?e=9lqkB0,0.3749552324541525,-0.443961318498845,48562932,1243234800000,1340348400000,1433401200000,1146121200000,"{""type"":""Polygon"",""coordinates"":[[[17.363052800556023,49.259789050916694],[17.362975773694554,49.25978188779379],[17.362904878233962,49.25976096861563],[17.362845757496036,49.25972795856478],[17.36280311750162,49.25968548526233],[17.362780352368212,49.25963692960272],[17.362779274146295,49.25958615662836],[17.36279996859707,49.259537207868604],[17.362840788386187,49.259493979633795],[17.362898484229085,49.25945991287239],[17.36296846354319,49.25943771927741],[17.36304515601545,49.25942916544224],[17.36312245698666,49.25943493224511],[17.363194213363126,49.25945456065329],[17.36325471338306,49.25948648826071],[17.363299141258555,49.25952817365063],[17.363323960507994,49.25957629868602],[17.36332719546712,49.259627032626916],[17.363308588568117,49.25967633705341],[17.3632696208623,49.25972028732325],[17.363213394146534,49.259755384976486],[17.363144384070278,49.259778836218636],[17.363068083873056,49.25978877431337],[17.363052800556023,49.259789050916694]]]}"
2_LC08_189026_20170622_00000000000000000006,E20 E20 B11 B11,0.5659733606375617,https://1drv.ms/i/s!AuR4bnS0n2fes6lz0ave8fSdffwE0A?e=9lqkB0,0.7331737809546749,-0.6630157805191962,48562932,1243234800000,1340348400000,1433401200000,1146121200000,"{""type"":""Polygon"",""coordinates"":[[[17.363052800556023,49.259789050916694],[17.362975773694554,49.25978188779379],[17.362904878233962,49.25976096861563],[17.362845757496036,49.25972795856478],[17.36280311750162,49.25968548526233],[17.362780352368212,49.25963692960272],[17.362779274146295,49.25958615662836],[17.36279996859707,49.259537207868604],[17.362840788386187,49.259493979633795],[17.362898484229085,49.25945991287239],[17.36296846354319,49.25943771927741],[17.36304515601545,49.25942916544224],[17.36312245698666,49.25943493224511],[17.363194213363126,49.25945456065329],[17.36325471338306,49.25948648826071],[17.363299141258555,49.25952817365063],[17.363323960507994,49.25957629868602],[17.36332719546712,49.259627032626916],[17.363308588568117,49.25967633705341],[17.3632696208623,49.25972028732325],[17.363213394146534,49.259755384976486],[17.363144384070278,49.259778836218636],[17.363068083873056,49.25978877431337],[17.363052800556023,49.259789050916694]]]}"
2_LC08_189026_20170622_00000000000000000001,E20 E20 E20 B15,0.3344273315613091,https://1drv.ms/i/s!AuR4bnS0n2fes6l2UZaBG9i3u8Pu5Q?e=Vk797c,0.5084344726802881,-0.5374070949363193,48602992,1247122800000,1341212400000,1438326000000,1148454000000,"{""type"":""Polygon"",""coordinates"":[[[17.499643984025177,49.79277202253191],[17.499566112829868,49.792764859408535],[17.49949444024629,49.79274394022906],[17.499434671456545,49.79271093017648],[17.499391564066705,49.79266845687245],[17.49936854939814,49.79261990121186],[17.49936745936271,49.79256912823744],[17.499388380659994,49.792520179478586],[17.49942964789698,49.79247695124533],[17.499487976171363,49.79244288448566],[17.499558722559215,49.792420690892044],[17.499636255689637,49.792412137057454],[17.49971440398889,49.792417903859935],[17.499786946917894,49.792437532266874],[17.49984811010666,49.792469459872585],[17.49989302497945,49.79251114526088],[17.499918116288985,49.79255927029521],[17.499921386713446,49.79261000423597],[17.499902575860002,49.79265930866327],[17.499863181013026,49.792703258934615],[17.49980633796881,49.7927383565896],[17.499736571436657,49.79276180783317],[17.499659434871106,49.79277174592857],[17.499643984025177,49.79277202253191]]]}"
2_LC08_189026_20170825_00000000000000000006,E20 E20 B11 B11,0.32726105269558686,https://1drv.ms/i/s!AuR4bnS0n2fes6lz0ave8fSdffwE0A?e=9lqkB0,0.4544441012717007,-0.5125688476211747,48562932,1243234800000,1340348400000,1433401200000,1146121200000,"{""type"":""Polygon"",""coordinates"":[[[17.363052800556023,49.259789050916694],[17.362975773694554,49.25978188779379],[17.362904878233962,49.25976096861563],[17.362845757496036,49.25972795856478],[17.36280311750162,49.25968548526233],[17.362780352368212,49.25963692960272],[17.362779274146295,49.25958615662836],[17.36279996859707,49.259537207868604],[17.362840788386187,49.259493979633795],[17.362898484229085,49.25945991287239],[17.36296846354319,49.25943771927741],[17.36304515601545,49.25942916544224],[17.36312245698666,49.25943493224511],[17.363194213363126,49.25945456065329],[17.36325471338306,49.25948648826071],[17.363299141258555,49.25952817365063],[17.363323960507994,49.25957629868602],[17.36332719546712,49.259627032626916],[17.363308588568117,49.25967633705341],[17.3632696208623,49.25972028732325],[17.363213394146534,49.259755384976486],[17.363144384070278,49.259778836218636],[17.363068083873056,49.25978877431337],[17.363052800556023,49.259789050916694]]]}"
2_LC08_189026_20180422_00000000000000000006,E20 E20 B11 B11,0.619777544822032,https://1drv.ms/i/s!AuR4bnS0n2fes6lz0ave8fSdffwE0A?e=9lqkB0,0.793876771671731,-0.7179731431153862,48562932,1243234800000,1340348400000,1433401200000,1146121200000,"{""type"":""Polygon"",""coordinates"":[[[17.363052800556023,49.259789050916694],[17.362975773694554,49.25978188779379],[17.362904878233962,49.25976096861563],[17.362845757496036,49.25972795856478],[17.36280311750162,49.25968548526233],[17.362780352368212,49.25963692960272],[17.362779274146295,49.25958615662836],[17.36279996859707,49.259537207868604],[17.362840788386187,49.259493979633795],[17.362898484229085,49.25945991287239],[17.36296846354319,49.25943771927741],[17.36304515601545,49.25942916544224],[17.36312245698666,49.25943493224511],[17.363194213363126,49.25945456065329],[17.36325471338306,49.25948648826071],[17.363299141258555,49.25952817365063],[17.363323960507994,49.25957629868602],[17.36332719546712,49.259627032626916],[17.363308588568117,49.25967633705341],[17.3632696208623,49.25972028732325],[17.363213394146534,49.259755384976486],[17.363144384070278,49.259778836218636],[17.363068083873056,49.25978877431337],[17.363052800556023,49.259789050916694]]]}"
2_LC08_189026_20180422_00000000000000000001,E20 E20 E20 B15,0.18269677509988627,https://1drv.ms/i/s!AuR4bnS0n2fes6l2UZaBG9i3u8Pu5Q?e=Vk797c,0.24891689593840777,-0.32137022790532166,48602992,1247122800000,1341212400000,1438326000000,1148454000000,"{""type"":""Polygon"",""coordinates"":[[[17.499643984025177,49.79277202253191],[17.499566112829868,49.792764859408535],[17.49949444024629,49.79274394022906],[17.499434671456545,49.79271093017648],[17.499391564066705,49.79266845687245],[17.49936854939814,49.79261990121186],[17.49936745936271,49.79256912823744],[17.499388380659994,49.792520179478586],[17.49942964789698,49.79247695124533],[17.499487976171363,49.79244288448566],[17.499558722559215,49.792420690892044],[17.499636255689637,49.792412137057454],[17.49971440398889,49.792417903859935],[17.499786946917894,49.792437532266874],[17.49984811010666,49.792469459872585],[17.49989302497945,49.79251114526088],[17.499918116288985,49.79255927029521],[17.499921386713446,49.79261000423597],[17.499902575860002,49.79265930866327],[17.499863181013026,49.792703258934615],[17.49980633796881,49.7927383565896],[17.499736571436657,49.79276180783317],[17.499659434871106,49.79277174592857],[17.499643984025177,49.79277202253191]]]}"
2_LC08_189026_20180812_00000000000000000006,E20 E20 B11 B11,0.1857191409304025,https://1drv.ms/i/s!AuR4bnS0n2fes6lz0ave8fSdffwE0A?e=9lqkB0,0.30414239240445723,-0.39516528745721463,48562932,1243234800000,1340348400000,1433401200000,1146121200000,"{""type"":""Polygon"",""coordinates"":[[[17.363052800556023,49.259789050916694],[17.362975773694554,49.25978188779379],[17.362904878233962,49.25976096861563],[17.362845757496036,49.25972795856478],[17.36280311750162,49.25968548526233],[17.362780352368212,49.25963692960272],[17.362779274146295,49.25958615662836],[17.36279996859707,49.259537207868604],[17.362840788386187,49.259493979633795],[17.362898484229085,49.25945991287239],[17.36296846354319,49.25943771927741],[17.36304515601545,49.25942916544224],[17.36312245698666,49.25943493224511],[17.363194213363126,49.25945456065329],[17.36325471338306,49.25948648826071],[17.363299141258555,49.25952817365063],[17.363323960507994,49.25957629868602],[17.36332719546712,49.259627032626916],[17.363308588568117,49.25967633705341],[17.3632696208623,49.25972028732325],[17.363213394146534,49.259755384976486],[17.363144384070278,49.259778836218636],[17.363068083873056,49.25978877431337],[17.363052800556023,49.259789050916694]]]}"
2_LC08_189026_20180812_00000000000000000001,E20 E20 E20 B15,0.15898422670351045,https://1drv.ms/i/s!AuR4bnS0n2fes6l2UZaBG9i3u8Pu5Q?e=Vk797c,0.22992511715960356,-0.3337929476275585,48602992,1247122800000,1341212400000,1438326000000,1148454000000,"{""type"":""Polygon"",""coordinates"":[[[17.499643984025177,49.79277202253191],[17.499566112829868,49.792764859408535],[17.49949444024629,49.79274394022906],[17.499434671456545,49.79271093017648],[17.499391564066705,49.79266845687245],[17.49936854939814,49.79261990121186],[17.49936745936271,49.79256912823744],[17.499388380659994,49.792520179478586],[17.49942964789698,49.79247695124533],[17.499487976171363,49.79244288448566],[17.499558722559215,49.792420690892044],[17.499636255689637,49.792412137057454],[17.49971440398889,49.792417903859935],[17.499786946917894,49.792437532266874],[17.49984811010666,49.792469459872585],[17.49989302497945,49.79251114526088],[17.499918116288985,49.79255927029521],[17.499921386713446,49.79261000423597],[17.499902575860002,49.79265930866327],[17.499863181013026,49.792703258934615],[17.49980633796881,49.7927383565896],[17.499736571436657,49.79276180783317],[17.499659434871106,49.79277174592857],[17.499643984025177,49.79277202253191]]]}"
2_LC08_189026_20181015_00000000000000000006,E20 E20 B11 B11,0.26373805327106187,https://1drv.ms/i/s!AuR4bnS0n2fes6lz0ave8fSdffwE0A?e=9lqkB0,0.4414918053377857,-0.46202561832612193,48562932,1243234800000,1340348400000,1433401200000,1146121200000,"{""type"":""Polygon"",""coordinates"":[[[17.363052800556023,49.259789050916694],[17.362975773694554,49.25978188779379],[17.362904878233962,49.25976096861563],[17.362845757496036,49.25972795856478],[17.36280311750162,49.25968548526233],[17.362780352368212,49.25963692960272],[17.362779274146295,49.25958615662836],[17.36279996859707,49.259537207868604],[17.362840788386187,49.259493979633795],[17.362898484229085,49.25945991287239],[17.36296846354319,49.25943771927741],[17.36304515601545,49.25942916544224],[17.36312245698666,49.25943493224511],[17.363194213363126,49.25945456065329],[17.36325471338306,49.25948648826071],[17.363299141258555,49.25952817365063],[17.363323960507994,49.25957629868602],[17.36332719546712,49.259627032626916],[17.363308588568117,49.25967633705341],[17.3632696208623,49.25972028732325],[17.363213394146534,49.259755384976486],[17.363144384070278,49.259778836218636],[17.363068083873056,49.25978877431337],[17.363052800556023,49.259789050916694]]]}"
2_LC08_189026_20181015_00000000000000000001,E20 E20 E20 B15,0.11469376560646374,https://1drv.ms/i/s!AuR4bnS0n2fes6l2UZaBG9i3u8Pu5Q?e=Vk797c,0.16928763487059229,-0.2575489879377475,48602992,1247122800000,1341212400000,1438326000000,1148454000000,"{""type"":""Polygon"",""coordinates"":[[[17.499643984025177,49.79277202253191],[17.499566112829868,49.792764859408535],[17.49949444024629,49.79274394022906],[17.499434671456545,49.79271093017648],[17.499391564066705,49.79266845687245],[17.49936854939814,49.79261990121186],[17.49936745936271,49.79256912823744],[17.499388380659994,49.792520179478586],[17.49942964789698,49.79247695124533],[17.499487976171363,49.79244288448566],[17.499558722559215,49.792420690892044],[17.499636255689637,49.792412137057454],[17.49971440398889,49.792417903859935],[17.499786946917894,49.792437532266874],[17.49984811010666,49.792469459872585],[17.49989302497945,49.79251114526088],[17.499918116288985,49.79255927029521],[17.499921386713446,49.79261000423597],[17.499902575860002,49.79265930866327],[17.499863181013026,49.792703258934615],[17.49980633796881,49.7927383565896],[17.499736571436657,49.79276180783317],[17.499659434871106,49.79277174592857],[17.499643984025177,49.79277202253191]]]}"
2_LC08_189026_20181031_00000000000000000006,E20 E20 B11 B11,0.46774785296648486,https://1drv.ms/i/s!AuR4bnS0n2fes6lz0ave8fSdffwE0A?e=9lqkB0,0.7091137585095328,-0.6428977675524178,48562932,1243234800000,1340348400000,1433401200000,1146121200000,"{""type"":""Polygon"",""coordinates"":[[[17.363052800556023,49.259789050916694],[17.362975773694554,49.25978188779379],[17.362904878233962,49.25976096861563],[17.362845757496036,49.25972795856478],[17.36280311750162,49.25968548526233],[17.362780352368212,49.25963692960272],[17.362779274146295,49.25958615662836],[17.36279996859707,49.259537207868604],[17.362840788386187,49.259493979633795],[17.362898484229085,49.25945991287239],[17.36296846354319,49.25943771927741],[17.36304515601545,49.25942916544224],[17.36312245698666,49.25943493224511],[17.363194213363126,49.25945456065329],[17.36325471338306,49.25948648826071],[17.363299141258555,49.25952817365063],[17.363323960507994,49.25957629868602],[17.36332719546712,49.259627032626916],[17.363308588568117,49.25967633705341],[17.3632696208623,49.25972028732325],[17.363213394146534,49.259755384976486],[17.363144384070278,49.259778836218636],[17.363068083873056,49.25978877431337],[17.363052800556023,49.259789050916694]]]}"
2_LC08_189026_20190612_00000000000000000006,E20 E20 B11 B11,0.5586899711908612,https://1drv.ms/i/s!AuR4bnS0n2fes6lz0ave8fSdffwE0A?e=9lqkB0,0.6989348304835721,-0.6581112920301115,48562932,1243234800000,1340348400000,1433401200000,1146121200000,"{""type"":""Polygon"",""coordinates"":[[[17.363052800556023,49.259789050916694],[17.362975773694554,49.25978188779379],[17.362904878233962,49.25976096861563],[17.362845757496036,49.25972795856478],[17.36280311750162,49.25968548526233],[17.362780352368212,49.25963692960272],[17.362779274146295,49.25958615662836],[17.36279996859707,49.259537207868604],[17.362840788386187,49.259493979633795],[17.362898484229085,49.25945991287239],[17.36296846354319,49.25943771927741],[17.36304515601545,49.25942916544224],[17.36312245698666,49.25943493224511],[17.363194213363126,49.25945456065329],[17.36325471338306,49.25948648826071],[17.363299141258555,49.25952817365063],[17.363323960507994,49.25957629868602],[17.36332719546712,49.259627032626916],[17.363308588568117,49.25967633705341],[17.3632696208623,49.25972028732325],[17.363213394146534,49.259755384976486],[17.363144384070278,49.259778836218636],[17.363068083873056,49.25978877431337],[17.363052800556023,49.259789050916694]]]}"
2_LC08_189026_20190612_00000000000000000001,E20 E20 E20 B15,0.647088629766197,https://1drv.ms/i/s!AuR4bnS0n2fes6l2UZaBG9i3u8Pu5Q?e=Vk797c,0.8074680842597406,-0.7199404972291215,48602992,1247122800000,1341212400000,1438326000000,1148454000000,"{""type"":""Polygon"",""coordinates"":[[[17.499643984025177,49.79277202253191],[17.499566112829868,49.792764859408535],[17.49949444024629,49.79274394022906],[17.499434671456545,49.79271093017648],[17.499391564066705,49.79266845687245],[17.49936854939814,49.79261990121186],[17.49936745936271,49.79256912823744],[17.499388380659994,49.792520179478586],[17.49942964789698,49.79247695124533],[17.499487976171363,49.79244288448566],[17.499558722559215,49.792420690892044],[17.499636255689637,49.792412137057454],[17.49971440398889,49.792417903859935],[17.499786946917894,49.792437532266874],[17.49984811010666,49.792469459872585],[17.49989302497945,49.79251114526088],[17.499918116288985,49.79255927029521],[17.499921386713446,49.79261000423597],[17.499902575860002,49.79265930866327],[17.499863181013026,49.792703258934615],[17.49980633796881,49.7927383565896],[17.499736571436657,49.79276180783317],[17.499659434871106,49.79277174592857],[17.499643984025177,49.79277202253191]]]}"
2_LC08_189026_20190831_00000000000000000006,E20 E20 B11 B11,0.1793474336136545,https://1drv.ms/i/s!AuR4bnS0n2fes6lz0ave8fSdffwE0A?e=9lqkB0,0.2619353375321696,-0.35977178628263656,48562932,1243234800000,1340348400000,1433401200000,1146121200000,"{""type"":""Polygon"",""coordinates"":[[[17.363052800556023,49.259789050916694],[17.362975773694554,49.25978188779379],[17.362904878233962,49.25976096861563],[17.362845757496036,49.25972795856478],[17.36280311750162,49.25968548526233],[17.362780352368212,49.25963692960272],[17.362779274146295,49.25958615662836],[17.36279996859707,49.259537207868604],[17.362840788386187,49.259493979633795],[17.362898484229085,49.25945991287239],[17.36296846354319,49.25943771927741],[17.36304515601545,49.25942916544224],[17.36312245698666,49.25943493224511],[17.363194213363126,49.25945456065329],[17.36325471338306,49.25948648826071],[17.363299141258555,49.25952817365063],[17.363323960507994,49.25957629868602],[17.36332719546712,49.259627032626916],[17.363308588568117,49.25967633705341],[17.3632696208623,49.25972028732325],[17.363213394146534,49.259755384976486],[17.363144384070278,49.259778836218636],[17.363068083873056,49.25978877431337],[17.363052800556023,49.259789050916694]]]}"
2_LC08_189026_20190831_00000000000000000001,E20 E20 E20 B15,0.299091507777918,https://1drv.ms/i/s!AuR4bnS0n2fes6l2UZaBG9i3u8Pu5Q?e=Vk797c,0.4678054016166368,-0.49800258293425403,48602992,1247122800000,1341212400000,1438326000000,1148454000000,"{""type"":""Polygon"",""coordinates"":[[[17.499643984025177,49.79277202253191],[17.499566112829868,49.792764859408535],[17.49949444024629,49.79274394022906],[17.499434671456545,49.79271093017648],[17.499391564066705,49.79266845687245],[17.49936854939814,49.79261990121186],[17.49936745936271,49.79256912823744],[17.499388380659994,49.792520179478586],[17.49942964789698,49.79247695124533],[17.499487976171363,49.79244288448566],[17.499558722559215,49.792420690892044],[17.499636255689637,49.792412137057454],[17.49971440398889,49.792417903859935],[17.499786946917894,49.792437532266874],[17.49984811010666,49.792469459872585],[17.49989302497945,49.79251114526088],[17.499918116288985,49.79255927029521],[17.499921386713446,49.79261000423597],[17.499902575860002,49.79265930866327],[17.499863181013026,49.792703258934615],[17.49980633796881,49.7927383565896],[17.499736571436657,49.79276180783317],[17.499659434871106,49.79277174592857],[17.499643984025177,49.79277202253191]]]}"
2_LC08_189026_20200411_00000000000000000006,E20 E20 B11 B11,0.1361441372242368,https://1drv.ms/i/s!AuR4bnS0n2fes6lz0ave8fSdffwE0A?e=9lqkB0,0.2598176031594132,-0.37315544034913517,48562932,1243234800000,1340348400000,1433401200000,1146121200000,"{""type"":""Polygon"",""coordinates"":[[[17.363052800556023,49.259789050916694],[17.362975773694554,49.25978188779379],[17.362904878233962,49.25976096861563],[17.362845757496036,49.25972795856478],[17.36280311750162,49.25968548526233],[17.362780352368212,49.25963692960272],[17.362779274146295,49.25958615662836],[17.36279996859707,49.259537207868604],[17.362840788386187,49.259493979633795],[17.362898484229085,49.25945991287239],[17.36296846354319,49.25943771927741],[17.36304515601545,49.25942916544224],[17.36312245698666,49.25943493224511],[17.363194213363126,49.25945456065329],[17.36325471338306,49.25948648826071],[17.363299141258555,49.25952817365063],[17.363323960507994,49.25957629868602],[17.36332719546712,49.259627032626916],[17.363308588568117,49.25967633705341],[17.3632696208623,49.25972028732325],[17.363213394146534,49.259755384976486],[17.363144384070278,49.259778836218636],[17.363068083873056,49.25978877431337],[17.363052800556023,49.259789050916694]]]}"
2_LC08_189026_20200411_00000000000000000001,E20 E20 E20 B15,0.09358322920090274,https://1drv.ms/i/s!AuR4bnS0n2fes6l2UZaBG9i3u8Pu5Q?e=Vk797c,0.11485431887795942,-0.22380187450441305,48602992,1247122800000,1341212400000,1438326000000,1148454000000,"{""type"":""Polygon"",""coordinates"":[[[17.499643984025177,49.79277202253191],[17.499566112829868,49.792764859408535],[17.49949444024629,49.79274394022906],[17.499434671456545,49.79271093017648],[17.499391564066705,49.79266845687245],[17.49936854939814,49.79261990121186],[17.49936745936271,49.79256912823744],[17.499388380659994,49.792520179478586],[17.49942964789698,49.79247695124533],[17.499487976171363,49.79244288448566],[17.499558722559215,49.792420690892044],[17.499636255689637,49.792412137057454],[17.49971440398889,49.792417903859935],[17.499786946917894,49.792437532266874],[17.49984811010666,49.792469459872585],[17.49989302497945,49.79251114526088],[17.499918116288985,49.79255927029521],[17.499921386713446,49.79261000423597],[17.499902575860002,49.79265930866327],[17.499863181013026,49.792703258934615],[17.49980633796881,49.7927383565896],[17.499736571436657,49.79276180783317],[17.499659434871106,49.79277174592857],[17.499643984025177,49.79277202253191]]]}"
2_LC08_189026_20200801_00000000000000000006,E20 E20 B11 B11,0.7087870792569886,https://1drv.ms/i/s!AuR4bnS0n2fes6lz0ave8fSdffwE0A?e=9lqkB0,0.8648353634047472,-0.8041816189372555,48562932,1243234800000,1340348400000,1433401200000,1146121200000,"{""type"":""Polygon"",""coordinates"":[[[17.363052800556023,49.259789050916694],[17.362975773694554,49.25978188779379],[17.362904878233962,49.25976096861563],[17.362845757496036,49.25972795856478],[17.36280311750162,49.25968548526233],[17.362780352368212,49.25963692960272],[17.362779274146295,49.25958615662836],[17.36279996859707,49.259537207868604],[17.362840788386187,49.259493979633795],[17.362898484229085,49.25945991287239],[17.36296846354319,49.25943771927741],[17.36304515601545,49.25942916544224],[17.36312245698666,49.25943493224511],[17.363194213363126,49.25945456065329],[17.36325471338306,49.25948648826071],[17.363299141258555,49.25952817365063],[17.363323960507994,49.25957629868602],[17.36332719546712,49.259627032626916],[17.363308588568117,49.25967633705341],[17.3632696208623,49.25972028732325],[17.363213394146534,49.259755384976486],[17.363144384070278,49.259778836218636],[17.363068083873056,49.25978877431337],[17.363052800556023,49.259789050916694]]]}"
2_LC08_189026_20200801_00000000000000000001,E20 E20 E20 B15,0.35325858473135596,https://1drv.ms/i/s!AuR4bnS0n2fes6l2UZaBG9i3u8Pu5Q?e=Vk797c,0.6070225763058225,-0.6242226127207035,48602992,1247122800000,1341212400000,1438326000000,1148454000000,"{""type"":""Polygon"",""coordinates"":[[[17.499643984025177,49.79277202253191],[17.499566112829868,49.792764859408535],[17.49949444024629,49.79274394022906],[17.499434671456545,49.79271093017648],[17.499391564066705,49.79266845687245],[17.49936854939814,49.79261990121186],[17.49936745936271,49.79256912823744],[17.499388380659994,49.792520179478586],[17.49942964789698,49.79247695124533],[17.499487976171363,49.79244288448566],[17.499558722559215,49.792420690892044],[17.499636255689637,49.792412137057454],[17.49971440398889,49.792417903859935],[17.499786946917894,49.792437532266874],[17.49984811010666,49.792469459872585],[17.49989302497945,49.79251114526088],[17.499918116288985,49.79255927029521],[17.499921386713446,49.79261000423597],[17.499902575860002,49.79265930866327],[17.499863181013026,49.792703258934615],[17.49980633796881,49.7927383565896],[17.499736571436657,49.79276180783317],[17.499659434871106,49.79277174592857],[17.499643984025177,49.79277202253191]]]}"
2_LC08_189026_20200918_00000000000000000006,E20 E20 B11 B11,0.5663548451446141,https://1drv.ms/i/s!AuR4bnS0n2fes6lz0ave8fSdffwE0A?e=9lqkB0,0.8078808799055743,-0.755327779296175,48562932,1243234800000,1340348400000,1433401200000,1146121200000,"{""type"":""Polygon"",""coordinates"":[[[17.363052800556023,49.259789050916694],[17.362975773694554,49.25978188779379],[17.362904878233962,49.25976096861563],[17.362845757496036,49.25972795856478],[17.36280311750162,49.25968548526233],[17.362780352368212,49.25963692960272],[17.362779274146295,49.25958615662836],[17.36279996859707,49.259537207868604],[17.362840788386187,49.259493979633795],[17.362898484229085,49.25945991287239],[17.36296846354319,49.25943771927741],[17.36304515601545,49.25942916544224],[17.36312245698666,49.25943493224511],[17.363194213363126,49.25945456065329],[17.36325471338306,49.25948648826071],[17.363299141258555,49.25952817365063],[17.363323960507994,49.25957629868602],[17.36332719546712,49.259627032626916],[17.363308588568117,49.25967633705341],[17.3632696208623,49.25972028732325],[17.363213394146534,49.259755384976486],[17.363144384070278,49.259778836218636],[17.363068083873056,49.25978877431337],[17.363052800556023,49.259789050916694]]]}"
2_LC08_189026_20200918_00000000000000000001,E20 E20 E20 B15,0.3442709729154078,https://1drv.ms/i/s!AuR4bnS0n2fes6l2UZaBG9i3u8Pu5Q?e=Vk797c,0.5110703538514947,-0.5521204409435457,48602992,1247122800000,1341212400000,1438326000000,1148454000000,"{""type"":""Polygon"",""coordinates"":[[[17.499643984025177,49.79277202253191],[17.499566112829868,49.792764859408535],[17.49949444024629,49.79274394022906],[17.499434671456545,49.79271093017648],[17.499391564066705,49.79266845687245],[17.49936854939814,49.79261990121186],[17.49936745936271,49.79256912823744],[17.499388380659994,49.792520179478586],[17.49942964789698,49.79247695124533],[17.499487976171363,49.79244288448566],[17.499558722559215,49.792420690892044],[17.499636255689637,49.792412137057454],[17.49971440398889,49.792417903859935],[17.499786946917894,49.792437532266874],[17.49984811010666,49.792469459872585],[17.49989302497945,49.79251114526088],[17.499918116288985,49.79255927029521],[17.499921386713446,49.79261000423597],[17.499902575860002,49.79265930866327],[17.499863181013026,49.792703258934615],[17.49980633796881,49.7927383565896],[17.499736571436657,49.79276180783317],[17.499659434871106,49.79277174592857],[17.499643984025177,49.79277202253191]]]}"
2_LC08_189026_20201020_00000000000000000006,E20 E20 B11 B11,0.1614184869058895,https://1drv.ms/i/s!AuR4bnS0n2fes6lz0ave8fSdffwE0A?e=9lqkB0,0.3567544895630224,-0.45098388196998,48562932,1243234800000,1340348400000,1433401200000,1146121200000,"{""type"":""Polygon"",""coordinates"":[[[17.363052800556023,49.259789050916694],[17.362975773694554,49.25978188779379],[17.362904878233962,49.25976096861563],[17.362845757496036,49.25972795856478],[17.36280311750162,49.25968548526233],[17.362780352368212,49.25963692960272],[17.362779274146295,49.25958615662836],[17.36279996859707,49.259537207868604],[17.362840788386187,49.259493979633795],[17.362898484229085,49.25945991287239],[17.36296846354319,49.25943771927741],[17.36304515601545,49.25942916544224],[17.36312245698666,49.25943493224511],[17.363194213363126,49.25945456065329],[17.36325471338306,49.25948648826071],[17.363299141258555,49.25952817365063],[17.363323960507994,49.25957629868602],[17.36332719546712,49.259627032626916],[17.363308588568117,49.25967633705341],[17.3632696208623,49.25972028732325],[17.363213394146534,49.259755384976486],[17.363144384070278,49.259778836218636],[17.363068083873056,49.25978877431337],[17.363052800556023,49.259789050916694]]]}"
2_LC08_189026_20201020_00000000000000000001,E20 E20 E20 B15,0.09175548302090014,https://1drv.ms/i/s!AuR4bnS0n2fes6l2UZaBG9i3u8Pu5Q?e=Vk797c,0.18163172981883458,-0.29787950986725803,48602992,1247122800000,1341212400000,1438326000000,1148454000000,"{""type"":""Polygon"",""coordinates"":[[[17.499643984025177,49.79277202253191],[17.499566112829868,49.792764859408535],[17.49949444024629,49.79274394022906],[17.499434671456545,49.79271093017648],[17.499391564066705,49.79266845687245],[17.49936854939814,49.79261990121186],[17.49936745936271,49.79256912823744],[17.499388380659994,49.792520179478586],[17.49942964789698,49.79247695124533],[17.499487976171363,49.79244288448566],[17.499558722559215,49.792420690892044],[17.499636255689637,49.792412137057454],[17.49971440398889,49.792417903859935],[17.499786946917894,49.792437532266874],[17.49984811010666,49.792469459872585],[17.49989302497945,49.79251114526088],[17.499918116288985,49.79255927029521],[17.499921386713446,49.79261000423597],[17.499902575860002,49.79265930866327],[17.499863181013026,49.792703258934615],[17.49980633796881,49.7927383565896],[17.499736571436657,49.79276180783317],[17.499659434871106,49.79277174592857],[17.499643984025177,49.79277202253191]]]}"
2_LC08_189026_20201121_00000000000000000006,E20 E20 B11 B11,0.14240598657144937,https://1drv.ms/i/s!AuR4bnS0n2fes6lz0ave8fSdffwE0A?e=9lqkB0,0.2767739891911479,-0.40450989671910803,48562932,1243234800000,1340348400000,1433401200000,1146121200000,"{""type"":""Polygon"",""coordinates"":[[[17.363052800556023,49.259789050916694],[17.362975773694554,49.25978188779379],[17.362904878233962,49.25976096861563],[17.362845757496036,49.25972795856478],[17.36280311750162,49.25968548526233],[17.362780352368212,49.25963692960272],[17.362779274146295,49.25958615662836],[17.36279996859707,49.259537207868604],[17.362840788386187,49.259493979633795],[17.362898484229085,49.25945991287239],[17.36296846354319,49.25943771927741],[17.36304515601545,49.25942916544224],[17.36312245698666,49.25943493224511],[17.363194213363126,49.25945456065329],[17.36325471338306,49.25948648826071],[17.363299141258555,49.25952817365063],[17.363323960507994,49.25957629868602],[17.36332719546712,49.259627032626916],[17.363308588568117,49.25967633705341],[17.3632696208623,49.25972028732325],[17.363213394146534,49.259755384976486],[17.363144384070278,49.259778836218636],[17.363068083873056,49.25978877431337],[17.363052800556023,49.259789050916694]]]}"
2_LC08_189026_20201121_00000000000000000001,E20 E20 E20 B15,0.07855431385088443,https://1drv.ms/i/s!AuR4bnS0n2fes6l2UZaBG9i3u8Pu5Q?e=Vk797c,0.20932292597321991,-0.33561065222840736,48602992,1247122800000,1341212400000,1438326000000,1148454000000,"{""type"":""Polygon"",""coordinates"":[[[17.499643984025177,49.79277202253191],[17.499566112829868,49.792764859408535],[17.49949444024629,49.79274394022906],[17.499434671456545,49.79271093017648],[17.499391564066705,49.79266845687245],[17.49936854939814,49.79261990121186],[17.49936745936271,49.79256912823744],[17.499388380659994,49.792520179478586],[17.49942964789698,49.79247695124533],[17.499487976171363,49.79244288448566],[17.499558722559215,49.792420690892044],[17.499636255689637,49.792412137057454],[17.49971440398889,49.792417903859935],[17.499786946917894,49.792437532266874],[17.49984811010666,49.792469459872585],[17.49989302497945,49.79251114526088],[17.499918116288985,49.79255927029521],[17.499921386713446,49.79261000423597],[17.499902575860002,49.79265930866327],[17.499863181013026,49.792703258934615],[17.49980633796881,49.7927383565896],[17.499736571436657,49.79276180783317],[17.499659434871106,49.79277174592857],[17.499643984025177,49.79277202253191]]]}"
2_LC08_189026_20210617_00000000000000000006,E20 E20 B11 B11,0.8267554255579272,https://1drv.ms/i/s!AuR4bnS0n2fes6lz0ave8fSdffwE0A?e=9lqkB0,0.8967027308776989,-0.81104397576449,48562932,1243234800000,1340348400000,1433401200000,1146121200000,"{""type"":""Polygon"",""coordinates"":[[[17.363052800556023,49.259789050916694],[17.362975773694554,49.25978188779379],[17.362904878233962,49.25976096861563],[17.362845757496036,49.25972795856478],[17.36280311750162,49.25968548526233],[17.362780352368212,49.25963692960272],[17.362779274146295,49.25958615662836],[17.36279996859707,49.259537207868604],[17.362840788386187,49.259493979633795],[17.362898484229085,49.25945991287239],[17.36296846354319,49.25943771927741],[17.36304515601545,49.25942916544224],[17.36312245698666,49.25943493224511],[17.363194213363126,49.25945456065329],[17.36325471338306,49.25948648826071],[17.363299141258555,49.25952817365063],[17.363323960507994,49.25957629868602],[17.36332719546712,49.259627032626916],[17.363308588568117,49.25967633705341],[17.3632696208623,49.25972028732325],[17.363213394146534,49.259755384976486],[17.363144384070278,49.259778836218636],[17.363068083873056,49.25978877431337],[17.363052800556023,49.259789050916694]]]}"
2_LC08_189026_20210617_00000000000000000001,E20 E20 E20 B15,0.4555830756333976,https://1drv.ms/i/s!AuR4bnS0n2fes6l2UZaBG9i3u8Pu5Q?e=Vk797c,0.6142459563142698,-0.5897895735038629,48602992,1247122800000,1341212400000,1438326000000,1148454000000,"{""type"":""Polygon"",""coordinates"":[[[17.499643984025177,49.79277202253191],[17.499566112829868,49.792764859408535],[17.49949444024629,49.79274394022906],[17.499434671456545,49.79271093017648],[17.499391564066705,49.79266845687245],[17.49936854939814,49.79261990121186],[17.49936745936271,49.79256912823744],[17.499388380659994,49.792520179478586],[17.49942964789698,49.79247695124533],[17.499487976171363,49.79244288448566],[17.499558722559215,49.792420690892044],[17.499636255689637,49.792412137057454],[17.49971440398889,49.792417903859935],[17.499786946917894,49.792437532266874],[17.49984811010666,49.792469459872585],[17.49989302497945,49.79251114526088],[17.499918116288985,49.79255927029521],[17.499921386713446,49.79261000423597],[17.499902575860002,49.79265930866327],[17.499863181013026,49.792703258934615],[17.49980633796881,49.7927383565896],[17.499736571436657,49.79276180783317],[17.499659434871106,49.79277174592857],[17.499643984025177,49.79277202253191]]]}"
2_LC08_190025_20130415_00000000000000000000,E20 E20 E20 B14,0.20986992526393,https://1drv.ms/i/s!AuR4bnS0n2fes6oTswjXvyT1j1AR-w?e=2btkJW,0.3975113794503362,-0.4669244883800233,48503016,1246950000000,1337151600000,1432710000000,1145602800000,"{""type"":""Polygon"",""coordinates"":[[[17.394458249275434,50.01639594036222],[17.394380016254935,50.016388777238625],[17.394308010648277,50.0163678580586],[17.394247964146743,50.0163348480053],[17.394204656462406,50.01629237470058],[17.394181534859737,50.01624381903957],[17.394180439761843,50.01619304606513],[17.394201458270434,50.01614409730665],[17.39424291725374,50.01610086907407],[17.394301516546072,50.016066802315144],[17.394372591650555,50.01604460872211],[17.394450485030966,50.01603605488776],[17.39452899643848,50.01604182169007],[17.394601876431423,50.016061450096494],[17.39466332381011,50.016093377701466],[17.394708447377468,50.016135063089074],[17.39473365527383,50.016183188122945],[17.394736940896387,50.016233922063634],[17.394718042641703,50.01628322649128],[17.394678464750527,50.01632717676328],[17.39462135758904,50.016362274419],[17.394551266890332,50.01638572566319],[17.39447377191308,50.01639566375888],[17.394458249275434,50.01639594036222]]]}"
2_LC08_190025_20130415_00000000000000000001,E20 E20 E20 B15,0.18179856972483405,https://1drv.ms/i/s!AuR4bnS0n2fes6l2UZaBG9i3u8Pu5Q?e=Vk797c,0.28721529116765043,-0.4020976856765971,48602992,1247122800000,1341212400000,1438326000000,1148454000000,"{""type"":""Polygon"",""coordinates"":[[[17.499643984025177,49.79277202253191],[17.499566112829868,49.792764859408535],[17.49949444024629,49.79274394022906],[17.499434671456545,49.79271093017648],[17.499391564066705,49.79266845687245],[17.49936854939814,49.79261990121186],[17.49936745936271,49.79256912823744],[17.499388380659994,49.792520179478586],[17.49942964789698,49.79247695124533],[17.499487976171363,49.79244288448566],[17.499558722559215,49.792420690892044],[17.499636255689637,49.792412137057454],[17.49971440398889,49.792417903859935],[17.499786946917894,49.792437532266874],[17.49984811010666,49.792469459872585],[17.49989302497945,49.79251114526088],[17.499918116288985,49.79255927029521],[17.499921386713446,49.79261000423597],[17.499902575860002,49.79265930866327],[17.499863181013026,49.792703258934615],[17.49980633796881,49.7927383565896],[17.499736571436657,49.79276180783317],[17.499659434871106,49.79277174592857],[17.499643984025177,49.79277202253191]]]}"
2_LC08_190025_20130618_00000000000000000000,E20 E20 E20 B14,0.7711234886092478,https://1drv.ms/i/s!AuR4bnS0n2fes6oTswjXvyT1j1AR-w?e=2btkJW,0.8709190166576412,-0.7755961657505458,48503016,1246950000000,1337151600000,1432710000000,1145602800000,"{""type"":""Polygon"",""coordinates"":[[[17.394458249275434,50.01639594036222],[17.394380016254935,50.016388777238625],[17.394308010648277,50.0163678580586],[17.394247964146743,50.0163348480053],[17.394204656462406,50.01629237470058],[17.394181534859737,50.01624381903957],[17.394180439761843,50.01619304606513],[17.394201458270434,50.01614409730665],[17.39424291725374,50.01610086907407],[17.394301516546072,50.016066802315144],[17.394372591650555,50.01604460872211],[17.394450485030966,50.01603605488776],[17.39452899643848,50.01604182169007],[17.394601876431423,50.016061450096494],[17.39466332381011,50.016093377701466],[17.394708447377468,50.016135063089074],[17.39473365527383,50.016183188122945],[17.394736940896387,50.016233922063634],[17.394718042641703,50.01628322649128],[17.394678464750527,50.01632717676328],[17.39462135758904,50.016362274419],[17.394551266890332,50.01638572566319],[17.39447377191308,50.01639566375888],[17.394458249275434,50.01639594036222]]]}"
2_LC08_190025_20130618_00000000000000000001,E20 E20 E20 B15,0.6791602311050787,https://1drv.ms/i/s!AuR4bnS0n2fes6l2UZaBG9i3u8Pu5Q?e=Vk797c,0.8528130607136004,-0.7510509612062434,48602992,1247122800000,1341212400000,1438326000000,1148454000000,"{""type"":""Polygon"",""coordinates"":[[[17.499643984025177,49.79277202253191],[17.499566112829868,49.792764859408535],[17.49949444024629,49.79274394022906],[17.499434671456545,49.79271093017648],[17.499391564066705,49.79266845687245],[17.49936854939814,49.79261990121186],[17.49936745936271,49.79256912823744],[17.499388380659994,49.792520179478586],[17.49942964789698,49.79247695124533],[17.499487976171363,49.79244288448566],[17.499558722559215,49.792420690892044],[17.499636255689637,49.792412137057454],[17.49971440398889,49.792417903859935],[17.499786946917894,49.792437532266874],[17.49984811010666,49.792469459872585],[17.49989302497945,49.79251114526088],[17.499918116288985,49.79255927029521],[17.499921386713446,49.79261000423597],[17.499902575860002,49.79265930866327],[17.499863181013026,49.792703258934615],[17.49980633796881,49.7927383565896],[17.499736571436657,49.79276180783317],[17.499659434871106,49.79277174592857],[17.499643984025177,49.79277202253191]]]}"
2_LC08_190025_20130906_00000000000000000000,E20 E20 E20 B14,0.49070966017289847,https://1drv.ms/i/s!AuR4bnS0n2fes6oTswjXvyT1j1AR-w?e=2btkJW,0.6908217258541511,-0.6481711034101336,48503016,1246950000000,1337151600000,1432710000000,1145602800000,"{""type"":""Polygon"",""coordinates"":[[[17.394458249275434,50.01639594036222],[17.394380016254935,50.016388777238625],[17.394308010648277,50.0163678580586],[17.394247964146743,50.0163348480053],[17.394204656462406,50.01629237470058],[17.394181534859737,50.01624381903957],[17.394180439761843,50.01619304606513],[17.394201458270434,50.01614409730665],[17.39424291725374,50.01610086907407],[17.394301516546072,50.016066802315144],[17.394372591650555,50.01604460872211],[17.394450485030966,50.01603605488776],[17.39452899643848,50.01604182169007],[17.394601876431423,50.016061450096494],[17.39466332381011,50.016093377701466],[17.394708447377468,50.016135063089074],[17.39473365527383,50.016183188122945],[17.394736940896387,50.016233922063634],[17.394718042641703,50.01628322649128],[17.394678464750527,50.01632717676328],[17.39462135758904,50.016362274419],[17.394551266890332,50.01638572566319],[17.39447377191308,50.01639566375888],[17.394458249275434,50.01639594036222]]]}"
2_LC08_190025_20130906_00000000000000000001,E20 E20 E20 B15,0.4785354759043597,https://1drv.ms/i/s!AuR4bnS0n2fes6l2UZaBG9i3u8Pu5Q?e=Vk797c,0.7019254381028627,-0.651936691263746,48602992,1247122800000,1341212400000,1438326000000,1148454000000,"{""type"":""Polygon"",""coordinates"":[[[17.499643984025177,49.79277202253191],[17.499566112829868,49.792764859408535],[17.49949444024629,49.79274394022906],[17.499434671456545,49.79271093017648],[17.499391564066705,49.79266845687245],[17.49936854939814,49.79261990121186],[17.49936745936271,49.79256912823744],[17.499388380659994,49.792520179478586],[17.49942964789698,49.79247695124533],[17.499487976171363,49.79244288448566],[17.499558722559215,49.792420690892044],[17.499636255689637,49.792412137057454],[17.49971440398889,49.792417903859935],[17.499786946917894,49.792437532266874],[17.49984811010666,49.792469459872585],[17.49989302497945,49.79251114526088],[17.499918116288985,49.79255927029521],[17.499921386713446,49.79261000423597],[17.499902575860002,49.79265930866327],[17.499863181013026,49.792703258934615],[17.49980633796881,49.7927383565896],[17.499736571436657,49.79276180783317],[17.499659434871106,49.79277174592857],[17.499643984025177,49.79277202253191]]]}"
2_LC08_190025_20140520_00000000000000000000,E20 E20 E20 B14,0.84548110098052,https://1drv.ms/i/s!AuR4bnS0n2fes6oTswjXvyT1j1AR-w?e=2btkJW,0.9134935613225059,-0.8151570751895703,48503016,1246950000000,1337151600000,1432710000000,1145602800000,"{""type"":""Polygon"",""coordinates"":[[[17.394458249275434,50.01639594036222],[17.394380016254935,50.016388777238625],[17.394308010648277,50.0163678580586],[17.394247964146743,50.0163348480053],[17.394204656462406,50.01629237470058],[17.394181534859737,50.01624381903957],[17.394180439761843,50.01619304606513],[17.394201458270434,50.01614409730665],[17.39424291725374,50.01610086907407],[17.394301516546072,50.016066802315144],[17.394372591650555,50.01604460872211],[17.394450485030966,50.01603605488776],[17.39452899643848,50.01604182169007],[17.394601876431423,50.016061450096494],[17.39466332381011,50.016093377701466],[17.394708447377468,50.016135063089074],[17.39473365527383,50.016183188122945],[17.394736940896387,50.016233922063634],[17.394718042641703,50.01628322649128],[17.394678464750527,50.01632717676328],[17.39462135758904,50.016362274419],[17.394551266890332,50.01638572566319],[17.39447377191308,50.01639566375888],[17.394458249275434,50.01639594036222]]]}"
2_LC08_190025_20140520_00000000000000000001,E20 E20 E20 B15,0.26129780404220887,https://1drv.ms/i/s!AuR4bnS0n2fes6l2UZaBG9i3u8Pu5Q?e=Vk797c,0.46385849971794824,-0.49262464540760414,48602992,1247122800000,1341212400000,1438326000000,1148454000000,"{""type"":""Polygon"",""coordinates"":[[[17.499643984025177,49.79277202253191],[17.499566112829868,49.792764859408535],[17.49949444024629,49.79274394022906],[17.499434671456545,49.79271093017648],[17.499391564066705,49.79266845687245],[17.49936854939814,49.79261990121186],[17.49936745936271,49.79256912823744],[17.499388380659994,49.792520179478586],[17.49942964789698,49.79247695124533],[17.499487976171363,49.79244288448566],[17.499558722559215,49.792420690892044],[17.499636255689637,49.792412137057454],[17.49971440398889,49.792417903859935],[17.499786946917894,49.792437532266874],[17.49984811010666,49.792469459872585],[17.49989302497945,49.79251114526088],[17.499918116288985,49.79255927029521],[17.499921386713446,49.79261000423597],[17.499902575860002,49.79265930866327],[17.499863181013026,49.792703258934615],[17.49980633796881,49.7927383565896],[17.499736571436657,49.79276180783317],[17.499659434871106,49.79277174592857],[17.499643984025177,49.79277202253191]]]}"
2_LC08_190025_20150320_00000000000000000000,E20 E20 E20 B14,0.047255379658029735,https://1drv.ms/i/s!AuR4bnS0n2fes6oTswjXvyT1j1AR-w?e=2btkJW,0.28172353357482605,-0.722701766194006,48503016,1246950000000,1337151600000,1432710000000,1145602800000,"{""type"":""Polygon"",""coordinates"":[[[17.394458249275434,50.01639594036222],[17.394380016254935,50.016388777238625],[17.394308010648277,50.0163678580586],[17.394247964146743,50.0163348480053],[17.394204656462406,50.01629237470058],[17.394181534859737,50.01624381903957],[17.394180439761843,50.01619304606513],[17.394201458270434,50.01614409730665],[17.39424291725374,50.01610086907407],[17.394301516546072,50.016066802315144],[17.394372591650555,50.01604460872211],[17.394450485030966,50.01603605488776],[17.39452899643848,50.01604182169007],[17.394601876431423,50.016061450096494],[17.39466332381011,50.016093377701466],[17.394708447377468,50.016135063089074],[17.39473365527383,50.016183188122945],[17.394736940896387,50.016233922063634],[17.394718042641703,50.01628322649128],[17.394678464750527,50.01632717676328],[17.39462135758904,50.016362274419],[17.394551266890332,50.01638572566319],[17.39447377191308,50.01639566375888],[17.394458249275434,50.01639594036222]]]}"
2_LC08_190025_20150320_00000000000000000001,E20 E20 E20 B15,0.08856132569927093,https://1drv.ms/i/s!AuR4bnS0n2fes6l2UZaBG9i3u8Pu5Q?e=Vk797c,0.5284339566452835,-0.9602905536261456,48602992,1247122800000,1341212400000,1438326000000,1148454000000,"{""type"":""Polygon"",""coordinates"":[[[17.499643984025177,49.79277202253191],[17.499566112829868,49.792764859408535],[17.49949444024629,49.79274394022906],[17.499434671456545,49.79271093017648],[17.499391564066705,49.79266845687245],[17.49936854939814,49.79261990121186],[17.49936745936271,49.79256912823744],[17.499388380659994,49.792520179478586],[17.49942964789698,49.79247695124533],[17.499487976171363,49.79244288448566],[17.499558722559215,49.792420690892044],[17.499636255689637,49.792412137057454],[17.49971440398889,49.792417903859935],[17.499786946917894,49.792437532266874],[17.49984811010666,49.792469459872585],[17.49989302497945,49.79251114526088],[17.499918116288985,49.79255927029521],[17.499921386713446,49.79261000423597],[17.499902575860002,49.79265930866327],[17.499863181013026,49.792703258934615],[17.49980633796881,49.7927383565896],[17.499736571436657,49.79276180783317],[17.499659434871106,49.79277174592857],[17.499643984025177,49.79277202253191]]]}"
2_LC08_190025_20150421_00000000000000000006,E20 E20 B11 B11,0.4909013406199219,https://1drv.ms/i/s!AuR4bnS0n2fes6lz0ave8fSdffwE0A?e=9lqkB0,0.7371682276857315,-0.7125633173009147,48562932,1243234800000,1340348400000,1433401200000,1146121200000,"{""type"":""Polygon"",""coordinates"":[[[17.363052800556023,49.259789050916694],[17.362975773694554,49.25978188779379],[17.362904878233962,49.25976096861563],[17.362845757496036,49.25972795856478],[17.36280311750162,49.25968548526233],[17.362780352368212,49.25963692960272],[17.362779274146295,49.25958615662836],[17.36279996859707,49.259537207868604],[17.362840788386187,49.259493979633795],[17.362898484229085,49.25945991287239],[17.36296846354319,49.25943771927741],[17.36304515601545,49.25942916544224],[17.36312245698666,49.25943493224511],[17.363194213363126,49.25945456065329],[17.36325471338306,49.25948648826071],[17.363299141258555,49.25952817365063],[17.363323960507994,49.25957629868602],[17.36332719546712,49.259627032626916],[17.363308588568117,49.25967633705341],[17.3632696208623,49.25972028732325],[17.363213394146534,49.259755384976486],[17.363144384070278,49.259778836218636],[17.363068083873056,49.25978877431337],[17.363052800556023,49.259789050916694]]]}"
2_LC08_190025_20150421_00000000000000000000,E20 E20 E20 B14,0.10594116147821815,https://1drv.ms/i/s!AuR4bnS0n2fes6oTswjXvyT1j1AR-w?e=2btkJW,0.1631458259917736,-0.26389183083608947,48503016,1246950000000,1337151600000,1432710000000,1145602800000,"{""type"":""Polygon"",""coordinates"":[[[17.394458249275434,50.01639594036222],[17.394380016254935,50.016388777238625],[17.394308010648277,50.0163678580586],[17.394247964146743,50.0163348480053],[17.394204656462406,50.01629237470058],[17.394181534859737,50.01624381903957],[17.394180439761843,50.01619304606513],[17.394201458270434,50.01614409730665],[17.39424291725374,50.01610086907407],[17.394301516546072,50.016066802315144],[17.394372591650555,50.01604460872211],[17.394450485030966,50.01603605488776],[17.39452899643848,50.01604182169007],[17.394601876431423,50.016061450096494],[17.39466332381011,50.016093377701466],[17.394708447377468,50.016135063089074],[17.39473365527383,50.016183188122945],[17.394736940896387,50.016233922063634],[17.394718042641703,50.01628322649128],[17.394678464750527,50.01632717676328],[17.39462135758904,50.016362274419],[17.394551266890332,50.01638572566319],[17.39447377191308,50.01639566375888],[17.394458249275434,50.01639594036222]]]}"
2_LC08_190025_20150421_00000000000000000001,E20 E20 E20 B15,0.09354353492725682,https://1drv.ms/i/s!AuR4bnS0n2fes6l2UZaBG9i3u8Pu5Q?e=Vk797c,0.12618406246819194,-0.2386812480570764,48602992,1247122800000,1341212400000,1438326000000,1148454000000,"{""type"":""Polygon"",""coordinates"":[[[17.499643984025177,49.79277202253191],[17.499566112829868,49.792764859408535],[17.49949444024629,49.79274394022906],[17.499434671456545,49.79271093017648],[17.499391564066705,49.79266845687245],[17.49936854939814,49.79261990121186],[17.49936745936271,49.79256912823744],[17.499388380659994,49.792520179478586],[17.49942964789698,49.79247695124533],[17.499487976171363,49.79244288448566],[17.499558722559215,49.792420690892044],[17.499636255689637,49.792412137057454],[17.49971440398889,49.792417903859935],[17.499786946917894,49.792437532266874],[17.49984811010666,49.792469459872585],[17.49989302497945,49.79251114526088],[17.499918116288985,49.79255927029521],[17.499921386713446,49.79261000423597],[17.499902575860002,49.79265930866327],[17.499863181013026,49.792703258934615],[17.49980633796881,49.7927383565896],[17.499736571436657,49.79276180783317],[17.499659434871106,49.79277174592857],[17.499643984025177,49.79277202253191]]]}"
2_LC08_190025_20160914_00000000000000000001,E20 E20 E20 B15,0.7729959236507777,https://1drv.ms/i/s!AuR4bnS0n2fes6l2UZaBG9i3u8Pu5Q?e=Vk797c,0.8434666130758266,-0.7443884015814048,48602992,1247122800000,1341212400000,1438326000000,1148454000000,"{""type"":""Polygon"",""coordinates"":[[[17.499643984025177,49.79277202253191],[17.499566112829868,49.792764859408535],[17.49949444024629,49.79274394022906],[17.499434671456545,49.79271093017648],[17.499391564066705,49.79266845687245],[17.49936854939814,49.79261990121186],[17.49936745936271,49.79256912823744],[17.499388380659994,49.792520179478586],[17.49942964789698,49.79247695124533],[17.499487976171363,49.79244288448566],[17.499558722559215,49.792420690892044],[17.499636255689637,49.792412137057454],[17.49971440398889,49.792417903859935],[17.499786946917894,49.792437532266874],[17.49984811010666,49.792469459872585],[17.49989302497945,49.79251114526088],[17.499918116288985,49.79255927029521],[17.499921386713446,49.79261000423597],[17.499902575860002,49.79265930866327],[17.499863181013026,49.792703258934615],[17.49980633796881,49.7927383565896],[17.499736571436657,49.79276180783317],[17.499659434871106,49.79277174592857],[17.499643984025177,49.79277202253191]]]}"
2_LC08_190025_20170410_00000000000000000000,E20 E20 E20 B14,0.09847577622831437,https://1drv.ms/i/s!AuR4bnS0n2fes6oTswjXvyT1j1AR-w?e=2btkJW,0.14656637675841813,-0.2636931691006077,48503016,1246950000000,1337151600000,1432710000000,1145602800000,"{""type"":""Polygon"",""coordinates"":[[[17.394458249275434,50.01639594036222],[17.394380016254935,50.016388777238625],[17.394308010648277,50.0163678580586],[17.394247964146743,50.0163348480053],[17.394204656462406,50.01629237470058],[17.394181534859737,50.01624381903957],[17.394180439761843,50.01619304606513],[17.394201458270434,50.01614409730665],[17.39424291725374,50.01610086907407],[17.394301516546072,50.016066802315144],[17.394372591650555,50.01604460872211],[17.394450485030966,50.01603605488776],[17.39452899643848,50.01604182169007],[17.394601876431423,50.016061450096494],[17.39466332381011,50.016093377701466],[17.394708447377468,50.016135063089074],[17.39473365527383,50.016183188122945],[17.394736940896387,50.016233922063634],[17.394718042641703,50.01628322649128],[17.394678464750527,50.01632717676328],[17.39462135758904,50.016362274419],[17.394551266890332,50.01638572566319],[17.39447377191308,50.01639566375888],[17.394458249275434,50.01639594036222]]]}"
2_LC08_190025_20170410_00000000000000000001,E20 E20 E20 B15,0.5307033909870187,https://1drv.ms/i/s!AuR4bnS0n2fes6l2UZaBG9i3u8Pu5Q?e=Vk797c,0.7540978940079683,-0.6944867237649488,48602992,1247122800000,1341212400000,1438326000000,1148454000000,"{""type"":""Polygon"",""coordinates"":[[[17.499643984025177,49.79277202253191],[17.499566112829868,49.792764859408535],[17.49949444024629,49.79274394022906],[17.499434671456545,49.79271093017648],[17.499391564066705,49.79266845687245],[17.49936854939814,49.79261990121186],[17.49936745936271,49.79256912823744],[17.499388380659994,49.792520179478586],[17.49942964789698,49.79247695124533],[17.499487976171363,49.79244288448566],[17.499558722559215,49.792420690892044],[17.499636255689637,49.792412137057454],[17.49971440398889,49.792417903859935],[17.499786946917894,49.792437532266874],[17.49984811010666,49.792469459872585],[17.49989302497945,49.79251114526088],[17.499918116288985,49.79255927029521],[17.499921386713446,49.79261000423597],[17.499902575860002,49.79265930866327],[17.499863181013026,49.792703258934615],[17.49980633796881,49.7927383565896],[17.499736571436657,49.79276180783317],[17.499659434871106,49.79277174592857],[17.499643984025177,49.79277202253191]]]}"
2_LC08_190025_20170528_00000000000000000000,E20 E20 E20 B14,0.7285124086157522,https://1drv.ms/i/s!AuR4bnS0n2fes6oTswjXvyT1j1AR-w?e=2btkJW,0.8508159978199377,-0.7638618508542936,48503016,1246950000000,1337151600000,1432710000000,1145602800000,"{""type"":""Polygon"",""coordinates"":[[[17.394458249275434,50.01639594036222],[17.394380016254935,50.016388777238625],[17.394308010648277,50.0163678580586],[17.394247964146743,50.0163348480053],[17.394204656462406,50.01629237470058],[17.394181534859737,50.01624381903957],[17.394180439761843,50.01619304606513],[17.394201458270434,50.01614409730665],[17.39424291725374,50.01610086907407],[17.394301516546072,50.016066802315144],[17.394372591650555,50.01604460872211],[17.394450485030966,50.01603605488776],[17.39452899643848,50.01604182169007],[17.394601876431423,50.016061450096494],[17.39466332381011,50.016093377701466],[17.394708447377468,50.016135063089074],[17.39473365527383,50.016183188122945],[17.394736940896387,50.016233922063634],[17.394718042641703,50.01628322649128],[17.394678464750527,50.01632717676328],[17.39462135758904,50.016362274419],[17.394551266890332,50.01638572566319],[17.39447377191308,50.01639566375888],[17.394458249275434,50.01639594036222]]]}"
2_LC08_190025_20170528_00000000000000000001,E20 E20 E20 B15,0.9240270023497955,https://1drv.ms/i/s!AuR4bnS0n2fes6l2UZaBG9i3u8Pu5Q?e=Vk797c,0.9331136320029447,-0.8451708562139596,48602992,1247122800000,1341212400000,1438326000000,1148454000000,"{""type"":""Polygon"",""coordinates"":[[[17.499643984025177,49.79277202253191],[17.499566112829868,49.792764859408535],[17.49949444024629,49.79274394022906],[17.499434671456545,49.79271093017648],[17.499391564066705,49.79266845687245],[17.49936854939814,49.79261990121186],[17.49936745936271,49.79256912823744],[17.499388380659994,49.792520179478586],[17.49942964789698,49.79247695124533],[17.499487976171363,49.79244288448566],[17.499558722559215,49.792420690892044],[17.499636255689637,49.792412137057454],[17.49971440398889,49.792417903859935],[17.499786946917894,49.792437532266874],[17.49984811010666,49.792469459872585],[17.49989302497945,49.79251114526088],[17.499918116288985,49.79255927029521],[17.499921386713446,49.79261000423597],[17.499902575860002,49.79265930866327],[17.499863181013026,49.792703258934615],[17.49980633796881,49.7927383565896],[17.499736571436657,49.79276180783317],[17.499659434871106,49.79277174592857],[17.499643984025177,49.79277202253191]]]}"
2_LC08_190025_20170731_00000000000000000000,E20 E20 E20 B14,0.22015270261754824,https://1drv.ms/i/s!AuR4bnS0n2fes6oTswjXvyT1j1AR-w?e=2btkJW,0.38013867393991185,-0.5076908298072857,48503016,1246950000000,1337151600000,1432710000000,1145602800000,"{""type"":""Polygon"",""coordinates"":[[[17.394458249275434,50.01639594036222],[17.394380016254935,50.016388777238625],[17.394308010648277,50.0163678580586],[17.394247964146743,50.0163348480053],[17.394204656462406,50.01629237470058],[17.394181534859737,50.01624381903957],[17.394180439761843,50.01619304606513],[17.394201458270434,50.01614409730665],[17.39424291725374,50.01610086907407],[17.394301516546072,50.016066802315144],[17.394372591650555,50.01604460872211],[17.394450485030966,50.01603605488776],[17.39452899643848,50.01604182169007],[17.394601876431423,50.016061450096494],[17.39466332381011,50.016093377701466],[17.394708447377468,50.016135063089074],[17.39473365527383,50.016183188122945],[17.394736940896387,50.016233922063634],[17.394718042641703,50.01628322649128],[17.394678464750527,50.01632717676328],[17.39462135758904,50.016362274419],[17.394551266890332,50.01638572566319],[17.39447377191308,50.01639566375888],[17.394458249275434,50.01639594036222]]]}"
2_LC08_190025_20170731_00000000000000000001,E20 E20 E20 B15,0.8830761602432846,https://1drv.ms/i/s!AuR4bnS0n2fes6l2UZaBG9i3u8Pu5Q?e=Vk797c,0.8925671995506759,-0.822053889230917,48602992,1247122800000,1341212400000,1438326000000,1148454000000,"{""type"":""Polygon"",""coordinates"":[[[17.499643984025177,49.79277202253191],[17.499566112829868,49.792764859408535],[17.49949444024629,49.79274394022906],[17.499434671456545,49.79271093017648],[17.499391564066705,49.79266845687245],[17.49936854939814,49.79261990121186],[17.49936745936271,49.79256912823744],[17.499388380659994,49.792520179478586],[17.49942964789698,49.79247695124533],[17.499487976171363,49.79244288448566],[17.499558722559215,49.792420690892044],[17.499636255689637,49.792412137057454],[17.49971440398889,49.792417903859935],[17.499786946917894,49.792437532266874],[17.49984811010666,49.792469459872585],[17.49989302497945,49.79251114526088],[17.499918116288985,49.79255927029521],[17.499921386713446,49.79261000423597],[17.499902575860002,49.79265930866327],[17.499863181013026,49.792703258934615],[17.49980633796881,49.7927383565896],[17.499736571436657,49.79276180783317],[17.499659434871106,49.79277174592857],[17.499643984025177,49.79277202253191]]]}"
2_LC08_190025_20180429_00000000000000000000,E20 E20 E20 B14,0.6951341791574774,https://1drv.ms/i/s!AuR4bnS0n2fes6oTswjXvyT1j1AR-w?e=2btkJW,0.8171987035615507,-0.7459537432896256,48503016,1246950000000,1337151600000,1432710000000,1145602800000,"{""type"":""Polygon"",""coordinates"":[[[17.394458249275434,50.01639594036222],[17.394380016254935,50.016388777238625],[17.394308010648277,50.0163678580586],[17.394247964146743,50.0163348480053],[17.394204656462406,50.01629237470058],[17.394181534859737,50.01624381903957],[17.394180439761843,50.01619304606513],[17.394201458270434,50.01614409730665],[17.39424291725374,50.01610086907407],[17.394301516546072,50.016066802315144],[17.394372591650555,50.01604460872211],[17.394450485030966,50.01603605488776],[17.39452899643848,50.01604182169007],[17.394601876431423,50.016061450096494],[17.39466332381011,50.016093377701466],[17.394708447377468,50.016135063089074],[17.39473365527383,50.016183188122945],[17.394736940896387,50.016233922063634],[17.394718042641703,50.01628322649128],[17.394678464750527,50.01632717676328],[17.39462135758904,50.016362274419],[17.394551266890332,50.01638572566319],[17.39447377191308,50.01639566375888],[17.394458249275434,50.01639594036222]]]}"
2_LC08_190025_20180429_00000000000000000001,E20 E20 E20 B15,0.2682102516088808,https://1drv.ms/i/s!AuR4bnS0n2fes6l2UZaBG9i3u8Pu5Q?e=Vk797c,0.37373070585685825,-0.4134353368327432,48602992,1247122800000,1341212400000,1438326000000,1148454000000,"{""type"":""Polygon"",""coordinates"":[[[17.499643984025177,49.79277202253191],[17.499566112829868,49.792764859408535],[17.49949444024629,49.79274394022906],[17.499434671456545,49.79271093017648],[17.499391564066705,49.79266845687245],[17.49936854939814,49.79261990121186],[17.49936745936271,49.79256912823744],[17.499388380659994,49.792520179478586],[17.49942964789698,49.79247695124533],[17.499487976171363,49.79244288448566],[17.499558722559215,49.792420690892044],[17.499636255689637,49.792412137057454],[17.49971440398889,49.792417903859935],[17.499786946917894,49.792437532266874],[17.49984811010666,49.792469459872585],[17.49989302497945,49.79251114526088],[17.499918116288985,49.79255927029521],[17.499921386713446,49.79261000423597],[17.499902575860002,49.79265930866327],[17.499863181013026,49.792703258934615],[17.49980633796881,49.7927383565896],[17.499736571436657,49.79276180783317],[17.499659434871106,49.79277174592857],[17.499643984025177,49.79277202253191]]]}"
2_LC08_190025_20180803_00000000000000000000,E20 E20 E20 B14,0.19072073046242582,https://1drv.ms/i/s!AuR4bnS0n2fes6oTswjXvyT1j1AR-w?e=2btkJW,0.3540936587178679,-0.5005126315868202,48503016,1246950000000,1337151600000,1432710000000,1145602800000,"{""type"":""Polygon"",""coordinates"":[[[17.394458249275434,50.01639594036222],[17.394380016254935,50.016388777238625],[17.394308010648277,50.0163678580586],[17.394247964146743,50.0163348480053],[17.394204656462406,50.01629237470058],[17.394181534859737,50.01624381903957],[17.394180439761843,50.01619304606513],[17.394201458270434,50.01614409730665],[17.39424291725374,50.01610086907407],[17.394301516546072,50.016066802315144],[17.394372591650555,50.01604460872211],[17.394450485030966,50.01603605488776],[17.39452899643848,50.01604182169007],[17.394601876431423,50.016061450096494],[17.39466332381011,50.016093377701466],[17.394708447377468,50.016135063089074],[17.39473365527383,50.016183188122945],[17.394736940896387,50.016233922063634],[17.394718042641703,50.01628322649128],[17.394678464750527,50.01632717676328],[17.39462135758904,50.016362274419],[17.394551266890332,50.01638572566319],[17.39447377191308,50.01639566375888],[17.394458249275434,50.01639594036222]]]}"
2_LC08_190025_20180803_00000000000000000001,E20 E20 E20 B15,0.14007007209126257,https://1drv.ms/i/s!AuR4bnS0n2fes6l2UZaBG9i3u8Pu5Q?e=Vk797c,0.23211178456863138,-0.35403225245197606,48602992,1247122800000,1341212400000,1438326000000,1148454000000,"{""type"":""Polygon"",""coordinates"":[[[17.499643984025177,49.79277202253191],[17.499566112829868,49.792764859408535],[17.49949444024629,49.79274394022906],[17.499434671456545,49.79271093017648],[17.499391564066705,49.79266845687245],[17.49936854939814,49.79261990121186],[17.49936745936271,49.79256912823744],[17.499388380659994,49.792520179478586],[17.49942964789698,49.79247695124533],[17.499487976171363,49.79244288448566],[17.499558722559215,49.792420690892044],[17.499636255689637,49.792412137057454],[17.49971440398889,49.792417903859935],[17.499786946917894,49.792437532266874],[17.49984811010666,49.792469459872585],[17.49989302497945,49.79251114526088],[17.499918116288985,49.79255927029521],[17.499921386713446,49.79261000423597],[17.499902575860002,49.79265930866327],[17.499863181013026,49.792703258934615],[17.49980633796881,49.7927383565896],[17.499736571436657,49.79276180783317],[17.499659434871106,49.79277174592857],[17.499643984025177,49.79277202253191]]]}"
2_LC08_190025_20180920_00000000000000000000,E20 E20 E20 B14,0.32662869133189487,https://1drv.ms/i/s!AuR4bnS0n2fes6oTswjXvyT1j1AR-w?e=2btkJW,0.45468104622956906,-0.471604027386969,48503016,1246950000000,1337151600000,1432710000000,1145602800000,"{""type"":""Polygon"",""coordinates"":[[[17.394458249275434,50.01639594036222],[17.394380016254935,50.016388777238625],[17.394308010648277,50.0163678580586],[17.394247964146743,50.0163348480053],[17.394204656462406,50.01629237470058],[17.394181534859737,50.01624381903957],[17.394180439761843,50.01619304606513],[17.394201458270434,50.01614409730665],[17.39424291725374,50.01610086907407],[17.394301516546072,50.016066802315144],[17.394372591650555,50.01604460872211],[17.394450485030966,50.01603605488776],[17.39452899643848,50.01604182169007],[17.394601876431423,50.016061450096494],[17.39466332381011,50.016093377701466],[17.394708447377468,50.016135063089074],[17.39473365527383,50.016183188122945],[17.394736940896387,50.016233922063634],[17.394718042641703,50.01628322649128],[17.394678464750527,50.01632717676328],[17.39462135758904,50.016362274419],[17.394551266890332,50.01638572566319],[17.39447377191308,50.01639566375888],[17.394458249275434,50.01639594036222]]]}"
2_LC08_190025_20180920_00000000000000000001,E20 E20 E20 B15,0.2877197143458408,https://1drv.ms/i/s!AuR4bnS0n2fes6l2UZaBG9i3u8Pu5Q?e=Vk797c,0.45468878009054453,-0.4835790830947236,48602992,1247122800000,1341212400000,1438326000000,1148454000000,"{""type"":""Polygon"",""coordinates"":[[[17.499643984025177,49.79277202253191],[17.499566112829868,49.792764859408535],[17.49949444024629,49.79274394022906],[17.499434671456545,49.79271093017648],[17.499391564066705,49.79266845687245],[17.49936854939814,49.79261990121186],[17.49936745936271,49.79256912823744],[17.499388380659994,49.792520179478586],[17.49942964789698,49.79247695124533],[17.499487976171363,49.79244288448566],[17.499558722559215,49.792420690892044],[17.499636255689637,49.792412137057454],[17.49971440398889,49.792417903859935],[17.499786946917894,49.792437532266874],[17.49984811010666,49.792469459872585],[17.49989302497945,49.79251114526088],[17.499918116288985,49.79255927029521],[17.499921386713446,49.79261000423597],[17.499902575860002,49.79265930866327],[17.499863181013026,49.792703258934615],[17.49980633796881,49.7927383565896],[17.499736571436657,49.79276180783317],[17.499659434871106,49.79277174592857],[17.499643984025177,49.79277202253191]]]}"
2_LC08_190025_20181022_00000000000000000000,E20 E20 E20 B14,0.5886755596368015,https://1drv.ms/i/s!AuR4bnS0n2fes6oTswjXvyT1j1AR-w?e=2btkJW,0.7542682519283004,-0.6720149791966978,48503016,1246950000000,1337151600000,1432710000000,1145602800000,"{""type"":""Polygon"",""coordinates"":[[[17.394458249275434,50.01639594036222],[17.394380016254935,50.016388777238625],[17.394308010648277,50.0163678580586],[17.394247964146743,50.0163348480053],[17.394204656462406,50.01629237470058],[17.394181534859737,50.01624381903957],[17.394180439761843,50.01619304606513],[17.394201458270434,50.01614409730665],[17.39424291725374,50.01610086907407],[17.394301516546072,50.016066802315144],[17.394372591650555,50.01604460872211],[17.394450485030966,50.01603605488776],[17.39452899643848,50.01604182169007],[17.394601876431423,50.016061450096494],[17.39466332381011,50.016093377701466],[17.394708447377468,50.016135063089074],[17.39473365527383,50.016183188122945],[17.394736940896387,50.016233922063634],[17.394718042641703,50.01628322649128],[17.394678464750527,50.01632717676328],[17.39462135758904,50.016362274419],[17.394551266890332,50.01638572566319],[17.39447377191308,50.01639566375888],[17.394458249275434,50.01639594036222]]]}"
2_LC08_190025_20181022_00000000000000000001,E20 E20 E20 B15,0.07467017225733619,https://1drv.ms/i/s!AuR4bnS0n2fes6l2UZaBG9i3u8Pu5Q?e=Vk797c,0.13930872129786528,-0.2565952465440447,48602992,1247122800000,1341212400000,1438326000000,1148454000000,"{""type"":""Polygon"",""coordinates"":[[[17.499643984025177,49.79277202253191],[17.499566112829868,49.792764859408535],[17.49949444024629,49.79274394022906],[17.499434671456545,49.79271093017648],[17.499391564066705,49.79266845687245],[17.49936854939814,49.79261990121186],[17.49936745936271,49.79256912823744],[17.499388380659994,49.792520179478586],[17.49942964789698,49.79247695124533],[17.499487976171363,49.79244288448566],[17.499558722559215,49.792420690892044],[17.499636255689637,49.792412137057454],[17.49971440398889,49.792417903859935],[17.499786946917894,49.792437532266874],[17.49984811010666,49.792469459872585],[17.49989302497945,49.79251114526088],[17.499918116288985,49.79255927029521],[17.499921386713446,49.79261000423597],[17.499902575860002,49.79265930866327],[17.499863181013026,49.792703258934615],[17.49980633796881,49.7927383565896],[17.499736571436657,49.79276180783317],[17.499659434871106,49.79277174592857],[17.499643984025177,49.79277202253191]]]}"
2_LC08_190025_20190227_00000000000000000000,E20 E20 E20 B14,0.08057339616883398,https://1drv.ms/i/s!AuR4bnS0n2fes6oTswjXvyT1j1AR-w?e=2btkJW,0.20401790460062835,-0.32059496110708813,48503016,1246950000000,1337151600000,1432710000000,1145602800000,"{""type"":""Polygon"",""coordinates"":[[[17.394458249275434,50.01639594036222],[17.394380016254935,50.016388777238625],[17.394308010648277,50.0163678580586],[17.394247964146743,50.0163348480053],[17.394204656462406,50.01629237470058],[17.394181534859737,50.01624381903957],[17.394180439761843,50.01619304606513],[17.394201458270434,50.01614409730665],[17.39424291725374,50.01610086907407],[17.394301516546072,50.016066802315144],[17.394372591650555,50.01604460872211],[17.394450485030966,50.01603605488776],[17.39452899643848,50.01604182169007],[17.394601876431423,50.016061450096494],[17.39466332381011,50.016093377701466],[17.394708447377468,50.016135063089074],[17.39473365527383,50.016183188122945],[17.394736940896387,50.016233922063634],[17.394718042641703,50.01628322649128],[17.394678464750527,50.01632717676328],[17.39462135758904,50.016362274419],[17.394551266890332,50.01638572566319],[17.39447377191308,50.01639566375888],[17.394458249275434,50.01639594036222]]]}"
2_LC08_190025_20190227_00000000000000000001,E20 E20 E20 B15,0.06441512540297901,https://1drv.ms/i/s!AuR4bnS0n2fes6l2UZaBG9i3u8Pu5Q?e=Vk797c,0.1628327159321681,-0.28948896883851344,48602992,1247122800000,1341212400000,1438326000000,1148454000000,"{""type"":""Polygon"",""coordinates"":[[[17.499643984025177,49.79277202253191],[17.499566112829868,49.792764859408535],[17.49949444024629,49.79274394022906],[17.499434671456545,49.79271093017648],[17.499391564066705,49.79266845687245],[17.49936854939814,49.79261990121186],[17.49936745936271,49.79256912823744],[17.499388380659994,49.792520179478586],[17.49942964789698,49.79247695124533],[17.499487976171363,49.79244288448566],[17.499558722559215,49.792420690892044],[17.499636255689637,49.792412137057454],[17.49971440398889,49.792417903859935],[17.499786946917894,49.792437532266874],[17.49984811010666,49.792469459872585],[17.49989302497945,49.79251114526088],[17.499918116288985,49.79255927029521],[17.499921386713446,49.79261000423597],[17.499902575860002,49.79265930866327],[17.499863181013026,49.792703258934615],[17.49980633796881,49.7927383565896],[17.499736571436657,49.79276180783317],[17.499659434871106,49.79277174592857],[17.499643984025177,49.79277202253191]]]}"
2_LC08_190025_20190416_00000000000000000000,E20 E20 E20 B14,0.14341010013338684,https://1drv.ms/i/s!AuR4bnS0n2fes6oTswjXvyT1j1AR-w?e=2btkJW,0.21753108518411024,-0.3222411227905676,48503016,1246950000000,1337151600000,1432710000000,1145602800000,"{""type"":""Polygon"",""coordinates"":[[[17.394458249275434,50.01639594036222],[17.394380016254935,50.016388777238625],[17.394308010648277,50.0163678580586],[17.394247964146743,50.0163348480053],[17.394204656462406,50.01629237470058],[17.394181534859737,50.01624381903957],[17.394180439761843,50.01619304606513],[17.394201458270434,50.01614409730665],[17.39424291725374,50.01610086907407],[17.394301516546072,50.016066802315144],[17.394372591650555,50.01604460872211],[17.394450485030966,50.01603605488776],[17.39452899643848,50.01604182169007],[17.394601876431423,50.016061450096494],[17.39466332381011,50.016093377701466],[17.394708447377468,50.016135063089074],[17.39473365527383,50.016183188122945],[17.394736940896387,50.016233922063634],[17.394718042641703,50.01628322649128],[17.394678464750527,50.01632717676328],[17.39462135758904,50.016362274419],[17.394551266890332,50.01638572566319],[17.39447377191308,50.01639566375888],[17.394458249275434,50.01639594036222]]]}"
2_LC08_190025_20190416_00000000000000000001,E20 E20 E20 B15,0.09227543345464319,https://1drv.ms/i/s!AuR4bnS0n2fes6l2UZaBG9i3u8Pu5Q?e=Vk797c,0.12985376346771482,-0.24234578728916392,48602992,1247122800000,1341212400000,1438326000000,1148454000000,"{""type"":""Polygon"",""coordinates"":[[[17.499643984025177,49.79277202253191],[17.499566112829868,49.792764859408535],[17.49949444024629,49.79274394022906],[17.499434671456545,49.79271093017648],[17.499391564066705,49.79266845687245],[17.49936854939814,49.79261990121186],[17.49936745936271,49.79256912823744],[17.499388380659994,49.792520179478586],[17.49942964789698,49.79247695124533],[17.499487976171363,49.79244288448566],[17.499558722559215,49.792420690892044],[17.499636255689637,49.792412137057454],[17.49971440398889,49.792417903859935],[17.499786946917894,49.792437532266874],[17.49984811010666,49.792469459872585],[17.49989302497945,49.79251114526088],[17.499918116288985,49.79255927029521],[17.499921386713446,49.79261000423597],[17.499902575860002,49.79265930866327],[17.499863181013026,49.792703258934615],[17.49980633796881,49.7927383565896],[17.499736571436657,49.79276180783317],[17.499659434871106,49.79277174592857],[17.499643984025177,49.79277202253191]]]}"
2_LC08_190025_20190518_00000000000000000000,E20 E20 E20 B14,0.6142062113399683,https://1drv.ms/i/s!AuR4bnS0n2fes6oTswjXvyT1j1AR-w?e=2btkJW,0.7167594609954757,-0.6502670140982478,48503016,1246950000000,1337151600000,1432710000000,1145602800000,"{""type"":""Polygon"",""coordinates"":[[[17.394458249275434,50.01639594036222],[17.394380016254935,50.016388777238625],[17.394308010648277,50.0163678580586],[17.394247964146743,50.0163348480053],[17.394204656462406,50.01629237470058],[17.394181534859737,50.01624381903957],[17.394180439761843,50.01619304606513],[17.394201458270434,50.01614409730665],[17.39424291725374,50.01610086907407],[17.394301516546072,50.016066802315144],[17.394372591650555,50.01604460872211],[17.394450485030966,50.01603605488776],[17.39452899643848,50.01604182169007],[17.394601876431423,50.016061450096494],[17.39466332381011,50.016093377701466],[17.394708447377468,50.016135063089074],[17.39473365527383,50.016183188122945],[17.394736940896387,50.016233922063634],[17.394718042641703,50.01628322649128],[17.394678464750527,50.01632717676328],[17.39462135758904,50.016362274419],[17.394551266890332,50.01638572566319],[17.39447377191308,50.01639566375888],[17.394458249275434,50.01639594036222]]]}"
2_LC08_190025_20190603_00000000000000000000,E20 E20 E20 B14,0.8357960610217776,https://1drv.ms/i/s!AuR4bnS0n2fes6oTswjXvyT1j1AR-w?e=2btkJW,0.9193875015077875,-0.8352840181812717,48503016,1246950000000,1337151600000,1432710000000,1145602800000,"{""type"":""Polygon"",""coordinates"":[[[17.394458249275434,50.01639594036222],[17.394380016254935,50.016388777238625],[17.394308010648277,50.0163678580586],[17.394247964146743,50.0163348480053],[17.394204656462406,50.01629237470058],[17.394181534859737,50.01624381903957],[17.394180439761843,50.01619304606513],[17.394201458270434,50.01614409730665],[17.39424291725374,50.01610086907407],[17.394301516546072,50.016066802315144],[17.394372591650555,50.01604460872211],[17.394450485030966,50.01603605488776],[17.39452899643848,50.01604182169007],[17.394601876431423,50.016061450096494],[17.39466332381011,50.016093377701466],[17.394708447377468,50.016135063089074],[17.39473365527383,50.016183188122945],[17.394736940896387,50.016233922063634],[17.394718042641703,50.01628322649128],[17.394678464750527,50.01632717676328],[17.39462135758904,50.016362274419],[17.394551266890332,50.01638572566319],[17.39447377191308,50.01639566375888],[17.394458249275434,50.01639594036222]]]}"
2_LC08_190025_20200402_00000000000000000000,E20 E20 E20 B14,0.26540300254362764,https://1drv.ms/i/s!AuR4bnS0n2fes6oTswjXvyT1j1AR-w?e=2btkJW,0.46022165695077266,-0.5007144415037661,48503016,1246950000000,1337151600000,1432710000000,1145602800000,"{""type"":""Polygon"",""coordinates"":[[[17.394458249275434,50.01639594036222],[17.394380016254935,50.016388777238625],[17.394308010648277,50.0163678580586],[17.394247964146743,50.0163348480053],[17.394204656462406,50.01629237470058],[17.394181534859737,50.01624381903957],[17.394180439761843,50.01619304606513],[17.394201458270434,50.01614409730665],[17.39424291725374,50.01610086907407],[17.394301516546072,50.016066802315144],[17.394372591650555,50.01604460872211],[17.394450485030966,50.01603605488776],[17.39452899643848,50.01604182169007],[17.394601876431423,50.016061450096494],[17.39466332381011,50.016093377701466],[17.394708447377468,50.016135063089074],[17.39473365527383,50.016183188122945],[17.394736940896387,50.016233922063634],[17.394718042641703,50.01628322649128],[17.394678464750527,50.01632717676328],[17.39462135758904,50.016362274419],[17.394551266890332,50.01638572566319],[17.39447377191308,50.01639566375888],[17.394458249275434,50.01639594036222]]]}"
2_LC08_190025_20200402_00000000000000000001,E20 E20 E20 B15,0.07577078513142362,https://1drv.ms/i/s!AuR4bnS0n2fes6l2UZaBG9i3u8Pu5Q?e=Vk797c,0.10934860296079067,-0.21344386155868514,48602992,1247122800000,1341212400000,1438326000000,1148454000000,"{""type"":""Polygon"",""coordinates"":[[[17.499643984025177,49.79277202253191],[17.499566112829868,49.792764859408535],[17.49949444024629,49.79274394022906],[17.499434671456545,49.79271093017648],[17.499391564066705,49.79266845687245],[17.49936854939814,49.79261990121186],[17.49936745936271,49.79256912823744],[17.499388380659994,49.792520179478586],[17.49942964789698,49.79247695124533],[17.499487976171363,49.79244288448566],[17.499558722559215,49.792420690892044],[17.499636255689637,49.792412137057454],[17.49971440398889,49.792417903859935],[17.499786946917894,49.792437532266874],[17.49984811010666,49.792469459872585],[17.49989302497945,49.79251114526088],[17.499918116288985,49.79255927029521],[17.499921386713446,49.79261000423597],[17.499902575860002,49.79265930866327],[17.499863181013026,49.792703258934615],[17.49980633796881,49.7927383565896],[17.499736571436657,49.79276180783317],[17.499659434871106,49.79277174592857],[17.499643984025177,49.79277202253191]]]}"
2_LC08_190025_20200418_00000000000000000000,E20 E20 E20 B14,0.4164249231448862,https://1drv.ms/i/s!AuR4bnS0n2fes6oTswjXvyT1j1AR-w?e=2btkJW,0.5544760167454597,-0.5703443686651403,48503016,1246950000000,1337151600000,1432710000000,1145602800000,"{""type"":""Polygon"",""coordinates"":[[[17.394458249275434,50.01639594036222],[17.394380016254935,50.016388777238625],[17.394308010648277,50.0163678580586],[17.394247964146743,50.0163348480053],[17.394204656462406,50.01629237470058],[17.394181534859737,50.01624381903957],[17.394180439761843,50.01619304606513],[17.394201458270434,50.01614409730665],[17.39424291725374,50.01610086907407],[17.394301516546072,50.016066802315144],[17.394372591650555,50.01604460872211],[17.394450485030966,50.01603605488776],[17.39452899643848,50.01604182169007],[17.394601876431423,50.016061450096494],[17.39466332381011,50.016093377701466],[17.394708447377468,50.016135063089074],[17.39473365527383,50.016183188122945],[17.394736940896387,50.016233922063634],[17.394718042641703,50.01628322649128],[17.394678464750527,50.01632717676328],[17.39462135758904,50.016362274419],[17.394551266890332,50.01638572566319],[17.39447377191308,50.01639566375888],[17.394458249275434,50.01639594036222]]]}"
2_LC08_190025_20200418_00000000000000000001,E20 E20 E20 B15,0.08688721555045147,https://1drv.ms/i/s!AuR4bnS0n2fes6l2UZaBG9i3u8Pu5Q?e=Vk797c,0.11316357175760806,-0.22158523214807346,48602992,1247122800000,1341212400000,1438326000000,1148454000000,"{""type"":""Polygon"",""coordinates"":[[[17.499643984025177,49.79277202253191],[17.499566112829868,49.792764859408535],[17.49949444024629,49.79274394022906],[17.499434671456545,49.79271093017648],[17.499391564066705,49.79266845687245],[17.49936854939814,49.79261990121186],[17.49936745936271,49.79256912823744],[17.499388380659994,49.792520179478586],[17.49942964789698,49.79247695124533],[17.499487976171363,49.79244288448566],[17.499558722559215,49.792420690892044],[17.499636255689637,49.792412137057454],[17.49971440398889,49.792417903859935],[17.499786946917894,49.792437532266874],[17.49984811010666,49.792469459872585],[17.49989302497945,49.79251114526088],[17.499918116288985,49.79255927029521],[17.499921386713446,49.79261000423597],[17.499902575860002,49.79265930866327],[17.499863181013026,49.792703258934615],[17.49980633796881,49.7927383565896],[17.499736571436657,49.79276180783317],[17.499659434871106,49.79277174592857],[17.499643984025177,49.79277202253191]]]}"
2_LC08_190025_20200808_00000000000000000000,E20 E20 E20 B14,0.18712789012183806,https://1drv.ms/i/s!AuR4bnS0n2fes6oTswjXvyT1j1AR-w?e=2btkJW,0.36927579985975567,-0.4307541903687312,48503016,1246950000000,1337151600000,1432710000000,1145602800000,"{""type"":""Polygon"",""coordinates"":[[[17.394458249275434,50.01639594036222],[17.394380016254935,50.016388777238625],[17.394308010648277,50.0163678580586],[17.394247964146743,50.0163348480053],[17.394204656462406,50.01629237470058],[17.394181534859737,50.01624381903957],[17.394180439761843,50.01619304606513],[17.394201458270434,50.01614409730665],[17.39424291725374,50.01610086907407],[17.394301516546072,50.016066802315144],[17.394372591650555,50.01604460872211],[17.394450485030966,50.01603605488776],[17.39452899643848,50.01604182169007],[17.394601876431423,50.016061450096494],[17.39466332381011,50.016093377701466],[17.394708447377468,50.016135063089074],[17.39473365527383,50.016183188122945],[17.394736940896387,50.016233922063634],[17.394718042641703,50.01628322649128],[17.394678464750527,50.01632717676328],[17.39462135758904,50.016362274419],[17.394551266890332,50.01638572566319],[17.39447377191308,50.01639566375888],[17.394458249275434,50.01639594036222]]]}"
2_LC08_190025_20200808_00000000000000000001,E20 E20 E20 B15,0.25761806923784974,https://1drv.ms/i/s!AuR4bnS0n2fes6l2UZaBG9i3u8Pu5Q?e=Vk797c,0.524767658901823,-0.5893975348225138,48602992,1247122800000,1341212400000,1438326000000,1148454000000,"{""type"":""Polygon"",""coordinates"":[[[17.499643984025177,49.79277202253191],[17.499566112829868,49.792764859408535],[17.49949444024629,49.79274394022906],[17.499434671456545,49.79271093017648],[17.499391564066705,49.79266845687245],[17.49936854939814,49.79261990121186],[17.49936745936271,49.79256912823744],[17.499388380659994,49.792520179478586],[17.49942964789698,49.79247695124533],[17.499487976171363,49.79244288448566],[17.499558722559215,49.792420690892044],[17.499636255689637,49.792412137057454],[17.49971440398889,49.792417903859935],[17.499786946917894,49.792437532266874],[17.49984811010666,49.792469459872585],[17.49989302497945,49.79251114526088],[17.499918116288985,49.79255927029521],[17.499921386713446,49.79261000423597],[17.499902575860002,49.79265930866327],[17.499863181013026,49.792703258934615],[17.49980633796881,49.7927383565896],[17.499736571436657,49.79276180783317],[17.499659434871106,49.79277174592857],[17.499643984025177,49.79277202253191]]]}"
2_LC08_190025_20200909_00000000000000000000,E20 E20 E20 B14,0.524581583754267,https://1drv.ms/i/s!AuR4bnS0n2fes6oTswjXvyT1j1AR-w?e=2btkJW,0.6955832465704886,-0.6049798943572274,48503016,1246950000000,1337151600000,1432710000000,1145602800000,"{""type"":""Polygon"",""coordinates"":[[[17.394458249275434,50.01639594036222],[17.394380016254935,50.016388777238625],[17.394308010648277,50.0163678580586],[17.394247964146743,50.0163348480053],[17.394204656462406,50.01629237470058],[17.394181534859737,50.01624381903957],[17.394180439761843,50.01619304606513],[17.394201458270434,50.01614409730665],[17.39424291725374,50.01610086907407],[17.394301516546072,50.016066802315144],[17.394372591650555,50.01604460872211],[17.394450485030966,50.01603605488776],[17.39452899643848,50.01604182169007],[17.394601876431423,50.016061450096494],[17.39466332381011,50.016093377701466],[17.394708447377468,50.016135063089074],[17.39473365527383,50.016183188122945],[17.394736940896387,50.016233922063634],[17.394718042641703,50.01628322649128],[17.394678464750527,50.01632717676328],[17.39462135758904,50.016362274419],[17.394551266890332,50.01638572566319],[17.39447377191308,50.01639566375888],[17.394458249275434,50.01639594036222]]]}"
2_LC08_190025_20200909_00000000000000000001,E20 E20 E20 B15,0.2681898074680025,https://1drv.ms/i/s!AuR4bnS0n2fes6l2UZaBG9i3u8Pu5Q?e=Vk797c,0.4304836841880971,-0.5081250651370323,48602992,1247122800000,1341212400000,1438326000000,1148454000000,"{""type"":""Polygon"",""coordinates"":[[[17.499643984025177,49.79277202253191],[17.499566112829868,49.792764859408535],[17.49949444024629,49.79274394022906],[17.499434671456545,49.79271093017648],[17.499391564066705,49.79266845687245],[17.49936854939814,49.79261990121186],[17.49936745936271,49.79256912823744],[17.499388380659994,49.792520179478586],[17.49942964789698,49.79247695124533],[17.499487976171363,49.79244288448566],[17.499558722559215,49.792420690892044],[17.499636255689637,49.792412137057454],[17.49971440398889,49.792417903859935],[17.499786946917894,49.792437532266874],[17.49984811010666,49.792469459872585],[17.49989302497945,49.79251114526088],[17.499918116288985,49.79255927029521],[17.499921386713446,49.79261000423597],[17.499902575860002,49.79265930866327],[17.499863181013026,49.792703258934615],[17.49980633796881,49.7927383565896],[17.499736571436657,49.79276180783317],[17.499659434871106,49.79277174592857],[17.499643984025177,49.79277202253191]]]}"
2_LC08_190025_20211030_00000000000000000000,E20 E20 E20 B14,0.21292394877668722,https://1drv.ms/i/s!AuR4bnS0n2fes6oTswjXvyT1j1AR-w?e=2btkJW,0.3207441391545579,-0.38557959056023633,48503016,1246950000000,1337151600000,1432710000000,1145602800000,"{""type"":""Polygon"",""coordinates"":[[[17.394458249275434,50.01639594036222],[17.394380016254935,50.016388777238625],[17.394308010648277,50.0163678580586],[17.394247964146743,50.0163348480053],[17.394204656462406,50.01629237470058],[17.394181534859737,50.01624381903957],[17.394180439761843,50.01619304606513],[17.394201458270434,50.01614409730665],[17.39424291725374,50.01610086907407],[17.394301516546072,50.016066802315144],[17.394372591650555,50.01604460872211],[17.394450485030966,50.01603605488776],[17.39452899643848,50.01604182169007],[17.394601876431423,50.016061450096494],[17.39466332381011,50.016093377701466],[17.394708447377468,50.016135063089074],[17.39473365527383,50.016183188122945],[17.394736940896387,50.016233922063634],[17.394718042641703,50.01628322649128],[17.394678464750527,50.01632717676328],[17.39462135758904,50.016362274419],[17.394551266890332,50.01638572566319],[17.39447377191308,50.01639566375888],[17.394458249275434,50.01639594036222]]]}"
2_LC08_190025_20211030_00000000000000000001,E20 E20 E20 B15,0.06928403084540459,https://1drv.ms/i/s!AuR4bnS0n2fes6l2UZaBG9i3u8Pu5Q?e=Vk797c,0.1172860252569709,-0.2274232580435771,48602992,1247122800000,1341212400000,1438326000000,1148454000000,"{""type"":""Polygon"",""coordinates"":[[[17.499643984025177,49.79277202253191],[17.499566112829868,49.792764859408535],[17.49949444024629,49.79274394022906],[17.499434671456545,49.79271093017648],[17.499391564066705,49.79266845687245],[17.49936854939814,49.79261990121186],[17.49936745936271,49.79256912823744],[17.499388380659994,49.792520179478586],[17.49942964789698,49.79247695124533],[17.499487976171363,49.79244288448566],[17.499558722559215,49.792420690892044],[17.499636255689637,49.792412137057454],[17.49971440398889,49.792417903859935],[17.499786946917894,49.792437532266874],[17.49984811010666,49.792469459872585],[17.49989302497945,49.79251114526088],[17.499918116288985,49.79255927029521],[17.499921386713446,49.79261000423597],[17.499902575860002,49.79265930866327],[17.499863181013026,49.792703258934615],[17.49980633796881,49.7927383565896],[17.499736571436657,49.79276180783317],[17.499659434871106,49.79277174592857],[17.499643984025177,49.79277202253191]]]}"
2_LC08_190026_20130415_00000000000000000006,E20 E20 B11 B11,0.31282902750164715,https://1drv.ms/i/s!AuR4bnS0n2fes6lz0ave8fSdffwE0A?e=9lqkB0,0.5917017344435372,-0.57035380537457,48562932,1243234800000,1340348400000,1433401200000,1146121200000,"{""type"":""Polygon"",""coordinates"":[[[17.363052800556023,49.259789050916694],[17.362975773694554,49.25978188779379],[17.362904878233962,49.25976096861563],[17.362845757496036,49.25972795856478],[17.36280311750162,49.25968548526233],[17.362780352368212,49.25963692960272],[17.362779274146295,49.25958615662836],[17.36279996859707,49.259537207868604],[17.362840788386187,49.259493979633795],[17.362898484229085,49.25945991287239],[17.36296846354319,49.25943771927741],[17.36304515601545,49.25942916544224],[17.36312245698666,49.25943493224511],[17.363194213363126,49.25945456065329],[17.36325471338306,49.25948648826071],[17.363299141258555,49.25952817365063],[17.363323960507994,49.25957629868602],[17.36332719546712,49.259627032626916],[17.363308588568117,49.25967633705341],[17.3632696208623,49.25972028732325],[17.363213394146534,49.259755384976486],[17.363144384070278,49.259778836218636],[17.363068083873056,49.25978877431337],[17.363052800556023,49.259789050916694]]]}"
2_LC08_190026_20130618_00000000000000000006,E20 E20 B11 B11,0.6814487748224777,https://1drv.ms/i/s!AuR4bnS0n2fes6lz0ave8fSdffwE0A?e=9lqkB0,0.8759788404113334,-0.8053382128343541,48562932,1243234800000,1340348400000,1433401200000,1146121200000,"{""type"":""Polygon"",""coordinates"":[[[17.363052800556023,49.259789050916694],[17.362975773694554,49.25978188779379],[17.362904878233962,49.25976096861563],[17.362845757496036,49.25972795856478],[17.36280311750162,49.25968548526233],[17.362780352368212,49.25963692960272],[17.362779274146295,49.25958615662836],[17.36279996859707,49.259537207868604],[17.362840788386187,49.259493979633795],[17.362898484229085,49.25945991287239],[17.36296846354319,49.25943771927741],[17.36304515601545,49.25942916544224],[17.36312245698666,49.25943493224511],[17.363194213363126,49.25945456065329],[17.36325471338306,49.25948648826071],[17.363299141258555,49.25952817365063],[17.363323960507994,49.25957629868602],[17.36332719546712,49.259627032626916],[17.363308588568117,49.25967633705341],[17.3632696208623,49.25972028732325],[17.363213394146534,49.259755384976486],[17.363144384070278,49.259778836218636],[17.363068083873056,49.25978877431337],[17.363052800556023,49.259789050916694]]]}"
2_LC08_190026_20130906_00000000000000000006,E20 E20 B11 B11,0.14603647952955728,https://1drv.ms/i/s!AuR4bnS0n2fes6lz0ave8fSdffwE0A?e=9lqkB0,0.31713753506464554,-0.4009101711015632,48562932,1243234800000,1340348400000,1433401200000,1146121200000,"{""type"":""Polygon"",""coordinates"":[[[17.363052800556023,49.259789050916694],[17.362975773694554,49.25978188779379],[17.362904878233962,49.25976096861563],[17.362845757496036,49.25972795856478],[17.36280311750162,49.25968548526233],[17.362780352368212,49.25963692960272],[17.362779274146295,49.25958615662836],[17.36279996859707,49.259537207868604],[17.362840788386187,49.259493979633795],[17.362898484229085,49.25945991287239],[17.36296846354319,49.25943771927741],[17.36304515601545,49.25942916544224],[17.36312245698666,49.25943493224511],[17.363194213363126,49.25945456065329],[17.36325471338306,49.25948648826071],[17.363299141258555,49.25952817365063],[17.363323960507994,49.25957629868602],[17.36332719546712,49.259627032626916],[17.363308588568117,49.25967633705341],[17.3632696208623,49.25972028732325],[17.363213394146534,49.259755384976486],[17.363144384070278,49.259778836218636],[17.363068083873056,49.25978877431337],[17.363052800556023,49.259789050916694]]]}"
2_LC08_190026_20140520_00000000000000000006,E20 E20 B11 B11,0.7820905192221772,https://1drv.ms/i/s!AuR4bnS0n2fes6lz0ave8fSdffwE0A?e=9lqkB0,0.8941292630391873,-0.7918141274028596,48562932,1243234800000,1340348400000,1433401200000,1146121200000,"{""type"":""Polygon"",""coordinates"":[[[17.363052800556023,49.259789050916694],[17.362975773694554,49.25978188779379],[17.362904878233962,49.25976096861563],[17.362845757496036,49.25972795856478],[17.36280311750162,49.25968548526233],[17.362780352368212,49.25963692960272],[17.362779274146295,49.25958615662836],[17.36279996859707,49.259537207868604],[17.362840788386187,49.259493979633795],[17.362898484229085,49.25945991287239],[17.36296846354319,49.25943771927741],[17.36304515601545,49.25942916544224],[17.36312245698666,49.25943493224511],[17.363194213363126,49.25945456065329],[17.36325471338306,49.25948648826071],[17.363299141258555,49.25952817365063],[17.363323960507994,49.25957629868602],[17.36332719546712,49.259627032626916],[17.363308588568117,49.25967633705341],[17.3632696208623,49.25972028732325],[17.363213394146534,49.259755384976486],[17.363144384070278,49.259778836218636],[17.363068083873056,49.25978877431337],[17.363052800556023,49.259789050916694]]]}"
2_LC08_190026_20140707_00000000000000000006,E20 E20 B11 B11,0.20294204773622496,https://1drv.ms/i/s!AuR4bnS0n2fes6lz0ave8fSdffwE0A?e=9lqkB0,0.37070742799798667,-0.47957856888674527,48562932,1243234800000,1340348400000,1433401200000,1146121200000,"{""type"":""Polygon"",""coordinates"":[[[17.363052800556023,49.259789050916694],[17.362975773694554,49.25978188779379],[17.362904878233962,49.25976096861563],[17.362845757496036,49.25972795856478],[17.36280311750162,49.25968548526233],[17.362780352368212,49.25963692960272],[17.362779274146295,49.25958615662836],[17.36279996859707,49.259537207868604],[17.362840788386187,49.259493979633795],[17.362898484229085,49.25945991287239],[17.36296846354319,49.25943771927741],[17.36304515601545,49.25942916544224],[17.36312245698666,49.25943493224511],[17.363194213363126,49.25945456065329],[17.36325471338306,49.25948648826071],[17.363299141258555,49.25952817365063],[17.363323960507994,49.25957629868602],[17.36332719546712,49.259627032626916],[17.363308588568117,49.25967633705341],[17.3632696208623,49.25972028732325],[17.363213394146534,49.259755384976486],[17.363144384070278,49.259778836218636],[17.363068083873056,49.25978877431337],[17.363052800556023,49.259789050916694]]]}"
2_LC08_190026_20150216_00000000000000000006,E20 E20 B11 B11,0.1839893204309938,https://1drv.ms/i/s!AuR4bnS0n2fes6lz0ave8fSdffwE0A?e=9lqkB0,0.41642034094315383,-0.44211523275398784,48562932,1243234800000,1340348400000,1433401200000,1146121200000,"{""type"":""Polygon"",""coordinates"":[[[17.363052800556023,49.259789050916694],[17.362975773694554,49.25978188779379],[17.362904878233962,49.25976096861563],[17.362845757496036,49.25972795856478],[17.36280311750162,49.25968548526233],[17.362780352368212,49.25963692960272],[17.362779274146295,49.25958615662836],[17.36279996859707,49.259537207868604],[17.362840788386187,49.259493979633795],[17.362898484229085,49.25945991287239],[17.36296846354319,49.25943771927741],[17.36304515601545,49.25942916544224],[17.36312245698666,49.25943493224511],[17.363194213363126,49.25945456065329],[17.36325471338306,49.25948648826071],[17.363299141258555,49.25952817365063],[17.363323960507994,49.25957629868602],[17.36332719546712,49.259627032626916],[17.363308588568117,49.25967633705341],[17.3632696208623,49.25972028732325],[17.363213394146534,49.259755384976486],[17.363144384070278,49.259778836218636],[17.363068083873056,49.25978877431337],[17.363052800556023,49.259789050916694]]]}"
2_LC08_190026_20150320_00000000000000000006,E20 E20 B11 B11,0.09711233161575995,https://1drv.ms/i/s!AuR4bnS0n2fes6lz0ave8fSdffwE0A?e=9lqkB0,0.781165078782686,-1.2667215780407697,48562932,1243234800000,1340348400000,1433401200000,1146121200000,"{""type"":""Polygon"",""coordinates"":[[[17.363052800556023,49.259789050916694],[17.362975773694554,49.25978188779379],[17.362904878233962,49.25976096861563],[17.362845757496036,49.25972795856478],[17.36280311750162,49.25968548526233],[17.362780352368212,49.25963692960272],[17.362779274146295,49.25958615662836],[17.36279996859707,49.259537207868604],[17.362840788386187,49.259493979633795],[17.362898484229085,49.25945991287239],[17.36296846354319,49.25943771927741],[17.36304515601545,49.25942916544224],[17.36312245698666,49.25943493224511],[17.363194213363126,49.25945456065329],[17.36325471338306,49.25948648826071],[17.363299141258555,49.25952817365063],[17.363323960507994,49.25957629868602],[17.36332719546712,49.259627032626916],[17.363308588568117,49.25967633705341],[17.3632696208623,49.25972028732325],[17.363213394146534,49.259755384976486],[17.363144384070278,49.259778836218636],[17.363068083873056,49.25978877431337],[17.363052800556023,49.259789050916694]]]}"
2_LC08_190026_20150726_00000000000000000006,E20 E20 B11 B11,0.1723911155560564,https://1drv.ms/i/s!AuR4bnS0n2fes6lz0ave8fSdffwE0A?e=9lqkB0,0.2864893948496474,-0.428656742083666,48562932,1243234800000,1340348400000,1433401200000,1146121200000,"{""type"":""Polygon"",""coordinates"":[[[17.363052800556023,49.259789050916694],[17.362975773694554,49.25978188779379],[17.362904878233962,49.25976096861563],[17.362845757496036,49.25972795856478],[17.36280311750162,49.25968548526233],[17.362780352368212,49.25963692960272],[17.362779274146295,49.25958615662836],[17.36279996859707,49.259537207868604],[17.362840788386187,49.259493979633795],[17.362898484229085,49.25945991287239],[17.36296846354319,49.25943771927741],[17.36304515601545,49.25942916544224],[17.36312245698666,49.25943493224511],[17.363194213363126,49.25945456065329],[17.36325471338306,49.25948648826071],[17.363299141258555,49.25952817365063],[17.363323960507994,49.25957629868602],[17.36332719546712,49.259627032626916],[17.363308588568117,49.25967633705341],[17.3632696208623,49.25972028732325],[17.363213394146534,49.259755384976486],[17.363144384070278,49.259778836218636],[17.363068083873056,49.25978877431337],[17.363052800556023,49.259789050916694]]]}"
2_LC08_190026_20160914_00000000000000000006,E20 E20 B11 B11,0.26565487380166464,https://1drv.ms/i/s!AuR4bnS0n2fes6lz0ave8fSdffwE0A?e=9lqkB0,0.4166462088343738,-0.469704760665856,48562932,1243234800000,1340348400000,1433401200000,1146121200000,"{""type"":""Polygon"",""coordinates"":[[[17.363052800556023,49.259789050916694],[17.362975773694554,49.25978188779379],[17.362904878233962,49.25976096861563],[17.362845757496036,49.25972795856478],[17.36280311750162,49.25968548526233],[17.362780352368212,49.25963692960272],[17.362779274146295,49.25958615662836],[17.36279996859707,49.259537207868604],[17.362840788386187,49.259493979633795],[17.362898484229085,49.25945991287239],[17.36296846354319,49.25943771927741],[17.36304515601545,49.25942916544224],[17.36312245698666,49.25943493224511],[17.363194213363126,49.25945456065329],[17.36325471338306,49.25948648826071],[17.363299141258555,49.25952817365063],[17.363323960507994,49.25957629868602],[17.36332719546712,49.259627032626916],[17.363308588568117,49.25967633705341],[17.3632696208623,49.25972028732325],[17.363213394146534,49.259755384976486],[17.363144384070278,49.259778836218636],[17.363068083873056,49.25978877431337],[17.363052800556023,49.259789050916694]]]}"
2_LC08_190026_20160930_00000000000000000006,E20 E20 B11 B11,0.33307177236401286,https://1drv.ms/i/s!AuR4bnS0n2fes6lz0ave8fSdffwE0A?e=9lqkB0,0.5178823767922229,-0.5587137836569915,48562932,1243234800000,1340348400000,1433401200000,1146121200000,"{""type"":""Polygon"",""coordinates"":[[[17.363052800556023,49.259789050916694],[17.362975773694554,49.25978188779379],[17.362904878233962,49.25976096861563],[17.362845757496036,49.25972795856478],[17.36280311750162,49.25968548526233],[17.362780352368212,49.25963692960272],[17.362779274146295,49.25958615662836],[17.36279996859707,49.259537207868604],[17.362840788386187,49.259493979633795],[17.362898484229085,49.25945991287239],[17.36296846354319,49.25943771927741],[17.36304515601545,49.25942916544224],[17.36312245698666,49.25943493224511],[17.363194213363126,49.25945456065329],[17.36325471338306,49.25948648826071],[17.363299141258555,49.25952817365063],[17.363323960507994,49.25957629868602],[17.36332719546712,49.259627032626916],[17.363308588568117,49.25967633705341],[17.3632696208623,49.25972028732325],[17.363213394146534,49.259755384976486],[17.363144384070278,49.259778836218636],[17.363068083873056,49.25978877431337],[17.363052800556023,49.259789050916694]]]}"
2_LC08_190026_20170120_00000000000000000006,E20 E20 B11 B11,0.1730782022953136,https://1drv.ms/i/s!AuR4bnS0n2fes6lz0ave8fSdffwE0A?e=9lqkB0,0.08396532656922463,-0.12775725519877143,48562932,1243234800000,1340348400000,1433401200000,1146121200000,"{""type"":""Polygon"",""coordinates"":[[[17.363052800556023,49.259789050916694],[17.362975773694554,49.25978188779379],[17.362904878233962,49.25976096861563],[17.362845757496036,49.25972795856478],[17.36280311750162,49.25968548526233],[17.362780352368212,49.25963692960272],[17.362779274146295,49.25958615662836],[17.36279996859707,49.259537207868604],[17.362840788386187,49.259493979633795],[17.362898484229085,49.25945991287239],[17.36296846354319,49.25943771927741],[17.36304515601545,49.25942916544224],[17.36312245698666,49.25943493224511],[17.363194213363126,49.25945456065329],[17.36325471338306,49.25948648826071],[17.363299141258555,49.25952817365063],[17.363323960507994,49.25957629868602],[17.36332719546712,49.259627032626916],[17.363308588568117,49.25967633705341],[17.3632696208623,49.25972028732325],[17.363213394146534,49.259755384976486],[17.363144384070278,49.259778836218636],[17.363068083873056,49.25978877431337],[17.363052800556023,49.259789050916694]]]}"
2_LC08_190026_20170410_00000000000000000006,E20 E20 B11 B11,0.388242442515122,https://1drv.ms/i/s!AuR4bnS0n2fes6lz0ave8fSdffwE0A?e=9lqkB0,0.5696689042778784,-0.5879455858192817,48562932,1243234800000,1340348400000,1433401200000,1146121200000,"{""type"":""Polygon"",""coordinates"":[[[17.363052800556023,49.259789050916694],[17.362975773694554,49.25978188779379],[17.362904878233962,49.25976096861563],[17.362845757496036,49.25972795856478],[17.36280311750162,49.25968548526233],[17.362780352368212,49.25963692960272],[17.362779274146295,49.25958615662836],[17.36279996859707,49.259537207868604],[17.362840788386187,49.259493979633795],[17.362898484229085,49.25945991287239],[17.36296846354319,49.25943771927741],[17.36304515601545,49.25942916544224],[17.36312245698666,49.25943493224511],[17.363194213363126,49.25945456065329],[17.36325471338306,49.25948648826071],[17.363299141258555,49.25952817365063],[17.363323960507994,49.25957629868602],[17.36332719546712,49.259627032626916],[17.363308588568117,49.25967633705341],[17.3632696208623,49.25972028732325],[17.363213394146534,49.259755384976486],[17.363144384070278,49.259778836218636],[17.363068083873056,49.25978877431337],[17.363052800556023,49.259789050916694]]]}"
2_LC08_190026_20170528_00000000000000000006,E20 E20 B11 B11,0.6291148037906028,https://1drv.ms/i/s!AuR4bnS0n2fes6lz0ave8fSdffwE0A?e=9lqkB0,0.7804849713518661,-0.7184274599853572,48562932,1243234800000,1340348400000,1433401200000,1146121200000,"{""type"":""Polygon"",""coordinates"":[[[17.363052800556023,49.259789050916694],[17.362975773694554,49.25978188779379],[17.362904878233962,49.25976096861563],[17.362845757496036,49.25972795856478],[17.36280311750162,49.25968548526233],[17.362780352368212,49.25963692960272],[17.362779274146295,49.25958615662836],[17.36279996859707,49.259537207868604],[17.362840788386187,49.259493979633795],[17.362898484229085,49.25945991287239],[17.36296846354319,49.25943771927741],[17.36304515601545,49.25942916544224],[17.36312245698666,49.25943493224511],[17.363194213363126,49.25945456065329],[17.36325471338306,49.25948648826071],[17.363299141258555,49.25952817365063],[17.363323960507994,49.25957629868602],[17.36332719546712,49.259627032626916],[17.363308588568117,49.25967633705341],[17.3632696208623,49.25972028732325],[17.363213394146534,49.259755384976486],[17.363144384070278,49.259778836218636],[17.363068083873056,49.25978877431337],[17.363052800556023,49.259789050916694]]]}"
2_LC08_190026_20170731_00000000000000000006,E20 E20 B11 B11,0.27847625203810894,https://1drv.ms/i/s!AuR4bnS0n2fes6lz0ave8fSdffwE0A?e=9lqkB0,0.3852992143253513,-0.45905683117702883,48562932,1243234800000,1340348400000,1433401200000,1146121200000,"{""type"":""Polygon"",""coordinates"":[[[17.363052800556023,49.259789050916694],[17.362975773694554,49.25978188779379],[17.362904878233962,49.25976096861563],[17.362845757496036,49.25972795856478],[17.36280311750162,49.25968548526233],[17.362780352368212,49.25963692960272],[17.362779274146295,49.25958615662836],[17.36279996859707,49.259537207868604],[17.362840788386187,49.259493979633795],[17.362898484229085,49.25945991287239],[17.36296846354319,49.25943771927741],[17.36304515601545,49.25942916544224],[17.36312245698666,49.25943493224511],[17.363194213363126,49.25945456065329],[17.36325471338306,49.25948648826071],[17.363299141258555,49.25952817365063],[17.363323960507994,49.25957629868602],[17.36332719546712,49.259627032626916],[17.363308588568117,49.25967633705341],[17.3632696208623,49.25972028732325],[17.363213394146534,49.259755384976486],[17.363144384070278,49.259778836218636],[17.363068083873056,49.25978877431337],[17.363052800556023,49.259789050916694]]]}"
2_LC08_190026_20180429_00000000000000000006,E20 E20 B11 B11,0.7031681075993144,https://1drv.ms/i/s!AuR4bnS0n2fes6lz0ave8fSdffwE0A?e=9lqkB0,0.8367799493327963,-0.7648769034067238,48562932,1243234800000,1340348400000,1433401200000,1146121200000,"{""type"":""Polygon"",""coordinates"":[[[17.363052800556023,49.259789050916694],[17.362975773694554,49.25978188779379],[17.362904878233962,49.25976096861563],[17.362845757496036,49.25972795856478],[17.36280311750162,49.25968548526233],[17.362780352368212,49.25963692960272],[17.362779274146295,49.25958615662836],[17.36279996859707,49.259537207868604],[17.362840788386187,49.259493979633795],[17.362898484229085,49.25945991287239],[17.36296846354319,49.25943771927741],[17.36304515601545,49.25942916544224],[17.36312245698666,49.25943493224511],[17.363194213363126,49.25945456065329],[17.36325471338306,49.25948648826071],[17.363299141258555,49.25952817365063],[17.363323960507994,49.25957629868602],[17.36332719546712,49.259627032626916],[17.363308588568117,49.25967633705341],[17.3632696208623,49.25972028732325],[17.363213394146534,49.259755384976486],[17.363144384070278,49.259778836218636],[17.363068083873056,49.25978877431337],[17.363052800556023,49.259789050916694]]]}"
2_LC08_190026_20180531_00000000000000000006,E20 E20 B11 B11,0.6301302345542443,https://1drv.ms/i/s!AuR4bnS0n2fes6lz0ave8fSdffwE0A?e=9lqkB0,0.8107659661653384,-0.7586321334221209,48562932,1243234800000,1340348400000,1433401200000,1146121200000,"{""type"":""Polygon"",""coordinates"":[[[17.363052800556023,49.259789050916694],[17.362975773694554,49.25978188779379],[17.362904878233962,49.25976096861563],[17.362845757496036,49.25972795856478],[17.36280311750162,49.25968548526233],[17.362780352368212,49.25963692960272],[17.362779274146295,49.25958615662836],[17.36279996859707,49.259537207868604],[17.362840788386187,49.259493979633795],[17.362898484229085,49.25945991287239],[17.36296846354319,49.25943771927741],[17.36304515601545,49.25942916544224],[17.36312245698666,49.25943493224511],[17.363194213363126,49.25945456065329],[17.36325471338306,49.25948648826071],[17.363299141258555,49.25952817365063],[17.363323960507994,49.25957629868602],[17.36332719546712,49.259627032626916],[17.363308588568117,49.25967633705341],[17.3632696208623,49.25972028732325],[17.363213394146534,49.259755384976486],[17.363144384070278,49.259778836218636],[17.363068083873056,49.25978877431337],[17.363052800556023,49.259789050916694]]]}"
2_LC08_190026_20180819_00000000000000000006,E20 E20 B11 B11,0.2299372840162099,https://1drv.ms/i/s!AuR4bnS0n2fes6lz0ave8fSdffwE0A?e=9lqkB0,0.35856832963662877,-0.44002870304581615,48562932,1243234800000,1340348400000,1433401200000,1146121200000,"{""type"":""Polygon"",""coordinates"":[[[17.363052800556023,49.259789050916694],[17.362975773694554,49.25978188779379],[17.362904878233962,49.25976096861563],[17.362845757496036,49.25972795856478],[17.36280311750162,49.25968548526233],[17.362780352368212,49.25963692960272],[17.362779274146295,49.25958615662836],[17.36279996859707,49.259537207868604],[17.362840788386187,49.259493979633795],[17.362898484229085,49.25945991287239],[17.36296846354319,49.25943771927741],[17.36304515601545,49.25942916544224],[17.36312245698666,49.25943493224511],[17.363194213363126,49.25945456065329],[17.36325471338306,49.25948648826071],[17.363299141258555,49.25952817365063],[17.363323960507994,49.25957629868602],[17.36332719546712,49.259627032626916],[17.363308588568117,49.25967633705341],[17.3632696208623,49.25972028732325],[17.363213394146534,49.259755384976486],[17.363144384070278,49.259778836218636],[17.363068083873056,49.25978877431337],[17.363052800556023,49.259789050916694]]]}"
2_LC08_190026_20180920_00000000000000000006,E20 E20 B11 B11,0.19383695984635815,https://1drv.ms/i/s!AuR4bnS0n2fes6lz0ave8fSdffwE0A?e=9lqkB0,0.35470841480073506,-0.40502956662818096,48562932,1243234800000,1340348400000,1433401200000,1146121200000,"{""type"":""Polygon"",""coordinates"":[[[17.363052800556023,49.259789050916694],[17.362975773694554,49.25978188779379],[17.362904878233962,49.25976096861563],[17.362845757496036,49.25972795856478],[17.36280311750162,49.25968548526233],[17.362780352368212,49.25963692960272],[17.362779274146295,49.25958615662836],[17.36279996859707,49.259537207868604],[17.362840788386187,49.259493979633795],[17.362898484229085,49.25945991287239],[17.36296846354319,49.25943771927741],[17.36304515601545,49.25942916544224],[17.36312245698666,49.25943493224511],[17.363194213363126,49.25945456065329],[17.36325471338306,49.25948648826071],[17.363299141258555,49.25952817365063],[17.363323960507994,49.25957629868602],[17.36332719546712,49.259627032626916],[17.363308588568117,49.25967633705341],[17.3632696208623,49.25972028732325],[17.363213394146534,49.259755384976486],[17.363144384070278,49.259778836218636],[17.363068083873056,49.25978877431337],[17.363052800556023,49.259789050916694]]]}"
2_LC08_190026_20181006_00000000000000000006,E20 E20 B11 B11,0.1881118898585709,https://1drv.ms/i/s!AuR4bnS0n2fes6lz0ave8fSdffwE0A?e=9lqkB0,0.36251058547280945,-0.40173391521918844,48562932,1243234800000,1340348400000,1433401200000,1146121200000,"{""type"":""Polygon"",""coordinates"":[[[17.363052800556023,49.259789050916694],[17.362975773694554,49.25978188779379],[17.362904878233962,49.25976096861563],[17.362845757496036,49.25972795856478],[17.36280311750162,49.25968548526233],[17.362780352368212,49.25963692960272],[17.362779274146295,49.25958615662836],[17.36279996859707,49.259537207868604],[17.362840788386187,49.259493979633795],[17.362898484229085,49.25945991287239],[17.36296846354319,49.25943771927741],[17.36304515601545,49.25942916544224],[17.36312245698666,49.25943493224511],[17.363194213363126,49.25945456065329],[17.36325471338306,49.25948648826071],[17.363299141258555,49.25952817365063],[17.363323960507994,49.25957629868602],[17.36332719546712,49.259627032626916],[17.363308588568117,49.25967633705341],[17.3632696208623,49.25972028732325],[17.363213394146534,49.259755384976486],[17.363144384070278,49.259778836218636],[17.363068083873056,49.25978877431337],[17.363052800556023,49.259789050916694]]]}"
2_LC08_190026_20190227_00000000000000000006,E20 E20 B11 B11,0.4107994032278552,https://1drv.ms/i/s!AuR4bnS0n2fes6lz0ave8fSdffwE0A?e=9lqkB0,0.6001360930109833,-0.5682952676608648,48562932,1243234800000,1340348400000,1433401200000,1146121200000,"{""type"":""Polygon"",""coordinates"":[[[17.363052800556023,49.259789050916694],[17.362975773694554,49.25978188779379],[17.362904878233962,49.25976096861563],[17.362845757496036,49.25972795856478],[17.36280311750162,49.25968548526233],[17.362780352368212,49.25963692960272],[17.362779274146295,49.25958615662836],[17.36279996859707,49.259537207868604],[17.362840788386187,49.259493979633795],[17.362898484229085,49.25945991287239],[17.36296846354319,49.25943771927741],[17.36304515601545,49.25942916544224],[17.36312245698666,49.25943493224511],[17.363194213363126,49.25945456065329],[17.36325471338306,49.25948648826071],[17.363299141258555,49.25952817365063],[17.363323960507994,49.25957629868602],[17.36332719546712,49.259627032626916],[17.363308588568117,49.25967633705341],[17.3632696208623,49.25972028732325],[17.363213394146534,49.259755384976486],[17.363144384070278,49.259778836218636],[17.363068083873056,49.25978877431337],[17.363052800556023,49.259789050916694]]]}"
2_LC08_190026_20190331_00000000000000000006,E20 E20 B11 B11,0.6503001852543526,https://1drv.ms/i/s!AuR4bnS0n2fes6lz0ave8fSdffwE0A?e=9lqkB0,0.8243948630468253,-0.7565679029133016,48562932,1243234800000,1340348400000,1433401200000,1146121200000,"{""type"":""Polygon"",""coordinates"":[[[17.363052800556023,49.259789050916694],[17.362975773694554,49.25978188779379],[17.362904878233962,49.25976096861563],[17.362845757496036,49.25972795856478],[17.36280311750162,49.25968548526233],[17.362780352368212,49.25963692960272],[17.362779274146295,49.25958615662836],[17.36279996859707,49.259537207868604],[17.362840788386187,49.259493979633795],[17.362898484229085,49.25945991287239],[17.36296846354319,49.25943771927741],[17.36304515601545,49.25942916544224],[17.36312245698666,49.25943493224511],[17.363194213363126,49.25945456065329],[17.36325471338306,49.25948648826071],[17.363299141258555,49.25952817365063],[17.363323960507994,49.25957629868602],[17.36332719546712,49.259627032626916],[17.363308588568117,49.25967633705341],[17.3632696208623,49.25972028732325],[17.363213394146534,49.259755384976486],[17.363144384070278,49.259778836218636],[17.363068083873056,49.25978877431337],[17.363052800556023,49.259789050916694]]]}"
2_LC08_190026_20190416_00000000000000000006,E20 E20 B11 B11,0.721620868766214,https://1drv.ms/i/s!AuR4bnS0n2fes6lz0ave8fSdffwE0A?e=9lqkB0,0.8898646623505057,-0.8236623873548172,48562932,1243234800000,1340348400000,1433401200000,1146121200000,"{""type"":""Polygon"",""coordinates"":[[[17.363052800556023,49.259789050916694],[17.362975773694554,49.25978188779379],[17.362904878233962,49.25976096861563],[17.362845757496036,49.25972795856478],[17.36280311750162,49.25968548526233],[17.362780352368212,49.25963692960272],[17.362779274146295,49.25958615662836],[17.36279996859707,49.259537207868604],[17.362840788386187,49.259493979633795],[17.362898484229085,49.25945991287239],[17.36296846354319,49.25943771927741],[17.36304515601545,49.25942916544224],[17.36312245698666,49.25943493224511],[17.363194213363126,49.25945456065329],[17.36325471338306,49.25948648826071],[17.363299141258555,49.25952817365063],[17.363323960507994,49.25957629868602],[17.36332719546712,49.259627032626916],[17.363308588568117,49.25967633705341],[17.3632696208623,49.25972028732325],[17.363213394146534,49.259755384976486],[17.363144384070278,49.259778836218636],[17.363068083873056,49.25978877431337],[17.363052800556023,49.259789050916694]]]}"
2_LC08_190026_20190603_00000000000000000006,E20 E20 B11 B11,0.5931154588955457,https://1drv.ms/i/s!AuR4bnS0n2fes6lz0ave8fSdffwE0A?e=9lqkB0,0.8142769217804209,-0.7644165693101859,48562932,1243234800000,1340348400000,1433401200000,1146121200000,"{""type"":""Polygon"",""coordinates"":[[[17.363052800556023,49.259789050916694],[17.362975773694554,49.25978188779379],[17.362904878233962,49.25976096861563],[17.362845757496036,49.25972795856478],[17.36280311750162,49.25968548526233],[17.362780352368212,49.25963692960272],[17.362779274146295,49.25958615662836],[17.36279996859707,49.259537207868604],[17.362840788386187,49.259493979633795],[17.362898484229085,49.25945991287239],[17.36296846354319,49.25943771927741],[17.36304515601545,49.25942916544224],[17.36312245698666,49.25943493224511],[17.363194213363126,49.25945456065329],[17.36325471338306,49.25948648826071],[17.363299141258555,49.25952817365063],[17.363323960507994,49.25957629868602],[17.36332719546712,49.259627032626916],[17.363308588568117,49.25967633705341],[17.3632696208623,49.25972028732325],[17.363213394146534,49.259755384976486],[17.363144384070278,49.259778836218636],[17.363068083873056,49.25978877431337],[17.363052800556023,49.259789050916694]]]}"
2_LC08_190026_20200402_00000000000000000006,E20 E20 B11 B11,0.11876479223334412,https://1drv.ms/i/s!AuR4bnS0n2fes6lz0ave8fSdffwE0A?e=9lqkB0,0.2419135840832011,-0.3557247123863391,48562932,1243234800000,1340348400000,1433401200000,1146121200000,"{""type"":""Polygon"",""coordinates"":[[[17.363052800556023,49.259789050916694],[17.362975773694554,49.25978188779379],[17.362904878233962,49.25976096861563],[17.362845757496036,49.25972795856478],[17.36280311750162,49.25968548526233],[17.362780352368212,49.25963692960272],[17.362779274146295,49.25958615662836],[17.36279996859707,49.259537207868604],[17.362840788386187,49.259493979633795],[17.362898484229085,49.25945991287239],[17.36296846354319,49.25943771927741],[17.36304515601545,49.25942916544224],[17.36312245698666,49.25943493224511],[17.363194213363126,49.25945456065329],[17.36325471338306,49.25948648826071],[17.363299141258555,49.25952817365063],[17.363323960507994,49.25957629868602],[17.36332719546712,49.259627032626916],[17.363308588568117,49.25967633705341],[17.3632696208623,49.25972028732325],[17.363213394146534,49.259755384976486],[17.363144384070278,49.259778836218636],[17.363068083873056,49.25978877431337],[17.363052800556023,49.259789050916694]]]}"
2_LC08_190026_20200808_00000000000000000006,E20 E20 B11 B11,0.6359316650482669,https://1drv.ms/i/s!AuR4bnS0n2fes6lz0ave8fSdffwE0A?e=9lqkB0,0.8421713642039949,-0.7886263008203966,48562932,1243234800000,1340348400000,1433401200000,1146121200000,"{""type"":""Polygon"",""coordinates"":[[[17.363052800556023,49.259789050916694],[17.362975773694554,49.25978188779379],[17.362904878233962,49.25976096861563],[17.362845757496036,49.25972795856478],[17.36280311750162,49.25968548526233],[17.362780352368212,49.25963692960272],[17.362779274146295,49.25958615662836],[17.36279996859707,49.259537207868604],[17.362840788386187,49.259493979633795],[17.362898484229085,49.25945991287239],[17.36296846354319,49.25943771927741],[17.36304515601545,49.25942916544224],[17.36312245698666,49.25943493224511],[17.363194213363126,49.25945456065329],[17.36325471338306,49.25948648826071],[17.363299141258555,49.25952817365063],[17.363323960507994,49.25957629868602],[17.36332719546712,49.259627032626916],[17.363308588568117,49.25967633705341],[17.3632696208623,49.25972028732325],[17.363213394146534,49.259755384976486],[17.363144384070278,49.259778836218636],[17.363068083873056,49.25978877431337],[17.363052800556023,49.259789050916694]]]}"
2_LC08_190026_20200909_00000000000000000006,E20 E20 B11 B11,0.5968358580416132,https://1drv.ms/i/s!AuR4bnS0n2fes6lz0ave8fSdffwE0A?e=9lqkB0,0.8410600593168421,-0.7864055079151573,48562932,1243234800000,1340348400000,1433401200000,1146121200000,"{""type"":""Polygon"",""coordinates"":[[[17.363052800556023,49.259789050916694],[17.362975773694554,49.25978188779379],[17.362904878233962,49.25976096861563],[17.362845757496036,49.25972795856478],[17.36280311750162,49.25968548526233],[17.362780352368212,49.25963692960272],[17.362779274146295,49.25958615662836],[17.36279996859707,49.259537207868604],[17.362840788386187,49.259493979633795],[17.362898484229085,49.25945991287239],[17.36296846354319,49.25943771927741],[17.36304515601545,49.25942916544224],[17.36312245698666,49.25943493224511],[17.363194213363126,49.25945456065329],[17.36325471338306,49.25948648826071],[17.363299141258555,49.25952817365063],[17.363323960507994,49.25957629868602],[17.36332719546712,49.259627032626916],[17.363308588568117,49.25967633705341],[17.3632696208623,49.25972028732325],[17.363213394146534,49.259755384976486],[17.363144384070278,49.259778836218636],[17.363068083873056,49.25978877431337],[17.363052800556023,49.259789050916694]]]}"
2_LC08_190026_20210710_00000000000000000006,E20 E20 B11 B11,0.6781404453067608,https://1drv.ms/i/s!AuR4bnS0n2fes6lz0ave8fSdffwE0A?e=9lqkB0,0.8871693726089221,-0.8346432304393645,48562932,1243234800000,1340348400000,1433401200000,1146121200000,"{""type"":""Polygon"",""coordinates"":[[[17.363052800556023,49.259789050916694],[17.362975773694554,49.25978188779379],[17.362904878233962,49.25976096861563],[17.362845757496036,49.25972795856478],[17.36280311750162,49.25968548526233],[17.362780352368212,49.25963692960272],[17.362779274146295,49.25958615662836],[17.36279996859707,49.259537207868604],[17.362840788386187,49.259493979633795],[17.362898484229085,49.25945991287239],[17.36296846354319,49.25943771927741],[17.36304515601545,49.25942916544224],[17.36312245698666,49.25943493224511],[17.363194213363126,49.25945456065329],[17.36325471338306,49.25948648826071],[17.363299141258555,49.25952817365063],[17.363323960507994,49.25957629868602],[17.36332719546712,49.259627032626916],[17.363308588568117,49.25967633705341],[17.3632696208623,49.25972028732325],[17.363213394146534,49.259755384976486],[17.363144384070278,49.259778836218636],[17.363068083873056,49.25978877431337],[17.363052800556023,49.259789050916694]]]}"
2_LC08_190026_20211030_00000000000000000006,E20 E20 B11 B11,0.15072713551129405,https://1drv.ms/i/s!AuR4bnS0n2fes6lz0ave8fSdffwE0A?e=9lqkB0,0.2849710509312918,-0.3792290826126479,48562932,1243234800000,1340348400000,1433401200000,1146121200000,"{""type"":""Polygon"",""coordinates"":[[[17.363052800556023,49.259789050916694],[17.362975773694554,49.25978188779379],[17.362904878233962,49.25976096861563],[17.362845757496036,49.25972795856478],[17.36280311750162,49.25968548526233],[17.362780352368212,49.25963692960272],[17.362779274146295,49.25958615662836],[17.36279996859707,49.259537207868604],[17.362840788386187,49.259493979633795],[17.362898484229085,49.25945991287239],[17.36296846354319,49.25943771927741],[17.36304515601545,49.25942916544224],[17.36312245698666,49.25943493224511],[17.363194213363126,49.25945456065329],[17.36325471338306,49.25948648826071],[17.363299141258555,49.25952817365063],[17.363323960507994,49.25957629868602],[17.36332719546712,49.259627032626916],[17.363308588568117,49.25967633705341],[17.3632696208623,49.25972028732325],[17.363213394146534,49.259755384976486],[17.363144384070278,49.259778836218636],[17.363068083873056,49.25978877431337],[17.363052800556023,49.259789050916694]]]}"
2_LC08_191025_20130422_00000000000000000004,E20 E20 E20 B13,0.21529649526006328,https://1drv.ms/i/s!AuR4bnS0n2fes6oD0gSHeVvXvGkuZQ?e=rB7cNL,0.317100291895424,-0.4104064004829533,46782996,1246518000000,1339311600000,1438844400000,1147676400000,"{""type"":""Polygon"",""coordinates"":[[[14.979819356026065,49.96756432472594],[14.979741202403837,49.96755716160239],[14.979669269875169,49.96753624242248],[14.979609284314213,49.96750323236933],[14.97956602058214,49.96746075906477],[14.979542922444892,49.96741220340385],[14.979541828457904,49.96736143042943],[14.979562825634616,49.96731248167086],[14.979604242541454,49.967269253438126],[14.97966278236209,49.96723518667903],[14.979733785333586,49.96721299308588],[14.979811599661389,49.96720443925149],[14.979890031389075,49.96721020605382],[14.979962837417313,49.96722983446035],[14.980024222433876,49.9672617620655],[14.98006930020567,49.96730344745324],[14.980094482518423,49.96735157248722],[14.980097764805935,49.967402306427935],[14.980078885730428,49.967451610855505],[14.980039348006134,49.96749556112736],[14.97998229880207,49.96753065878292],[14.979912279237894,49.96755411002697],[14.979834862909865,49.9675640481226],[14.979819356026065,49.96756432472594]]]}"
2_LC08_191025_20130422_00000000000000000005,E20 E20 E20 B14,0.46111447864606353,https://1drv.ms/i/s!AuR4bnS0n2fes6l-CMabXiyK5SOLZA?e=UYJd1D,0.6533761859162119,-0.6218673143322653,46943076,1247382000000,1342076400000,1438671600000,1148540400000,"{""type"":""Polygon"",""coordinates"":[[[15.281794138466477,50.67472870169088],[15.281714813377217,50.674721538566665],[15.281641802632954,50.67470061938495],[15.281580917935639,50.67466760932944],[15.281537005718116,50.67462513602269],[15.281513561364674,50.67457658036044],[15.28151245098724,50.67452580738595],[15.281533762901178,50.674476858628594],[15.281575800617446,50.674433630398],[15.28163521790204,50.67439956364129],[15.28170728514617,50.67437737005001],[15.281786265840893,50.674368816216415],[15.28186587318959,50.674374583018206],[15.281939770516198,50.67439421142304],[15.282002075643087,50.67442613902584],[15.28204782909696,50.67446782441135],[15.282073388878288,50.67451594944389],[15.282076720372164,50.67456668338439],[15.282057558321211,50.67461598781307],[15.282017427962073,50.674659938087004],[15.281959523636102,50.674695035744946],[15.281888454530783,50.674718486990955],[15.28180987778745,50.674728425087494],[15.281794138466477,50.67472870169088]]]}"
2_LC08_191025_20130727_00000000000000000004,E20 E20 E20 B13,0.36352635547944795,https://1drv.ms/i/s!AuR4bnS0n2fes6oD0gSHeVvXvGkuZQ?e=rB7cNL,0.5780089495256349,-0.6044329912899392,46782996,1246518000000,1339311600000,1438844400000,1147676400000,"{""type"":""Polygon"",""coordinates"":[[[14.979819356026065,49.96756432472594],[14.979741202403837,49.96755716160239],[14.979669269875169,49.96753624242248],[14.979609284314213,49.96750323236933],[14.97956602058214,49.96746075906477],[14.979542922444892,49.96741220340385],[14.979541828457904,49.96736143042943],[14.979562825634616,49.96731248167086],[14.979604242541454,49.967269253438126],[14.97966278236209,49.96723518667903],[14.979733785333586,49.96721299308588],[14.979811599661389,49.96720443925149],[14.979890031389075,49.96721020605382],[14.979962837417313,49.96722983446035],[14.980024222433876,49.9672617620655],[14.98006930020567,49.96730344745324],[14.980094482518423,49.96735157248722],[14.980097764805935,49.967402306427935],[14.980078885730428,49.967451610855505],[14.980039348006134,49.96749556112736],[14.97998229880207,49.96753065878292],[14.979912279237894,49.96755411002697],[14.979834862909865,49.9675640481226],[14.979819356026065,49.96756432472594]]]}"
2_LC08_191025_20130727_00000000000000000005,E20 E20 E20 B14,0.4013604427569124,https://1drv.ms/i/s!AuR4bnS0n2fes6l-CMabXiyK5SOLZA?e=UYJd1D,0.580113299234084,-0.5961683657345732,46943076,1247382000000,1342076400000,1438671600000,1148540400000,"{""type"":""Polygon"",""coordinates"":[[[15.281794138466477,50.67472870169088],[15.281714813377217,50.674721538566665],[15.281641802632954,50.67470061938495],[15.281580917935639,50.67466760932944],[15.281537005718116,50.67462513602269],[15.281513561364674,50.67457658036044],[15.28151245098724,50.67452580738595],[15.281533762901178,50.674476858628594],[15.281575800617446,50.674433630398],[15.28163521790204,50.67439956364129],[15.28170728514617,50.67437737005001],[15.281786265840893,50.674368816216415],[15.28186587318959,50.674374583018206],[15.281939770516198,50.67439421142304],[15.282002075643087,50.67442613902584],[15.28204782909696,50.67446782441135],[15.282073388878288,50.67451594944389],[15.282076720372164,50.67456668338439],[15.282057558321211,50.67461598781307],[15.282017427962073,50.674659938087004],[15.281959523636102,50.674695035744946],[15.281888454530783,50.674718486990955],[15.28180987778745,50.674728425087494],[15.281794138466477,50.67472870169088]]]}"
2_LC08_191025_20130812_00000000000000000004,E20 E20 E20 B13,0.2752578999471458,https://1drv.ms/i/s!AuR4bnS0n2fes6oD0gSHeVvXvGkuZQ?e=rB7cNL,0.4619766341996534,-0.5173416441798045,46782996,1246518000000,1339311600000,1438844400000,1147676400000,"{""type"":""Polygon"",""coordinates"":[[[14.979819356026065,49.96756432472594],[14.979741202403837,49.96755716160239],[14.979669269875169,49.96753624242248],[14.979609284314213,49.96750323236933],[14.97956602058214,49.96746075906477],[14.979542922444892,49.96741220340385],[14.979541828457904,49.96736143042943],[14.979562825634616,49.96731248167086],[14.979604242541454,49.967269253438126],[14.97966278236209,49.96723518667903],[14.979733785333586,49.96721299308588],[14.979811599661389,49.96720443925149],[14.979890031389075,49.96721020605382],[14.979962837417313,49.96722983446035],[14.980024222433876,49.9672617620655],[14.98006930020567,49.96730344745324],[14.980094482518423,49.96735157248722],[14.980097764805935,49.967402306427935],[14.980078885730428,49.967451610855505],[14.980039348006134,49.96749556112736],[14.97998229880207,49.96753065878292],[14.979912279237894,49.96755411002697],[14.979834862909865,49.9675640481226],[14.979819356026065,49.96756432472594]]]}"
2_LC08_191025_20130812_00000000000000000005,E20 E20 E20 B14,0.7490999621517462,https://1drv.ms/i/s!AuR4bnS0n2fes6l-CMabXiyK5SOLZA?e=UYJd1D,0.8856896205615317,-0.7746397881844134,46943076,1247382000000,1342076400000,1438671600000,1148540400000,"{""type"":""Polygon"",""coordinates"":[[[15.281794138466477,50.67472870169088],[15.281714813377217,50.674721538566665],[15.281641802632954,50.67470061938495],[15.281580917935639,50.67466760932944],[15.281537005718116,50.67462513602269],[15.281513561364674,50.67457658036044],[15.28151245098724,50.67452580738595],[15.281533762901178,50.674476858628594],[15.281575800617446,50.674433630398],[15.28163521790204,50.67439956364129],[15.28170728514617,50.67437737005001],[15.281786265840893,50.674368816216415],[15.28186587318959,50.674374583018206],[15.281939770516198,50.67439421142304],[15.282002075643087,50.67442613902584],[15.28204782909696,50.67446782441135],[15.282073388878288,50.67451594944389],[15.282076720372164,50.67456668338439],[15.282057558321211,50.67461598781307],[15.282017427962073,50.674659938087004],[15.281959523636102,50.674695035744946],[15.281888454530783,50.674718486990955],[15.28180987778745,50.674728425087494],[15.281794138466477,50.67472870169088]]]}"
2_LC08_191025_20130929_00000000000000000004,E20 E20 E20 B13,0.2444133279034062,https://1drv.ms/i/s!AuR4bnS0n2fes6oD0gSHeVvXvGkuZQ?e=rB7cNL,0.37520438608513706,-0.4459698442596293,46782996,1246518000000,1339311600000,1438844400000,1147676400000,"{""type"":""Polygon"",""coordinates"":[[[14.979819356026065,49.96756432472594],[14.979741202403837,49.96755716160239],[14.979669269875169,49.96753624242248],[14.979609284314213,49.96750323236933],[14.97956602058214,49.96746075906477],[14.979542922444892,49.96741220340385],[14.979541828457904,49.96736143042943],[14.979562825634616,49.96731248167086],[14.979604242541454,49.967269253438126],[14.97966278236209,49.96723518667903],[14.979733785333586,49.96721299308588],[14.979811599661389,49.96720443925149],[14.979890031389075,49.96721020605382],[14.979962837417313,49.96722983446035],[14.980024222433876,49.9672617620655],[14.98006930020567,49.96730344745324],[14.980094482518423,49.96735157248722],[14.980097764805935,49.967402306427935],[14.980078885730428,49.967451610855505],[14.980039348006134,49.96749556112736],[14.97998229880207,49.96753065878292],[14.979912279237894,49.96755411002697],[14.979834862909865,49.9675640481226],[14.979819356026065,49.96756432472594]]]}"
2_LC08_191025_20130929_00000000000000000005,E20 E20 E20 B14,0.45215902936180863,https://1drv.ms/i/s!AuR4bnS0n2fes6l-CMabXiyK5SOLZA?e=UYJd1D,0.6878819893172649,-0.6297109688202732,46943076,1247382000000,1342076400000,1438671600000,1148540400000,"{""type"":""Polygon"",""coordinates"":[[[15.281794138466477,50.67472870169088],[15.281714813377217,50.674721538566665],[15.281641802632954,50.67470061938495],[15.281580917935639,50.67466760932944],[15.281537005718116,50.67462513602269],[15.281513561364674,50.67457658036044],[15.28151245098724,50.67452580738595],[15.281533762901178,50.674476858628594],[15.281575800617446,50.674433630398],[15.28163521790204,50.67439956364129],[15.28170728514617,50.67437737005001],[15.281786265840893,50.674368816216415],[15.28186587318959,50.674374583018206],[15.281939770516198,50.67439421142304],[15.282002075643087,50.67442613902584],[15.28204782909696,50.67446782441135],[15.282073388878288,50.67451594944389],[15.282076720372164,50.67456668338439],[15.282057558321211,50.67461598781307],[15.282017427962073,50.674659938087004],[15.281959523636102,50.674695035744946],[15.281888454530783,50.674718486990955],[15.28180987778745,50.674728425087494],[15.281794138466477,50.67472870169088]]]}"
2_LC08_191025_20131031_00000000000000000004,E20 E20 E20 B13,0.18237000329698533,https://1drv.ms/i/s!AuR4bnS0n2fes6oD0gSHeVvXvGkuZQ?e=rB7cNL,0.30349674245409985,-0.40041069772042504,46782996,1246518000000,1339311600000,1438844400000,1147676400000,"{""type"":""Polygon"",""coordinates"":[[[14.979819356026065,49.96756432472594],[14.979741202403837,49.96755716160239],[14.979669269875169,49.96753624242248],[14.979609284314213,49.96750323236933],[14.97956602058214,49.96746075906477],[14.979542922444892,49.96741220340385],[14.979541828457904,49.96736143042943],[14.979562825634616,49.96731248167086],[14.979604242541454,49.967269253438126],[14.97966278236209,49.96723518667903],[14.979733785333586,49.96721299308588],[14.979811599661389,49.96720443925149],[14.979890031389075,49.96721020605382],[14.979962837417313,49.96722983446035],[14.980024222433876,49.9672617620655],[14.98006930020567,49.96730344745324],[14.980094482518423,49.96735157248722],[14.980097764805935,49.967402306427935],[14.980078885730428,49.967451610855505],[14.980039348006134,49.96749556112736],[14.97998229880207,49.96753065878292],[14.979912279237894,49.96755411002697],[14.979834862909865,49.9675640481226],[14.979819356026065,49.96756432472594]]]}"
2_LC08_191025_20131031_00000000000000000005,E20 E20 E20 B14,0.6125318370946102,https://1drv.ms/i/s!AuR4bnS0n2fes6l-CMabXiyK5SOLZA?e=UYJd1D,0.798095529932014,-0.7121928425924571,46943076,1247382000000,1342076400000,1438671600000,1148540400000,"{""type"":""Polygon"",""coordinates"":[[[15.281794138466477,50.67472870169088],[15.281714813377217,50.674721538566665],[15.281641802632954,50.67470061938495],[15.281580917935639,50.67466760932944],[15.281537005718116,50.67462513602269],[15.281513561364674,50.67457658036044],[15.28151245098724,50.67452580738595],[15.281533762901178,50.674476858628594],[15.281575800617446,50.674433630398],[15.28163521790204,50.67439956364129],[15.28170728514617,50.67437737005001],[15.281786265840893,50.674368816216415],[15.28186587318959,50.674374583018206],[15.281939770516198,50.67439421142304],[15.282002075643087,50.67442613902584],[15.28204782909696,50.67446782441135],[15.282073388878288,50.67451594944389],[15.282076720372164,50.67456668338439],[15.282057558321211,50.67461598781307],[15.282017427962073,50.674659938087004],[15.281959523636102,50.674695035744946],[15.281888454530783,50.674718486990955],[15.28180987778745,50.674728425087494],[15.281794138466477,50.67472870169088]]]}"
2_LC08_191025_20131202_00000000000000000004,E20 E20 E20 B13,0.2300651983024753,https://1drv.ms/i/s!AuR4bnS0n2fes6oD0gSHeVvXvGkuZQ?e=rB7cNL,0.4321922830465656,-0.49274692156201383,46782996,1246518000000,1339311600000,1438844400000,1147676400000,"{""type"":""Polygon"",""coordinates"":[[[14.979819356026065,49.96756432472594],[14.979741202403837,49.96755716160239],[14.979669269875169,49.96753624242248],[14.979609284314213,49.96750323236933],[14.97956602058214,49.96746075906477],[14.979542922444892,49.96741220340385],[14.979541828457904,49.96736143042943],[14.979562825634616,49.96731248167086],[14.979604242541454,49.967269253438126],[14.97966278236209,49.96723518667903],[14.979733785333586,49.96721299308588],[14.979811599661389,49.96720443925149],[14.979890031389075,49.96721020605382],[14.979962837417313,49.96722983446035],[14.980024222433876,49.9672617620655],[14.98006930020567,49.96730344745324],[14.980094482518423,49.96735157248722],[14.980097764805935,49.967402306427935],[14.980078885730428,49.967451610855505],[14.980039348006134,49.96749556112736],[14.97998229880207,49.96753065878292],[14.979912279237894,49.96755411002697],[14.979834862909865,49.9675640481226],[14.979819356026065,49.96756432472594]]]}"
2_LC08_191025_20131202_00000000000000000005,E20 E20 E20 B14,0.23887289238820564,https://1drv.ms/i/s!AuR4bnS0n2fes6l-CMabXiyK5SOLZA?e=UYJd1D,0.11920002159875202,-0.1551433469131651,46943076,1247382000000,1342076400000,1438671600000,1148540400000,"{""type"":""Polygon"",""coordinates"":[[[15.281794138466477,50.67472870169088],[15.281714813377217,50.674721538566665],[15.281641802632954,50.67470061938495],[15.281580917935639,50.67466760932944],[15.281537005718116,50.67462513602269],[15.281513561364674,50.67457658036044],[15.28151245098724,50.67452580738595],[15.281533762901178,50.674476858628594],[15.281575800617446,50.674433630398],[15.28163521790204,50.67439956364129],[15.28170728514617,50.67437737005001],[15.281786265840893,50.674368816216415],[15.28186587318959,50.674374583018206],[15.281939770516198,50.67439421142304],[15.282002075643087,50.67442613902584],[15.28204782909696,50.67446782441135],[15.282073388878288,50.67451594944389],[15.282076720372164,50.67456668338439],[15.282057558321211,50.67461598781307],[15.282017427962073,50.674659938087004],[15.281959523636102,50.674695035744946],[15.281888454530783,50.674718486990955],[15.28180987778745,50.674728425087494],[15.281794138466477,50.67472870169088]]]}"
2_LC08_191025_20150207_00000000000000000004,E20 E20 E20 B13,0.10096922139834005,https://1drv.ms/i/s!AuR4bnS0n2fes6oD0gSHeVvXvGkuZQ?e=rB7cNL,0.08493203521401607,-0.14671901836100984,46782996,1246518000000,1339311600000,1438844400000,1147676400000,"{""type"":""Polygon"",""coordinates"":[[[14.979819356026065,49.96756432472594],[14.979741202403837,49.96755716160239],[14.979669269875169,49.96753624242248],[14.979609284314213,49.96750323236933],[14.97956602058214,49.96746075906477],[14.979542922444892,49.96741220340385],[14.979541828457904,49.96736143042943],[14.979562825634616,49.96731248167086],[14.979604242541454,49.967269253438126],[14.97966278236209,49.96723518667903],[14.979733785333586,49.96721299308588],[14.979811599661389,49.96720443925149],[14.979890031389075,49.96721020605382],[14.979962837417313,49.96722983446035],[14.980024222433876,49.9672617620655],[14.98006930020567,49.96730344745324],[14.980094482518423,49.96735157248722],[14.980097764805935,49.967402306427935],[14.980078885730428,49.967451610855505],[14.980039348006134,49.96749556112736],[14.97998229880207,49.96753065878292],[14.979912279237894,49.96755411002697],[14.979834862909865,49.9675640481226],[14.979819356026065,49.96756432472594]]]}"
2_LC08_191025_20150207_00000000000000000005,E20 E20 E20 B14,-0.23400898902306508,https://1drv.ms/i/s!AuR4bnS0n2fes6l-CMabXiyK5SOLZA?e=UYJd1D,-0.03655796641393672,0.01028927262458673,46943076,1247382000000,1342076400000,1438671600000,1148540400000,"{""type"":""Polygon"",""coordinates"":[[[15.281794138466477,50.67472870169088],[15.281714813377217,50.674721538566665],[15.281641802632954,50.67470061938495],[15.281580917935639,50.67466760932944],[15.281537005718116,50.67462513602269],[15.281513561364674,50.67457658036044],[15.28151245098724,50.67452580738595],[15.281533762901178,50.674476858628594],[15.281575800617446,50.674433630398],[15.28163521790204,50.67439956364129],[15.28170728514617,50.67437737005001],[15.281786265840893,50.674368816216415],[15.28186587318959,50.674374583018206],[15.281939770516198,50.67439421142304],[15.282002075643087,50.67442613902584],[15.28204782909696,50.67446782441135],[15.282073388878288,50.67451594944389],[15.282076720372164,50.67456668338439],[15.282057558321211,50.67461598781307],[15.282017427962073,50.674659938087004],[15.281959523636102,50.674695035744946],[15.281888454530783,50.674718486990955],[15.28180987778745,50.674728425087494],[15.281794138466477,50.67472870169088]]]}"
2_LC08_191025_20150919_00000000000000000005,E20 E20 E20 B14,0.6111520498942389,https://1drv.ms/i/s!AuR4bnS0n2fes6l-CMabXiyK5SOLZA?e=UYJd1D,0.7485876006289657,-0.6907730806573246,46943076,1247382000000,1342076400000,1438671600000,1148540400000,"{""type"":""Polygon"",""coordinates"":[[[15.281794138466477,50.67472870169088],[15.281714813377217,50.674721538566665],[15.281641802632954,50.67470061938495],[15.281580917935639,50.67466760932944],[15.281537005718116,50.67462513602269],[15.281513561364674,50.67457658036044],[15.28151245098724,50.67452580738595],[15.281533762901178,50.674476858628594],[15.281575800617446,50.674433630398],[15.28163521790204,50.67439956364129],[15.28170728514617,50.67437737005001],[15.281786265840893,50.674368816216415],[15.28186587318959,50.674374583018206],[15.281939770516198,50.67439421142304],[15.282002075643087,50.67442613902584],[15.28204782909696,50.67446782441135],[15.282073388878288,50.67451594944389],[15.282076720372164,50.67456668338439],[15.282057558321211,50.67461598781307],[15.282017427962073,50.674659938087004],[15.281959523636102,50.674695035744946],[15.281888454530783,50.674718486990955],[15.28180987778745,50.674728425087494],[15.281794138466477,50.67472870169088]]]}"
2_LC08_191025_20160430_00000000000000000004,E20 E20 E20 B13,0.38579712221840784,https://1drv.ms/i/s!AuR4bnS0n2fes6oD0gSHeVvXvGkuZQ?e=rB7cNL,0.5191812306564849,-0.5272325334195836,46782996,1246518000000,1339311600000,1438844400000,1147676400000,"{""type"":""Polygon"",""coordinates"":[[[14.979819356026065,49.96756432472594],[14.979741202403837,49.96755716160239],[14.979669269875169,49.96753624242248],[14.979609284314213,49.96750323236933],[14.97956602058214,49.96746075906477],[14.979542922444892,49.96741220340385],[14.979541828457904,49.96736143042943],[14.979562825634616,49.96731248167086],[14.979604242541454,49.967269253438126],[14.97966278236209,49.96723518667903],[14.979733785333586,49.96721299308588],[14.979811599661389,49.96720443925149],[14.979890031389075,49.96721020605382],[14.979962837417313,49.96722983446035],[14.980024222433876,49.9672617620655],[14.98006930020567,49.96730344745324],[14.980094482518423,49.96735157248722],[14.980097764805935,49.967402306427935],[14.980078885730428,49.967451610855505],[14.980039348006134,49.96749556112736],[14.97998229880207,49.96753065878292],[14.979912279237894,49.96755411002697],[14.979834862909865,49.9675640481226],[14.979819356026065,49.96756432472594]]]}"
2_LC08_191025_20160430_00000000000000000005,E20 E20 E20 B14,0.7427003278032555,https://1drv.ms/i/s!AuR4bnS0n2fes6l-CMabXiyK5SOLZA?e=UYJd1D,0.8564008498294755,-0.7662765261117702,46943076,1247382000000,1342076400000,1438671600000,1148540400000,"{""type"":""Polygon"",""coordinates"":[[[15.281794138466477,50.67472870169088],[15.281714813377217,50.674721538566665],[15.281641802632954,50.67470061938495],[15.281580917935639,50.67466760932944],[15.281537005718116,50.67462513602269],[15.281513561364674,50.67457658036044],[15.28151245098724,50.67452580738595],[15.281533762901178,50.674476858628594],[15.281575800617446,50.674433630398],[15.28163521790204,50.67439956364129],[15.28170728514617,50.67437737005001],[15.281786265840893,50.674368816216415],[15.28186587318959,50.674374583018206],[15.281939770516198,50.67439421142304],[15.282002075643087,50.67442613902584],[15.28204782909696,50.67446782441135],[15.282073388878288,50.67451594944389],[15.282076720372164,50.67456668338439],[15.282057558321211,50.67461598781307],[15.282017427962073,50.674659938087004],[15.281959523636102,50.674695035744946],[15.281888454530783,50.674718486990955],[15.28180987778745,50.674728425087494],[15.281794138466477,50.67472870169088]]]}"
2_LC08_191025_20170127_00000000000000000004,E20 E20 E20 B13,-0.21205928591157672,https://1drv.ms/i/s!AuR4bnS0n2fes6oD0gSHeVvXvGkuZQ?e=rB7cNL,-0.026396447665018863,0.0012772254949536522,46782996,1246518000000,1339311600000,1438844400000,1147676400000,"{""type"":""Polygon"",""coordinates"":[[[14.979819356026065,49.96756432472594],[14.979741202403837,49.96755716160239],[14.979669269875169,49.96753624242248],[14.979609284314213,49.96750323236933],[14.97956602058214,49.96746075906477],[14.979542922444892,49.96741220340385],[14.979541828457904,49.96736143042943],[14.979562825634616,49.96731248167086],[14.979604242541454,49.967269253438126],[14.97966278236209,49.96723518667903],[14.979733785333586,49.96721299308588],[14.979811599661389,49.96720443925149],[14.979890031389075,49.96721020605382],[14.979962837417313,49.96722983446035],[14.980024222433876,49.9672617620655],[14.98006930020567,49.96730344745324],[14.980094482518423,49.96735157248722],[14.980097764805935,49.967402306427935],[14.980078885730428,49.967451610855505],[14.980039348006134,49.96749556112736],[14.97998229880207,49.96753065878292],[14.979912279237894,49.96755411002697],[14.979834862909865,49.9675640481226],[14.979819356026065,49.96756432472594]]]}"
2_LC08_191025_20170127_00000000000000000005,E20 E20 E20 B14,-0.3339622566587235,https://1drv.ms/i/s!AuR4bnS0n2fes6l-CMabXiyK5SOLZA?e=UYJd1D,-0.04197298527768937,0.013656220989116074,46943076,1247382000000,1342076400000,1438671600000,1148540400000,"{""type"":""Polygon"",""coordinates"":[[[15.281794138466477,50.67472870169088],[15.281714813377217,50.674721538566665],[15.281641802632954,50.67470061938495],[15.281580917935639,50.67466760932944],[15.281537005718116,50.67462513602269],[15.281513561364674,50.67457658036044],[15.28151245098724,50.67452580738595],[15.281533762901178,50.674476858628594],[15.281575800617446,50.674433630398],[15.28163521790204,50.67439956364129],[15.28170728514617,50.67437737005001],[15.281786265840893,50.674368816216415],[15.28186587318959,50.674374583018206],[15.281939770516198,50.67439421142304],[15.282002075643087,50.67442613902584],[15.28204782909696,50.67446782441135],[15.282073388878288,50.67451594944389],[15.282076720372164,50.67456668338439],[15.282057558321211,50.67461598781307],[15.282017427962073,50.674659938087004],[15.281959523636102,50.674695035744946],[15.281888454530783,50.674718486990955],[15.28180987778745,50.674728425087494],[15.281794138466477,50.67472870169088]]]}"
2_LC08_191025_20170316_00000000000000000004,E20 E20 E20 B13,0.40466615549980506,https://1drv.ms/i/s!AuR4bnS0n2fes6oD0gSHeVvXvGkuZQ?e=rB7cNL,0.5728597260628716,-0.5943997130785086,46782996,1246518000000,1339311600000,1438844400000,1147676400000,"{""type"":""Polygon"",""coordinates"":[[[14.979819356026065,49.96756432472594],[14.979741202403837,49.96755716160239],[14.979669269875169,49.96753624242248],[14.979609284314213,49.96750323236933],[14.97956602058214,49.96746075906477],[14.979542922444892,49.96741220340385],[14.979541828457904,49.96736143042943],[14.979562825634616,49.96731248167086],[14.979604242541454,49.967269253438126],[14.97966278236209,49.96723518667903],[14.979733785333586,49.96721299308588],[14.979811599661389,49.96720443925149],[14.979890031389075,49.96721020605382],[14.979962837417313,49.96722983446035],[14.980024222433876,49.9672617620655],[14.98006930020567,49.96730344745324],[14.980094482518423,49.96735157248722],[14.980097764805935,49.967402306427935],[14.980078885730428,49.967451610855505],[14.980039348006134,49.96749556112736],[14.97998229880207,49.96753065878292],[14.979912279237894,49.96755411002697],[14.979834862909865,49.9675640481226],[14.979819356026065,49.96756432472594]]]}"
2_LC08_191025_20170316_00000000000000000005,E20 E20 E20 B14,0.2280935026179079,https://1drv.ms/i/s!AuR4bnS0n2fes6l-CMabXiyK5SOLZA?e=UYJd1D,0.35107652782962273,-0.4615576453350509,46943076,1247382000000,1342076400000,1438671600000,1148540400000,"{""type"":""Polygon"",""coordinates"":[[[15.281794138466477,50.67472870169088],[15.281714813377217,50.674721538566665],[15.281641802632954,50.67470061938495],[15.281580917935639,50.67466760932944],[15.281537005718116,50.67462513602269],[15.281513561364674,50.67457658036044],[15.28151245098724,50.67452580738595],[15.281533762901178,50.674476858628594],[15.281575800617446,50.674433630398],[15.28163521790204,50.67439956364129],[15.28170728514617,50.67437737005001],[15.281786265840893,50.674368816216415],[15.28186587318959,50.674374583018206],[15.281939770516198,50.67439421142304],[15.282002075643087,50.67442613902584],[15.28204782909696,50.67446782441135],[15.282073388878288,50.67451594944389],[15.282076720372164,50.67456668338439],[15.282057558321211,50.67461598781307],[15.282017427962073,50.674659938087004],[15.281959523636102,50.674695035744946],[15.281888454530783,50.674718486990955],[15.28180987778745,50.674728425087494],[15.281794138466477,50.67472870169088]]]}"
2_LC08_191025_20170401_00000000000000000004,E20 E20 E20 B13,0.6468938823871639,https://1drv.ms/i/s!AuR4bnS0n2fes6oD0gSHeVvXvGkuZQ?e=rB7cNL,0.7500098482143754,-0.7031628452524852,46782996,1246518000000,1339311600000,1438844400000,1147676400000,"{""type"":""Polygon"",""coordinates"":[[[14.979819356026065,49.96756432472594],[14.979741202403837,49.96755716160239],[14.979669269875169,49.96753624242248],[14.979609284314213,49.96750323236933],[14.97956602058214,49.96746075906477],[14.979542922444892,49.96741220340385],[14.979541828457904,49.96736143042943],[14.979562825634616,49.96731248167086],[14.979604242541454,49.967269253438126],[14.97966278236209,49.96723518667903],[14.979733785333586,49.96721299308588],[14.979811599661389,49.96720443925149],[14.979890031389075,49.96721020605382],[14.979962837417313,49.96722983446035],[14.980024222433876,49.9672617620655],[14.98006930020567,49.96730344745324],[14.980094482518423,49.96735157248722],[14.980097764805935,49.967402306427935],[14.980078885730428,49.967451610855505],[14.980039348006134,49.96749556112736],[14.97998229880207,49.96753065878292],[14.979912279237894,49.96755411002697],[14.979834862909865,49.9675640481226],[14.979819356026065,49.96756432472594]]]}"
2_LC08_191025_20170401_00000000000000000005,E20 E20 E20 B14,0.321336014098212,https://1drv.ms/i/s!AuR4bnS0n2fes6l-CMabXiyK5SOLZA?e=UYJd1D,0.47601909439432405,-0.5275285872616597,46943076,1247382000000,1342076400000,1438671600000,1148540400000,"{""type"":""Polygon"",""coordinates"":[[[15.281794138466477,50.67472870169088],[15.281714813377217,50.674721538566665],[15.281641802632954,50.67470061938495],[15.281580917935639,50.67466760932944],[15.281537005718116,50.67462513602269],[15.281513561364674,50.67457658036044],[15.28151245098724,50.67452580738595],[15.281533762901178,50.674476858628594],[15.281575800617446,50.674433630398],[15.28163521790204,50.67439956364129],[15.28170728514617,50.67437737005001],[15.281786265840893,50.674368816216415],[15.28186587318959,50.674374583018206],[15.281939770516198,50.67439421142304],[15.282002075643087,50.67442613902584],[15.28204782909696,50.67446782441135],[15.282073388878288,50.67451594944389],[15.282076720372164,50.67456668338439],[15.282057558321211,50.67461598781307],[15.282017427962073,50.674659938087004],[15.281959523636102,50.674695035744946],[15.281888454530783,50.674718486990955],[15.28180987778745,50.674728425087494],[15.281794138466477,50.67472870169088]]]}"
2_LC08_191025_20170519_00000000000000000004,E20 E20 E20 B13,0.5700172620926006,https://1drv.ms/i/s!AuR4bnS0n2fes6oD0gSHeVvXvGkuZQ?e=rB7cNL,0.6819539377168347,-0.6300228059162336,46782996,1246518000000,1339311600000,1438844400000,1147676400000,"{""type"":""Polygon"",""coordinates"":[[[14.979819356026065,49.96756432472594],[14.979741202403837,49.96755716160239],[14.979669269875169,49.96753624242248],[14.979609284314213,49.96750323236933],[14.97956602058214,49.96746075906477],[14.979542922444892,49.96741220340385],[14.979541828457904,49.96736143042943],[14.979562825634616,49.96731248167086],[14.979604242541454,49.967269253438126],[14.97966278236209,49.96723518667903],[14.979733785333586,49.96721299308588],[14.979811599661389,49.96720443925149],[14.979890031389075,49.96721020605382],[14.979962837417313,49.96722983446035],[14.980024222433876,49.9672617620655],[14.98006930020567,49.96730344745324],[14.980094482518423,49.96735157248722],[14.980097764805935,49.967402306427935],[14.980078885730428,49.967451610855505],[14.980039348006134,49.96749556112736],[14.97998229880207,49.96753065878292],[14.979912279237894,49.96755411002697],[14.979834862909865,49.9675640481226],[14.979819356026065,49.96756432472594]]]}"
2_LC08_191025_20170519_00000000000000000005,E20 E20 E20 B14,0.5977125974040243,https://1drv.ms/i/s!AuR4bnS0n2fes6l-CMabXiyK5SOLZA?e=UYJd1D,0.8000988311346892,-0.7114264393944043,46943076,1247382000000,1342076400000,1438671600000,1148540400000,"{""type"":""Polygon"",""coordinates"":[[[15.281794138466477,50.67472870169088],[15.281714813377217,50.674721538566665],[15.281641802632954,50.67470061938495],[15.281580917935639,50.67466760932944],[15.281537005718116,50.67462513602269],[15.281513561364674,50.67457658036044],[15.28151245098724,50.67452580738595],[15.281533762901178,50.674476858628594],[15.281575800617446,50.674433630398],[15.28163521790204,50.67439956364129],[15.28170728514617,50.67437737005001],[15.281786265840893,50.674368816216415],[15.28186587318959,50.674374583018206],[15.281939770516198,50.67439421142304],[15.282002075643087,50.67442613902584],[15.28204782909696,50.67446782441135],[15.282073388878288,50.67451594944389],[15.282076720372164,50.67456668338439],[15.282057558321211,50.67461598781307],[15.282017427962073,50.674659938087004],[15.281959523636102,50.674695035744946],[15.281888454530783,50.674718486990955],[15.28180987778745,50.674728425087494],[15.281794138466477,50.67472870169088]]]}"
2_LC08_191025_20170620_00000000000000000004,E20 E20 E20 B13,0.6938656587115116,https://1drv.ms/i/s!AuR4bnS0n2fes6oD0gSHeVvXvGkuZQ?e=rB7cNL,0.8238921379673223,-0.7305907872646336,46782996,1246518000000,1339311600000,1438844400000,1147676400000,"{""type"":""Polygon"",""coordinates"":[[[14.979819356026065,49.96756432472594],[14.979741202403837,49.96755716160239],[14.979669269875169,49.96753624242248],[14.979609284314213,49.96750323236933],[14.97956602058214,49.96746075906477],[14.979542922444892,49.96741220340385],[14.979541828457904,49.96736143042943],[14.979562825634616,49.96731248167086],[14.979604242541454,49.967269253438126],[14.97966278236209,49.96723518667903],[14.979733785333586,49.96721299308588],[14.979811599661389,49.96720443925149],[14.979890031389075,49.96721020605382],[14.979962837417313,49.96722983446035],[14.980024222433876,49.9672617620655],[14.98006930020567,49.96730344745324],[14.980094482518423,49.96735157248722],[14.980097764805935,49.967402306427935],[14.980078885730428,49.967451610855505],[14.980039348006134,49.96749556112736],[14.97998229880207,49.96753065878292],[14.979912279237894,49.96755411002697],[14.979834862909865,49.9675640481226],[14.979819356026065,49.96756432472594]]]}"
2_LC08_191025_20170620_00000000000000000005,E20 E20 E20 B14,0.5847103947009404,https://1drv.ms/i/s!AuR4bnS0n2fes6l-CMabXiyK5SOLZA?e=UYJd1D,0.8085328580445758,-0.7323631973410829,46943076,1247382000000,1342076400000,1438671600000,1148540400000,"{""type"":""Polygon"",""coordinates"":[[[15.281794138466477,50.67472870169088],[15.281714813377217,50.674721538566665],[15.281641802632954,50.67470061938495],[15.281580917935639,50.67466760932944],[15.281537005718116,50.67462513602269],[15.281513561364674,50.67457658036044],[15.28151245098724,50.67452580738595],[15.281533762901178,50.674476858628594],[15.281575800617446,50.674433630398],[15.28163521790204,50.67439956364129],[15.28170728514617,50.67437737005001],[15.281786265840893,50.674368816216415],[15.28186587318959,50.674374583018206],[15.281939770516198,50.67439421142304],[15.282002075643087,50.67442613902584],[15.28204782909696,50.67446782441135],[15.282073388878288,50.67451594944389],[15.282076720372164,50.67456668338439],[15.282057558321211,50.67461598781307],[15.282017427962073,50.674659938087004],[15.281959523636102,50.674695035744946],[15.281888454530783,50.674718486990955],[15.28180987778745,50.674728425087494],[15.281794138466477,50.67472870169088]]]}"
2_LC08_191025_20180420_00000000000000000004,E20 E20 E20 B13,0.5696454292859762,https://1drv.ms/i/s!AuR4bnS0n2fes6oD0gSHeVvXvGkuZQ?e=rB7cNL,0.7817484135859425,-0.7395949105055725,46782996,1246518000000,1339311600000,1438844400000,1147676400000,"{""type"":""Polygon"",""coordinates"":[[[14.979819356026065,49.96756432472594],[14.979741202403837,49.96755716160239],[14.979669269875169,49.96753624242248],[14.979609284314213,49.96750323236933],[14.97956602058214,49.96746075906477],[14.979542922444892,49.96741220340385],[14.979541828457904,49.96736143042943],[14.979562825634616,49.96731248167086],[14.979604242541454,49.967269253438126],[14.97966278236209,49.96723518667903],[14.979733785333586,49.96721299308588],[14.979811599661389,49.96720443925149],[14.979890031389075,49.96721020605382],[14.979962837417313,49.96722983446035],[14.980024222433876,49.9672617620655],[14.98006930020567,49.96730344745324],[14.980094482518423,49.96735157248722],[14.980097764805935,49.967402306427935],[14.980078885730428,49.967451610855505],[14.980039348006134,49.96749556112736],[14.97998229880207,49.96753065878292],[14.979912279237894,49.96755411002697],[14.979834862909865,49.9675640481226],[14.979819356026065,49.96756432472594]]]}"
2_LC08_191025_20180420_00000000000000000005,E20 E20 E20 B14,0.4152805231078455,https://1drv.ms/i/s!AuR4bnS0n2fes6l-CMabXiyK5SOLZA?e=UYJd1D,0.5824767272590068,-0.572638595005963,46943076,1247382000000,1342076400000,1438671600000,1148540400000,"{""type"":""Polygon"",""coordinates"":[[[15.281794138466477,50.67472870169088],[15.281714813377217,50.674721538566665],[15.281641802632954,50.67470061938495],[15.281580917935639,50.67466760932944],[15.281537005718116,50.67462513602269],[15.281513561364674,50.67457658036044],[15.28151245098724,50.67452580738595],[15.281533762901178,50.674476858628594],[15.281575800617446,50.674433630398],[15.28163521790204,50.67439956364129],[15.28170728514617,50.67437737005001],[15.281786265840893,50.674368816216415],[15.28186587318959,50.674374583018206],[15.281939770516198,50.67439421142304],[15.282002075643087,50.67442613902584],[15.28204782909696,50.67446782441135],[15.282073388878288,50.67451594944389],[15.282076720372164,50.67456668338439],[15.282057558321211,50.67461598781307],[15.282017427962073,50.674659938087004],[15.281959523636102,50.674695035744946],[15.281888454530783,50.674718486990955],[15.28180987778745,50.674728425087494],[15.281794138466477,50.67472870169088]]]}"
2_LC08_191025_20181013_00000000000000000004,E20 E20 E20 B13,0.511503952033793,https://1drv.ms/i/s!AuR4bnS0n2fes6oD0gSHeVvXvGkuZQ?e=rB7cNL,0.6537543410769978,-0.6482501346776796,46782996,1246518000000,1339311600000,1438844400000,1147676400000,"{""type"":""Polygon"",""coordinates"":[[[14.979819356026065,49.96756432472594],[14.979741202403837,49.96755716160239],[14.979669269875169,49.96753624242248],[14.979609284314213,49.96750323236933],[14.97956602058214,49.96746075906477],[14.979542922444892,49.96741220340385],[14.979541828457904,49.96736143042943],[14.979562825634616,49.96731248167086],[14.979604242541454,49.967269253438126],[14.97966278236209,49.96723518667903],[14.979733785333586,49.96721299308588],[14.979811599661389,49.96720443925149],[14.979890031389075,49.96721020605382],[14.979962837417313,49.96722983446035],[14.980024222433876,49.9672617620655],[14.98006930020567,49.96730344745324],[14.980094482518423,49.96735157248722],[14.980097764805935,49.967402306427935],[14.980078885730428,49.967451610855505],[14.980039348006134,49.96749556112736],[14.97998229880207,49.96753065878292],[14.979912279237894,49.96755411002697],[14.979834862909865,49.9675640481226],[14.979819356026065,49.96756432472594]]]}"
2_LC08_191025_20181013_00000000000000000005,E20 E20 E20 B14,0.3551311128549152,https://1drv.ms/i/s!AuR4bnS0n2fes6l-CMabXiyK5SOLZA?e=UYJd1D,0.5902603174536071,-0.5989472062103806,46943076,1247382000000,1342076400000,1438671600000,1148540400000,"{""type"":""Polygon"",""coordinates"":[[[15.281794138466477,50.67472870169088],[15.281714813377217,50.674721538566665],[15.281641802632954,50.67470061938495],[15.281580917935639,50.67466760932944],[15.281537005718116,50.67462513602269],[15.281513561364674,50.67457658036044],[15.28151245098724,50.67452580738595],[15.281533762901178,50.674476858628594],[15.281575800617446,50.674433630398],[15.28163521790204,50.67439956364129],[15.28170728514617,50.67437737005001],[15.281786265840893,50.674368816216415],[15.28186587318959,50.674374583018206],[15.281939770516198,50.67439421142304],[15.282002075643087,50.67442613902584],[15.28204782909696,50.67446782441135],[15.282073388878288,50.67451594944389],[15.282076720372164,50.67456668338439],[15.282057558321211,50.67461598781307],[15.282017427962073,50.674659938087004],[15.281959523636102,50.674695035744946],[15.281888454530783,50.674718486990955],[15.28180987778745,50.674728425087494],[15.281794138466477,50.67472870169088]]]}"
2_LC08_191025_20190218_00000000000000000004,E20 E20 E20 B13,0.17476532414282478,https://1drv.ms/i/s!AuR4bnS0n2fes6oD0gSHeVvXvGkuZQ?e=rB7cNL,0.3154492241357958,-0.40670120665873033,46782996,1246518000000,1339311600000,1438844400000,1147676400000,"{""type"":""Polygon"",""coordinates"":[[[14.979819356026065,49.96756432472594],[14.979741202403837,49.96755716160239],[14.979669269875169,49.96753624242248],[14.979609284314213,49.96750323236933],[14.97956602058214,49.96746075906477],[14.979542922444892,49.96741220340385],[14.979541828457904,49.96736143042943],[14.979562825634616,49.96731248167086],[14.979604242541454,49.967269253438126],[14.97966278236209,49.96723518667903],[14.979733785333586,49.96721299308588],[14.979811599661389,49.96720443925149],[14.979890031389075,49.96721020605382],[14.979962837417313,49.96722983446035],[14.980024222433876,49.9672617620655],[14.98006930020567,49.96730344745324],[14.980094482518423,49.96735157248722],[14.980097764805935,49.967402306427935],[14.980078885730428,49.967451610855505],[14.980039348006134,49.96749556112736],[14.97998229880207,49.96753065878292],[14.979912279237894,49.96755411002697],[14.979834862909865,49.9675640481226],[14.979819356026065,49.96756432472594]]]}"
2_LC08_191025_20190218_00000000000000000005,E20 E20 E20 B14,-0.4610243786445222,https://1drv.ms/i/s!AuR4bnS0n2fes6l-CMabXiyK5SOLZA?e=UYJd1D,-0.09271439939230365,0.07163740719102207,46943076,1247382000000,1342076400000,1438671600000,1148540400000,"{""type"":""Polygon"",""coordinates"":[[[15.281794138466477,50.67472870169088],[15.281714813377217,50.674721538566665],[15.281641802632954,50.67470061938495],[15.281580917935639,50.67466760932944],[15.281537005718116,50.67462513602269],[15.281513561364674,50.67457658036044],[15.28151245098724,50.67452580738595],[15.281533762901178,50.674476858628594],[15.281575800617446,50.674433630398],[15.28163521790204,50.67439956364129],[15.28170728514617,50.67437737005001],[15.281786265840893,50.674368816216415],[15.28186587318959,50.674374583018206],[15.281939770516198,50.67439421142304],[15.282002075643087,50.67442613902584],[15.28204782909696,50.67446782441135],[15.282073388878288,50.67451594944389],[15.282076720372164,50.67456668338439],[15.282057558321211,50.67461598781307],[15.282017427962073,50.674659938087004],[15.281959523636102,50.674695035744946],[15.281888454530783,50.674718486990955],[15.28180987778745,50.674728425087494],[15.281794138466477,50.67472870169088]]]}"
2_LC08_191025_20190626_00000000000000000004,E20 E20 E20 B13,0.48799977676772766,https://1drv.ms/i/s!AuR4bnS0n2fes6oD0gSHeVvXvGkuZQ?e=rB7cNL,0.6915551775049023,-0.6579083157050207,46782996,1246518000000,1339311600000,1438844400000,1147676400000,"{""type"":""Polygon"",""coordinates"":[[[14.979819356026065,49.96756432472594],[14.979741202403837,49.96755716160239],[14.979669269875169,49.96753624242248],[14.979609284314213,49.96750323236933],[14.97956602058214,49.96746075906477],[14.979542922444892,49.96741220340385],[14.979541828457904,49.96736143042943],[14.979562825634616,49.96731248167086],[14.979604242541454,49.967269253438126],[14.97966278236209,49.96723518667903],[14.979733785333586,49.96721299308588],[14.979811599661389,49.96720443925149],[14.979890031389075,49.96721020605382],[14.979962837417313,49.96722983446035],[14.980024222433876,49.9672617620655],[14.98006930020567,49.96730344745324],[14.980094482518423,49.96735157248722],[14.980097764805935,49.967402306427935],[14.980078885730428,49.967451610855505],[14.980039348006134,49.96749556112736],[14.97998229880207,49.96753065878292],[14.979912279237894,49.96755411002697],[14.979834862909865,49.9675640481226],[14.979819356026065,49.96756432472594]]]}"
2_LC08_191025_20190626_00000000000000000005,E20 E20 E20 B14,0.4570197288881102,https://1drv.ms/i/s!AuR4bnS0n2fes6l-CMabXiyK5SOLZA?e=UYJd1D,0.6540851991450608,-0.6222006951659907,46943076,1247382000000,1342076400000,1438671600000,1148540400000,"{""type"":""Polygon"",""coordinates"":[[[15.281794138466477,50.67472870169088],[15.281714813377217,50.674721538566665],[15.281641802632954,50.67470061938495],[15.281580917935639,50.67466760932944],[15.281537005718116,50.67462513602269],[15.281513561364674,50.67457658036044],[15.28151245098724,50.67452580738595],[15.281533762901178,50.674476858628594],[15.281575800617446,50.674433630398],[15.28163521790204,50.67439956364129],[15.28170728514617,50.67437737005001],[15.281786265840893,50.674368816216415],[15.28186587318959,50.674374583018206],[15.281939770516198,50.67439421142304],[15.282002075643087,50.67442613902584],[15.28204782909696,50.67446782441135],[15.282073388878288,50.67451594944389],[15.282076720372164,50.67456668338439],[15.282057558321211,50.67461598781307],[15.282017427962073,50.674659938087004],[15.281959523636102,50.674695035744946],[15.281888454530783,50.674718486990955],[15.28180987778745,50.674728425087494],[15.281794138466477,50.67472870169088]]]}"
2_LC08_191025_20200324_00000000000000000004,E20 E20 E20 B13,0.2388731306928532,https://1drv.ms/i/s!AuR4bnS0n2fes6oD0gSHeVvXvGkuZQ?e=rB7cNL,0.4032948805309178,-0.4698651654742552,46782996,1246518000000,1339311600000,1438844400000,1147676400000,"{""type"":""Polygon"",""coordinates"":[[[14.979819356026065,49.96756432472594],[14.979741202403837,49.96755716160239],[14.979669269875169,49.96753624242248],[14.979609284314213,49.96750323236933],[14.97956602058214,49.96746075906477],[14.979542922444892,49.96741220340385],[14.979541828457904,49.96736143042943],[14.979562825634616,49.96731248167086],[14.979604242541454,49.967269253438126],[14.97966278236209,49.96723518667903],[14.979733785333586,49.96721299308588],[14.979811599661389,49.96720443925149],[14.979890031389075,49.96721020605382],[14.979962837417313,49.96722983446035],[14.980024222433876,49.9672617620655],[14.98006930020567,49.96730344745324],[14.980094482518423,49.96735157248722],[14.980097764805935,49.967402306427935],[14.980078885730428,49.967451610855505],[14.980039348006134,49.96749556112736],[14.97998229880207,49.96753065878292],[14.979912279237894,49.96755411002697],[14.979834862909865,49.9675640481226],[14.979819356026065,49.96756432472594]]]}"
2_LC08_191025_20200324_00000000000000000005,E20 E20 E20 B14,0.24494972744114396,https://1drv.ms/i/s!AuR4bnS0n2fes6l-CMabXiyK5SOLZA?e=UYJd1D,0.43923745112306145,-0.5017838556904816,46943076,1247382000000,1342076400000,1438671600000,1148540400000,"{""type"":""Polygon"",""coordinates"":[[[15.281794138466477,50.67472870169088],[15.281714813377217,50.674721538566665],[15.281641802632954,50.67470061938495],[15.281580917935639,50.67466760932944],[15.281537005718116,50.67462513602269],[15.281513561364674,50.67457658036044],[15.28151245098724,50.67452580738595],[15.281533762901178,50.674476858628594],[15.281575800617446,50.674433630398],[15.28163521790204,50.67439956364129],[15.28170728514617,50.67437737005001],[15.281786265840893,50.674368816216415],[15.28186587318959,50.674374583018206],[15.281939770516198,50.67439421142304],[15.282002075643087,50.67442613902584],[15.28204782909696,50.67446782441135],[15.282073388878288,50.67451594944389],[15.282076720372164,50.67456668338439],[15.282057558321211,50.67461598781307],[15.282017427962073,50.674659938087004],[15.281959523636102,50.674695035744946],[15.281888454530783,50.674718486990955],[15.28180987778745,50.674728425087494],[15.281794138466477,50.67472870169088]]]}"
2_LC08_191025_20200409_00000000000000000004,E20 E20 E20 B13,0.3241922486648541,https://1drv.ms/i/s!AuR4bnS0n2fes6oD0gSHeVvXvGkuZQ?e=rB7cNL,0.46530848591801327,-0.4999510898717476,46782996,1246518000000,1339311600000,1438844400000,1147676400000,"{""type"":""Polygon"",""coordinates"":[[[14.979819356026065,49.96756432472594],[14.979741202403837,49.96755716160239],[14.979669269875169,49.96753624242248],[14.979609284314213,49.96750323236933],[14.97956602058214,49.96746075906477],[14.979542922444892,49.96741220340385],[14.979541828457904,49.96736143042943],[14.979562825634616,49.96731248167086],[14.979604242541454,49.967269253438126],[14.97966278236209,49.96723518667903],[14.979733785333586,49.96721299308588],[14.979811599661389,49.96720443925149],[14.979890031389075,49.96721020605382],[14.979962837417313,49.96722983446035],[14.980024222433876,49.9672617620655],[14.98006930020567,49.96730344745324],[14.980094482518423,49.96735157248722],[14.980097764805935,49.967402306427935],[14.980078885730428,49.967451610855505],[14.980039348006134,49.96749556112736],[14.97998229880207,49.96753065878292],[14.979912279237894,49.96755411002697],[14.979834862909865,49.9675640481226],[14.979819356026065,49.96756432472594]]]}"
2_LC08_191025_20200409_00000000000000000005,E20 E20 E20 B14,0.28647900213009764,https://1drv.ms/i/s!AuR4bnS0n2fes6l-CMabXiyK5SOLZA?e=UYJd1D,0.4677129227625351,-0.5201444229123928,46943076,1247382000000,1342076400000,1438671600000,1148540400000,"{""type"":""Polygon"",""coordinates"":[[[15.281794138466477,50.67472870169088],[15.281714813377217,50.674721538566665],[15.281641802632954,50.67470061938495],[15.281580917935639,50.67466760932944],[15.281537005718116,50.67462513602269],[15.281513561364674,50.67457658036044],[15.28151245098724,50.67452580738595],[15.281533762901178,50.674476858628594],[15.281575800617446,50.674433630398],[15.28163521790204,50.67439956364129],[15.28170728514617,50.67437737005001],[15.281786265840893,50.674368816216415],[15.28186587318959,50.674374583018206],[15.281939770516198,50.67439421142304],[15.282002075643087,50.67442613902584],[15.28204782909696,50.67446782441135],[15.282073388878288,50.67451594944389],[15.282076720372164,50.67456668338439],[15.282057558321211,50.67461598781307],[15.282017427962073,50.674659938087004],[15.281959523636102,50.674695035744946],[15.281888454530783,50.674718486990955],[15.28180987778745,50.674728425087494],[15.281794138466477,50.67472870169088]]]}"
2_LC08_191025_20200714_00000000000000000004,E20 E20 E20 B13,0.4968078780950809,https://1drv.ms/i/s!AuR4bnS0n2fes6oD0gSHeVvXvGkuZQ?e=rB7cNL,0.697298656585134,-0.6672287897376832,46782996,1246518000000,1339311600000,1438844400000,1147676400000,"{""type"":""Polygon"",""coordinates"":[[[14.979819356026065,49.96756432472594],[14.979741202403837,49.96755716160239],[14.979669269875169,49.96753624242248],[14.979609284314213,49.96750323236933],[14.97956602058214,49.96746075906477],[14.979542922444892,49.96741220340385],[14.979541828457904,49.96736143042943],[14.979562825634616,49.96731248167086],[14.979604242541454,49.967269253438126],[14.97966278236209,49.96723518667903],[14.979733785333586,49.96721299308588],[14.979811599661389,49.96720443925149],[14.979890031389075,49.96721020605382],[14.979962837417313,49.96722983446035],[14.980024222433876,49.9672617620655],[14.98006930020567,49.96730344745324],[14.980094482518423,49.96735157248722],[14.980097764805935,49.967402306427935],[14.980078885730428,49.967451610855505],[14.980039348006134,49.96749556112736],[14.97998229880207,49.96753065878292],[14.979912279237894,49.96755411002697],[14.979834862909865,49.9675640481226],[14.979819356026065,49.96756432472594]]]}"
2_LC08_191025_20200730_00000000000000000004,E20 E20 E20 B13,0.399277710079351,https://1drv.ms/i/s!AuR4bnS0n2fes6oD0gSHeVvXvGkuZQ?e=rB7cNL,0.6094035380857683,-0.6329045602073011,46782996,1246518000000,1339311600000,1438844400000,1147676400000,"{""type"":""Polygon"",""coordinates"":[[[14.979819356026065,49.96756432472594],[14.979741202403837,49.96755716160239],[14.979669269875169,49.96753624242248],[14.979609284314213,49.96750323236933],[14.97956602058214,49.96746075906477],[14.979542922444892,49.96741220340385],[14.979541828457904,49.96736143042943],[14.979562825634616,49.96731248167086],[14.979604242541454,49.967269253438126],[14.97966278236209,49.96723518667903],[14.979733785333586,49.96721299308588],[14.979811599661389,49.96720443925149],[14.979890031389075,49.96721020605382],[14.979962837417313,49.96722983446035],[14.980024222433876,49.9672617620655],[14.98006930020567,49.96730344745324],[14.980094482518423,49.96735157248722],[14.980097764805935,49.967402306427935],[14.980078885730428,49.967451610855505],[14.980039348006134,49.96749556112736],[14.97998229880207,49.96753065878292],[14.979912279237894,49.96755411002697],[14.979834862909865,49.9675640481226],[14.979819356026065,49.96756432472594]]]}"
2_LC08_191025_20200730_00000000000000000005,E20 E20 E20 B14,0.5786314703907439,https://1drv.ms/i/s!AuR4bnS0n2fes6l-CMabXiyK5SOLZA?e=UYJd1D,0.7964895420896796,-0.7149025356227022,46943076,1247382000000,1342076400000,1438671600000,1148540400000,"{""type"":""Polygon"",""coordinates"":[[[15.281794138466477,50.67472870169088],[15.281714813377217,50.674721538566665],[15.281641802632954,50.67470061938495],[15.281580917935639,50.67466760932944],[15.281537005718116,50.67462513602269],[15.281513561364674,50.67457658036044],[15.28151245098724,50.67452580738595],[15.281533762901178,50.674476858628594],[15.281575800617446,50.674433630398],[15.28163521790204,50.67439956364129],[15.28170728514617,50.67437737005001],[15.281786265840893,50.674368816216415],[15.28186587318959,50.674374583018206],[15.281939770516198,50.67439421142304],[15.282002075643087,50.67442613902584],[15.28204782909696,50.67446782441135],[15.282073388878288,50.67451594944389],[15.282076720372164,50.67456668338439],[15.282057558321211,50.67461598781307],[15.282017427962073,50.674659938087004],[15.281959523636102,50.674695035744946],[15.281888454530783,50.674718486990955],[15.28180987778745,50.674728425087494],[15.281794138466477,50.67472870169088]]]}"
2_LC08_191025_20200916_00000000000000000004,E20 E20 E20 B13,0.26184469436448177,https://1drv.ms/i/s!AuR4bnS0n2fes6oD0gSHeVvXvGkuZQ?e=rB7cNL,0.4377257785534155,-0.48391032859393207,46782996,1246518000000,1339311600000,1438844400000,1147676400000,"{""type"":""Polygon"",""coordinates"":[[[14.979819356026065,49.96756432472594],[14.979741202403837,49.96755716160239],[14.979669269875169,49.96753624242248],[14.979609284314213,49.96750323236933],[14.97956602058214,49.96746075906477],[14.979542922444892,49.96741220340385],[14.979541828457904,49.96736143042943],[14.979562825634616,49.96731248167086],[14.979604242541454,49.967269253438126],[14.97966278236209,49.96723518667903],[14.979733785333586,49.96721299308588],[14.979811599661389,49.96720443925149],[14.979890031389075,49.96721020605382],[14.979962837417313,49.96722983446035],[14.980024222433876,49.9672617620655],[14.98006930020567,49.96730344745324],[14.980094482518423,49.96735157248722],[14.980097764805935,49.967402306427935],[14.980078885730428,49.967451610855505],[14.980039348006134,49.96749556112736],[14.97998229880207,49.96753065878292],[14.979912279237894,49.96755411002697],[14.979834862909865,49.9675640481226],[14.979819356026065,49.96756432472594]]]}"
2_LC08_192024_20140907_00000000000000000005,E20 E20 E20 B14,0.4904748810775749,https://1drv.ms/i/s!AuR4bnS0n2fes6l-CMabXiyK5SOLZA?e=UYJd1D,0.7423048603407609,-0.6808904465244453,46943076,1247382000000,1342076400000,1438671600000,1148540400000,"{""type"":""Polygon"",""coordinates"":[[[15.281794138466477,50.67472870169088],[15.281714813377217,50.674721538566665],[15.281641802632954,50.67470061938495],[15.281580917935639,50.67466760932944],[15.281537005718116,50.67462513602269],[15.281513561364674,50.67457658036044],[15.28151245098724,50.67452580738595],[15.281533762901178,50.674476858628594],[15.281575800617446,50.674433630398],[15.28163521790204,50.67439956364129],[15.28170728514617,50.67437737005001],[15.281786265840893,50.674368816216415],[15.28186587318959,50.674374583018206],[15.281939770516198,50.67439421142304],[15.282002075643087,50.67442613902584],[15.28204782909696,50.67446782441135],[15.282073388878288,50.67451594944389],[15.282076720372164,50.67456668338439],[15.282057558321211,50.67461598781307],[15.282017427962073,50.674659938087004],[15.281959523636102,50.674695035744946],[15.281888454530783,50.674718486990955],[15.28180987778745,50.674728425087494],[15.281794138466477,50.67472870169088]]]}"
2_LC08_192024_20151012_00000000000000000005,E20 E20 E20 B14,0.5437948079455113,https://1drv.ms/i/s!AuR4bnS0n2fes6l-CMabXiyK5SOLZA?e=UYJd1D,0.7814080287261131,-0.7228797285052584,46943076,1247382000000,1342076400000,1438671600000,1148540400000,"{""type"":""Polygon"",""coordinates"":[[[15.281794138466477,50.67472870169088],[15.281714813377217,50.674721538566665],[15.281641802632954,50.67470061938495],[15.281580917935639,50.67466760932944],[15.281537005718116,50.67462513602269],[15.281513561364674,50.67457658036044],[15.28151245098724,50.67452580738595],[15.281533762901178,50.674476858628594],[15.281575800617446,50.674433630398],[15.28163521790204,50.67439956364129],[15.28170728514617,50.67437737005001],[15.281786265840893,50.674368816216415],[15.28186587318959,50.674374583018206],[15.281939770516198,50.67439421142304],[15.282002075643087,50.67442613902584],[15.28204782909696,50.67446782441135],[15.282073388878288,50.67451594944389],[15.282076720372164,50.67456668338439],[15.282057558321211,50.67461598781307],[15.282017427962073,50.674659938087004],[15.281959523636102,50.674695035744946],[15.281888454530783,50.674718486990955],[15.28180987778745,50.674728425087494],[15.281794138466477,50.67472870169088]]]}"
2_LC08_192024_20160608_00000000000000000005,E20 E20 E20 B14,0.3410664856871819,https://1drv.ms/i/s!AuR4bnS0n2fes6l-CMabXiyK5SOLZA?e=UYJd1D,0.5719012768711396,-0.5937165526543333,46943076,1247382000000,1342076400000,1438671600000,1148540400000,"{""type"":""Polygon"",""coordinates"":[[[15.281794138466477,50.67472870169088],[15.281714813377217,50.674721538566665],[15.281641802632954,50.67470061938495],[15.281580917935639,50.67466760932944],[15.281537005718116,50.67462513602269],[15.281513561364674,50.67457658036044],[15.28151245098724,50.67452580738595],[15.281533762901178,50.674476858628594],[15.281575800617446,50.674433630398],[15.28163521790204,50.67439956364129],[15.28170728514617,50.67437737005001],[15.281786265840893,50.674368816216415],[15.28186587318959,50.674374583018206],[15.281939770516198,50.67439421142304],[15.282002075643087,50.67442613902584],[15.28204782909696,50.67446782441135],[15.282073388878288,50.67451594944389],[15.282076720372164,50.67456668338439],[15.282057558321211,50.67461598781307],[15.282017427962073,50.674659938087004],[15.281959523636102,50.674695035744946],[15.281888454530783,50.674718486990955],[15.28180987778745,50.674728425087494],[15.281794138466477,50.67472870169088]]]}"
2_LC08_192024_20160624_00000000000000000005,E20 E20 E20 B14,0.48978141555322285,https://1drv.ms/i/s!AuR4bnS0n2fes6l-CMabXiyK5SOLZA?e=UYJd1D,0.7729305398046497,-0.7117137417050933,46943076,1247382000000,1342076400000,1438671600000,1148540400000,"{""type"":""Polygon"",""coordinates"":[[[15.281794138466477,50.67472870169088],[15.281714813377217,50.674721538566665],[15.281641802632954,50.67470061938495],[15.281580917935639,50.67466760932944],[15.281537005718116,50.67462513602269],[15.281513561364674,50.67457658036044],[15.28151245098724,50.67452580738595],[15.281533762901178,50.674476858628594],[15.281575800617446,50.674433630398],[15.28163521790204,50.67439956364129],[15.28170728514617,50.67437737005001],[15.281786265840893,50.674368816216415],[15.28186587318959,50.674374583018206],[15.281939770516198,50.67439421142304],[15.282002075643087,50.67442613902584],[15.28204782909696,50.67446782441135],[15.282073388878288,50.67451594944389],[15.282076720372164,50.67456668338439],[15.282057558321211,50.67461598781307],[15.282017427962073,50.674659938087004],[15.281959523636102,50.674695035744946],[15.281888454530783,50.674718486990955],[15.28180987778745,50.674728425087494],[15.281794138466477,50.67472870169088]]]}"
2_LC08_192024_20160827_00000000000000000005,E20 E20 E20 B14,0.5599355401874533,https://1drv.ms/i/s!AuR4bnS0n2fes6l-CMabXiyK5SOLZA?e=UYJd1D,0.8469093698825464,-0.7770101535238536,46943076,1247382000000,1342076400000,1438671600000,1148540400000,"{""type"":""Polygon"",""coordinates"":[[[15.281794138466477,50.67472870169088],[15.281714813377217,50.674721538566665],[15.281641802632954,50.67470061938495],[15.281580917935639,50.67466760932944],[15.281537005718116,50.67462513602269],[15.281513561364674,50.67457658036044],[15.28151245098724,50.67452580738595],[15.281533762901178,50.674476858628594],[15.281575800617446,50.674433630398],[15.28163521790204,50.67439956364129],[15.28170728514617,50.67437737005001],[15.281786265840893,50.674368816216415],[15.28186587318959,50.674374583018206],[15.281939770516198,50.67439421142304],[15.282002075643087,50.67442613902584],[15.28204782909696,50.67446782441135],[15.282073388878288,50.67451594944389],[15.282076720372164,50.67456668338439],[15.282057558321211,50.67461598781307],[15.282017427962073,50.674659938087004],[15.281959523636102,50.674695035744946],[15.281888454530783,50.674718486990955],[15.28180987778745,50.674728425087494],[15.281794138466477,50.67472870169088]]]}"
2_LC08_192024_20160912_00000000000000000005,E20 E20 E20 B14,0.4293385230526669,https://1drv.ms/i/s!AuR4bnS0n2fes6l-CMabXiyK5SOLZA?e=UYJd1D,0.6501023599339504,-0.6433047697824712,46943076,1247382000000,1342076400000,1438671600000,1148540400000,"{""type"":""Polygon"",""coordinates"":[[[15.281794138466477,50.67472870169088],[15.281714813377217,50.674721538566665],[15.281641802632954,50.67470061938495],[15.281580917935639,50.67466760932944],[15.281537005718116,50.67462513602269],[15.281513561364674,50.67457658036044],[15.28151245098724,50.67452580738595],[15.281533762901178,50.674476858628594],[15.281575800617446,50.674433630398],[15.28163521790204,50.67439956364129],[15.28170728514617,50.67437737005001],[15.281786265840893,50.674368816216415],[15.28186587318959,50.674374583018206],[15.281939770516198,50.67439421142304],[15.282002075643087,50.67442613902584],[15.28204782909696,50.67446782441135],[15.282073388878288,50.67451594944389],[15.282076720372164,50.67456668338439],[15.282057558321211,50.67461598781307],[15.282017427962073,50.674659938087004],[15.281959523636102,50.674695035744946],[15.281888454530783,50.674718486990955],[15.28180987778745,50.674728425087494],[15.281794138466477,50.67472870169088]]]}"
2_LC08_192024_20170611_00000000000000000005,E20 E20 E20 B14,0.6783836186799179,https://1drv.ms/i/s!AuR4bnS0n2fes6l-CMabXiyK5SOLZA?e=UYJd1D,0.8364791805144876,-0.7574986956331805,46943076,1247382000000,1342076400000,1438671600000,1148540400000,"{""type"":""Polygon"",""coordinates"":[[[15.281794138466477,50.67472870169088],[15.281714813377217,50.674721538566665],[15.281641802632954,50.67470061938495],[15.281580917935639,50.67466760932944],[15.281537005718116,50.67462513602269],[15.281513561364674,50.67457658036044],[15.28151245098724,50.67452580738595],[15.281533762901178,50.674476858628594],[15.281575800617446,50.674433630398],[15.28163521790204,50.67439956364129],[15.28170728514617,50.67437737005001],[15.281786265840893,50.674368816216415],[15.28186587318959,50.674374583018206],[15.281939770516198,50.67439421142304],[15.282002075643087,50.67442613902584],[15.28204782909696,50.67446782441135],[15.282073388878288,50.67451594944389],[15.282076720372164,50.67456668338439],[15.282057558321211,50.67461598781307],[15.282017427962073,50.674659938087004],[15.281959523636102,50.674695035744946],[15.281888454530783,50.674718486990955],[15.28180987778745,50.674728425087494],[15.281794138466477,50.67472870169088]]]}"
2_LC08_192024_20170830_00000000000000000005,E20 E20 E20 B14,0.6141027755077718,https://1drv.ms/i/s!AuR4bnS0n2fes6l-CMabXiyK5SOLZA?e=UYJd1D,0.8537232257810882,-0.7621749898597683,46943076,1247382000000,1342076400000,1438671600000,1148540400000,"{""type"":""Polygon"",""coordinates"":[[[15.281794138466477,50.67472870169088],[15.281714813377217,50.674721538566665],[15.281641802632954,50.67470061938495],[15.281580917935639,50.67466760932944],[15.281537005718116,50.67462513602269],[15.281513561364674,50.67457658036044],[15.28151245098724,50.67452580738595],[15.281533762901178,50.674476858628594],[15.281575800617446,50.674433630398],[15.28163521790204,50.67439956364129],[15.28170728514617,50.67437737005001],[15.281786265840893,50.674368816216415],[15.28186587318959,50.674374583018206],[15.281939770516198,50.67439421142304],[15.282002075643087,50.67442613902584],[15.28204782909696,50.67446782441135],[15.282073388878288,50.67451594944389],[15.282076720372164,50.67456668338439],[15.282057558321211,50.67461598781307],[15.282017427962073,50.674659938087004],[15.281959523636102,50.674695035744946],[15.281888454530783,50.674718486990955],[15.28180987778745,50.674728425087494],[15.281794138466477,50.67472870169088]]]}"
2_LC08_192024_20180206_00000000000000000005,E20 E20 E20 B14,0.2811687379649022,https://1drv.ms/i/s!AuR4bnS0n2fes6l-CMabXiyK5SOLZA?e=UYJd1D,0.4292244341387153,-0.4938846899939835,46943076,1247382000000,1342076400000,1438671600000,1148540400000,"{""type"":""Polygon"",""coordinates"":[[[15.281794138466477,50.67472870169088],[15.281714813377217,50.674721538566665],[15.281641802632954,50.67470061938495],[15.281580917935639,50.67466760932944],[15.281537005718116,50.67462513602269],[15.281513561364674,50.67457658036044],[15.28151245098724,50.67452580738595],[15.281533762901178,50.674476858628594],[15.281575800617446,50.674433630398],[15.28163521790204,50.67439956364129],[15.28170728514617,50.67437737005001],[15.281786265840893,50.674368816216415],[15.28186587318959,50.674374583018206],[15.281939770516198,50.67439421142304],[15.282002075643087,50.67442613902584],[15.28204782909696,50.67446782441135],[15.282073388878288,50.67451594944389],[15.282076720372164,50.67456668338439],[15.282057558321211,50.67461598781307],[15.282017427962073,50.674659938087004],[15.281959523636102,50.674695035744946],[15.281888454530783,50.674718486990955],[15.28180987778745,50.674728425087494],[15.281794138466477,50.67472870169088]]]}"
2_LC08_192024_20180801_00000000000000000005,E20 E20 E20 B14,0.44225594072768043,https://1drv.ms/i/s!AuR4bnS0n2fes6l-CMabXiyK5SOLZA?e=UYJd1D,0.6816741642114065,-0.6585290739658344,46943076,1247382000000,1342076400000,1438671600000,1148540400000,"{""type"":""Polygon"",""coordinates"":[[[15.281794138466477,50.67472870169088],[15.281714813377217,50.674721538566665],[15.281641802632954,50.67470061938495],[15.281580917935639,50.67466760932944],[15.281537005718116,50.67462513602269],[15.281513561364674,50.67457658036044],[15.28151245098724,50.67452580738595],[15.281533762901178,50.674476858628594],[15.281575800617446,50.674433630398],[15.28163521790204,50.67439956364129],[15.28170728514617,50.67437737005001],[15.281786265840893,50.674368816216415],[15.28186587318959,50.674374583018206],[15.281939770516198,50.67439421142304],[15.282002075643087,50.67442613902584],[15.28204782909696,50.67446782441135],[15.282073388878288,50.67451594944389],[15.282076720372164,50.67456668338439],[15.282057558321211,50.67461598781307],[15.282017427962073,50.674659938087004],[15.281959523636102,50.674695035744946],[15.281888454530783,50.674718486990955],[15.28180987778745,50.674728425087494],[15.281794138466477,50.67472870169088]]]}"
2_LC08_192024_20180817_00000000000000000005,E20 E20 E20 B14,0.35342772068554607,https://1drv.ms/i/s!AuR4bnS0n2fes6l-CMabXiyK5SOLZA?e=UYJd1D,0.5758137997029169,-0.5916660123367729,46943076,1247382000000,1342076400000,1438671600000,1148540400000,"{""type"":""Polygon"",""coordinates"":[[[15.281794138466477,50.67472870169088],[15.281714813377217,50.674721538566665],[15.281641802632954,50.67470061938495],[15.281580917935639,50.67466760932944],[15.281537005718116,50.67462513602269],[15.281513561364674,50.67457658036044],[15.28151245098724,50.67452580738595],[15.281533762901178,50.674476858628594],[15.281575800617446,50.674433630398],[15.28163521790204,50.67439956364129],[15.28170728514617,50.67437737005001],[15.281786265840893,50.674368816216415],[15.28186587318959,50.674374583018206],[15.281939770516198,50.67439421142304],[15.282002075643087,50.67442613902584],[15.28204782909696,50.67446782441135],[15.282073388878288,50.67451594944389],[15.282076720372164,50.67456668338439],[15.282057558321211,50.67461598781307],[15.282017427962073,50.674659938087004],[15.281959523636102,50.674695035744946],[15.281888454530783,50.674718486990955],[15.28180987778745,50.674728425087494],[15.281794138466477,50.67472870169088]]]}"
2_LC08_192024_20180918_00000000000000000005,E20 E20 E20 B14,0.2951920162559643,https://1drv.ms/i/s!AuR4bnS0n2fes6l-CMabXiyK5SOLZA?e=UYJd1D,0.5219041847468487,-0.5598618056194391,46943076,1247382000000,1342076400000,1438671600000,1148540400000,"{""type"":""Polygon"",""coordinates"":[[[15.281794138466477,50.67472870169088],[15.281714813377217,50.674721538566665],[15.281641802632954,50.67470061938495],[15.281580917935639,50.67466760932944],[15.281537005718116,50.67462513602269],[15.281513561364674,50.67457658036044],[15.28151245098724,50.67452580738595],[15.281533762901178,50.674476858628594],[15.281575800617446,50.674433630398],[15.28163521790204,50.67439956364129],[15.28170728514617,50.67437737005001],[15.281786265840893,50.674368816216415],[15.28186587318959,50.674374583018206],[15.281939770516198,50.67439421142304],[15.282002075643087,50.67442613902584],[15.28204782909696,50.67446782441135],[15.282073388878288,50.67451594944389],[15.282076720372164,50.67456668338439],[15.282057558321211,50.67461598781307],[15.282017427962073,50.674659938087004],[15.281959523636102,50.674695035744946],[15.281888454530783,50.674718486990955],[15.28180987778745,50.674728425087494],[15.281794138466477,50.67472870169088]]]}"
2_LC08_192024_20190225_00000000000000000005,E20 E20 E20 B14,-0.47091993504323326,https://1drv.ms/i/s!AuR4bnS0n2fes6l-CMabXiyK5SOLZA?e=UYJd1D,-0.09432682285935816,0.07587435126151712,46943076,1247382000000,1342076400000,1438671600000,1148540400000,"{""type"":""Polygon"",""coordinates"":[[[15.281794138466477,50.67472870169088],[15.281714813377217,50.674721538566665],[15.281641802632954,50.67470061938495],[15.281580917935639,50.67466760932944],[15.281537005718116,50.67462513602269],[15.281513561364674,50.67457658036044],[15.28151245098724,50.67452580738595],[15.281533762901178,50.674476858628594],[15.281575800617446,50.674433630398],[15.28163521790204,50.67439956364129],[15.28170728514617,50.67437737005001],[15.281786265840893,50.674368816216415],[15.28186587318959,50.674374583018206],[15.281939770516198,50.67439421142304],[15.282002075643087,50.67442613902584],[15.28204782909696,50.67446782441135],[15.282073388878288,50.67451594944389],[15.282076720372164,50.67456668338439],[15.282057558321211,50.67461598781307],[15.282017427962073,50.674659938087004],[15.281959523636102,50.674695035744946],[15.281888454530783,50.674718486990955],[15.28180987778745,50.674728425087494],[15.281794138466477,50.67472870169088]]]}"
2_LC08_192024_20190430_00000000000000000005,E20 E20 E20 B14,0.4752760540999469,https://1drv.ms/i/s!AuR4bnS0n2fes6l-CMabXiyK5SOLZA?e=UYJd1D,0.6892230611567194,-0.6437435793529532,46943076,1247382000000,1342076400000,1438671600000,1148540400000,"{""type"":""Polygon"",""coordinates"":[[[15.281794138466477,50.67472870169088],[15.281714813377217,50.674721538566665],[15.281641802632954,50.67470061938495],[15.281580917935639,50.67466760932944],[15.281537005718116,50.67462513602269],[15.281513561364674,50.67457658036044],[15.28151245098724,50.67452580738595],[15.281533762901178,50.674476858628594],[15.281575800617446,50.674433630398],[15.28163521790204,50.67439956364129],[15.28170728514617,50.67437737005001],[15.281786265840893,50.674368816216415],[15.28186587318959,50.674374583018206],[15.281939770516198,50.67439421142304],[15.282002075643087,50.67442613902584],[15.28204782909696,50.67446782441135],[15.282073388878288,50.67451594944389],[15.282076720372164,50.67456668338439],[15.282057558321211,50.67461598781307],[15.282017427962073,50.674659938087004],[15.281959523636102,50.674695035744946],[15.281888454530783,50.674718486990955],[15.28180987778745,50.674728425087494],[15.281794138466477,50.67472870169088]]]}"
2_LC08_192024_20190921_00000000000000000005,E20 E20 E20 B14,0.3944386743929581,https://1drv.ms/i/s!AuR4bnS0n2fes6l-CMabXiyK5SOLZA?e=UYJd1D,0.6854703872286934,-0.6481239703988184,46943076,1247382000000,1342076400000,1438671600000,1148540400000,"{""type"":""Polygon"",""coordinates"":[[[15.281794138466477,50.67472870169088],[15.281714813377217,50.674721538566665],[15.281641802632954,50.67470061938495],[15.281580917935639,50.67466760932944],[15.281537005718116,50.67462513602269],[15.281513561364674,50.67457658036044],[15.28151245098724,50.67452580738595],[15.281533762901178,50.674476858628594],[15.281575800617446,50.674433630398],[15.28163521790204,50.67439956364129],[15.28170728514617,50.67437737005001],[15.281786265840893,50.674368816216415],[15.28186587318959,50.674374583018206],[15.281939770516198,50.67439421142304],[15.282002075643087,50.67442613902584],[15.28204782909696,50.67446782441135],[15.282073388878288,50.67451594944389],[15.282076720372164,50.67456668338439],[15.282057558321211,50.67461598781307],[15.282017427962073,50.674659938087004],[15.281959523636102,50.674695035744946],[15.281888454530783,50.674718486990955],[15.28180987778745,50.674728425087494],[15.281794138466477,50.67472870169088]]]}"
2_LC08_192024_20191007_00000000000000000005,E20 E20 E20 B14,0.38083215098203926,https://1drv.ms/i/s!AuR4bnS0n2fes6l-CMabXiyK5SOLZA?e=UYJd1D,0.6771072817468532,-0.6330406913972906,46943076,1247382000000,1342076400000,1438671600000,1148540400000,"{""type"":""Polygon"",""coordinates"":[[[15.281794138466477,50.67472870169088],[15.281714813377217,50.674721538566665],[15.281641802632954,50.67470061938495],[15.281580917935639,50.67466760932944],[15.281537005718116,50.67462513602269],[15.281513561364674,50.67457658036044],[15.28151245098724,50.67452580738595],[15.281533762901178,50.674476858628594],[15.281575800617446,50.674433630398],[15.28163521790204,50.67439956364129],[15.28170728514617,50.67437737005001],[15.281786265840893,50.674368816216415],[15.28186587318959,50.674374583018206],[15.281939770516198,50.67439421142304],[15.282002075643087,50.67442613902584],[15.28204782909696,50.67446782441135],[15.282073388878288,50.67451594944389],[15.282076720372164,50.67456668338439],[15.282057558321211,50.67461598781307],[15.282017427962073,50.674659938087004],[15.281959523636102,50.674695035744946],[15.281888454530783,50.674718486990955],[15.28180987778745,50.674728425087494],[15.281794138466477,50.67472870169088]]]}"
2_LC08_192024_20200603_00000000000000000005,E20 E20 E20 B14,0.4089376143196451,https://1drv.ms/i/s!AuR4bnS0n2fes6l-CMabXiyK5SOLZA?e=UYJd1D,0.6456790225885798,-0.6246491787936641,46943076,1247382000000,1342076400000,1438671600000,1148540400000,"{""type"":""Polygon"",""coordinates"":[[[15.281794138466477,50.67472870169088],[15.281714813377217,50.674721538566665],[15.281641802632954,50.67470061938495],[15.281580917935639,50.67466760932944],[15.281537005718116,50.67462513602269],[15.281513561364674,50.67457658036044],[15.28151245098724,50.67452580738595],[15.281533762901178,50.674476858628594],[15.281575800617446,50.674433630398],[15.28163521790204,50.67439956364129],[15.28170728514617,50.67437737005001],[15.281786265840893,50.674368816216415],[15.28186587318959,50.674374583018206],[15.281939770516198,50.67439421142304],[15.282002075643087,50.67442613902584],[15.28204782909696,50.67446782441135],[15.282073388878288,50.67451594944389],[15.282076720372164,50.67456668338439],[15.282057558321211,50.67461598781307],[15.282017427962073,50.674659938087004],[15.281959523636102,50.674695035744946],[15.281888454530783,50.674718486990955],[15.28180987778745,50.674728425087494],[15.281794138466477,50.67472870169088]]]}"
2_LC08_192024_20200806_00000000000000000005,E20 E20 E20 B14,0.5502098086228749,https://1drv.ms/i/s!AuR4bnS0n2fes6l-CMabXiyK5SOLZA?e=UYJd1D,0.8140478353468882,-0.729377415253618,46943076,1247382000000,1342076400000,1438671600000,1148540400000,"{""type"":""Polygon"",""coordinates"":[[[15.281794138466477,50.67472870169088],[15.281714813377217,50.674721538566665],[15.281641802632954,50.67470061938495],[15.281580917935639,50.67466760932944],[15.281537005718116,50.67462513602269],[15.281513561364674,50.67457658036044],[15.28151245098724,50.67452580738595],[15.281533762901178,50.674476858628594],[15.281575800617446,50.674433630398],[15.28163521790204,50.67439956364129],[15.28170728514617,50.67437737005001],[15.281786265840893,50.674368816216415],[15.28186587318959,50.674374583018206],[15.281939770516198,50.67439421142304],[15.282002075643087,50.67442613902584],[15.28204782909696,50.67446782441135],[15.282073388878288,50.67451594944389],[15.282076720372164,50.67456668338439],[15.282057558321211,50.67461598781307],[15.282017427962073,50.674659938087004],[15.281959523636102,50.674695035744946],[15.281888454530783,50.674718486990955],[15.28180987778745,50.674728425087494],[15.281794138466477,50.67472870169088]]]}"
2_LC08_192024_20210724_00000000000000000005,E20 E20 E20 B14,0.6108701606055237,https://1drv.ms/i/s!AuR4bnS0n2fes6l-CMabXiyK5SOLZA?e=UYJd1D,0.8249385129290826,-0.7300237499184531,46943076,1247382000000,1342076400000,1438671600000,1148540400000,"{""type"":""Polygon"",""coordinates"":[[[15.281794138466477,50.67472870169088],[15.281714813377217,50.674721538566665],[15.281641802632954,50.67470061938495],[15.281580917935639,50.67466760932944],[15.281537005718116,50.67462513602269],[15.281513561364674,50.67457658036044],[15.28151245098724,50.67452580738595],[15.281533762901178,50.674476858628594],[15.281575800617446,50.674433630398],[15.28163521790204,50.67439956364129],[15.28170728514617,50.67437737005001],[15.281786265840893,50.674368816216415],[15.28186587318959,50.674374583018206],[15.281939770516198,50.67439421142304],[15.282002075643087,50.67442613902584],[15.28204782909696,50.67446782441135],[15.282073388878288,50.67451594944389],[15.282076720372164,50.67456668338439],[15.282057558321211,50.67461598781307],[15.282017427962073,50.674659938087004],[15.281959523636102,50.674695035744946],[15.281888454530783,50.674718486990955],[15.28180987778745,50.674728425087494],[15.281794138466477,50.67472870169088]]]}"
2_LC08_192024_20210910_00000000000000000005,E20 E20 E20 B14,0.599008188622608,https://1drv.ms/i/s!AuR4bnS0n2fes6l-CMabXiyK5SOLZA?e=UYJd1D,0.8114350818173287,-0.7239909594412095,46943076,1247382000000,1342076400000,1438671600000,1148540400000,"{""type"":""Polygon"",""coordinates"":[[[15.281794138466477,50.67472870169088],[15.281714813377217,50.674721538566665],[15.281641802632954,50.67470061938495],[15.281580917935639,50.67466760932944],[15.281537005718116,50.67462513602269],[15.281513561364674,50.67457658036044],[15.28151245098724,50.67452580738595],[15.281533762901178,50.674476858628594],[15.281575800617446,50.674433630398],[15.28163521790204,50.67439956364129],[15.28170728514617,50.67437737005001],[15.281786265840893,50.674368816216415],[15.28186587318959,50.674374583018206],[15.281939770516198,50.67439421142304],[15.282002075643087,50.67442613902584],[15.28204782909696,50.67446782441135],[15.282073388878288,50.67451594944389],[15.282076720372164,50.67456668338439],[15.282057558321211,50.67461598781307],[15.282017427962073,50.674659938087004],[15.281959523636102,50.674695035744946],[15.281888454530783,50.674718486990955],[15.28180987778745,50.674728425087494],[15.281794138466477,50.67472870169088]]]}"
2_LC08_192024_20210926_00000000000000000005,E20 E20 E20 B14,0.53379870258444,https://1drv.ms/i/s!AuR4bnS0n2fes6l-CMabXiyK5SOLZA?e=UYJd1D,0.7926949269759895,-0.7084943901708824,46943076,1247382000000,1342076400000,1438671600000,1148540400000,"{""type"":""Polygon"",""coordinates"":[[[15.281794138466477,50.67472870169088],[15.281714813377217,50.674721538566665],[15.281641802632954,50.67470061938495],[15.281580917935639,50.67466760932944],[15.281537005718116,50.67462513602269],[15.281513561364674,50.67457658036044],[15.28151245098724,50.67452580738595],[15.281533762901178,50.674476858628594],[15.281575800617446,50.674433630398],[15.28163521790204,50.67439956364129],[15.28170728514617,50.67437737005001],[15.281786265840893,50.674368816216415],[15.28186587318959,50.674374583018206],[15.281939770516198,50.67439421142304],[15.282002075643087,50.67442613902584],[15.28204782909696,50.67446782441135],[15.282073388878288,50.67451594944389],[15.282076720372164,50.67456668338439],[15.282057558321211,50.67461598781307],[15.282017427962073,50.674659938087004],[15.281959523636102,50.674695035744946],[15.281888454530783,50.674718486990955],[15.28180987778745,50.674728425087494],[15.281794138466477,50.67472870169088]]]}"
2_LC08_192025_20130515_00000000000000000002,E20 E20 E20 B16,0.6957785265346809,https://1drv.ms/i/s!AuR4bnS0n2fes6l4hvOSPmVzGxs2ag?e=239b2w,0.8236654661185632,-0.7167036116801238,44943016,1246345200000,1340694000000,1439276400000,1147330800000,"{""type"":""Polygon"",""coordinates"":[[[12.424825798018437,50.23078060080981],[12.424747213821886,50.23077343768601],[12.424674884993586,50.23075251850544],[12.424614568953812,50.230719508451415],[12.424571066870005,50.230677035146044],[12.424547841480498,50.23062847948463],[12.424546741469157,50.23057770651018],[12.424567854327963,50.23052875775207],[12.424609499414164,50.23048552952012],[12.424668361747903,50.230451462761906],[12.424739755894295,50.230429269169434],[12.424817998921895,50.23042071533534],[12.424896862750742,50.230426482137474],[12.424970069887223,50.23044611054338],[12.425031793091625,50.23047803814766],[12.425077119211299,50.23051972353459],[12.425102440263139,50.230567848568036],[12.425105740636502,50.23061858250866],[12.42508675755296,50.230667886936644],[12.425047002004897,50.23071183720926],[12.424989638499584,50.23074693486571],[12.424919233175109,50.230770386110486],[12.42484139033484,50.230780324206435],[12.424825798018437,50.23078060080981]]]}"
2_LC08_192025_20130515_00000000000000000003,E20 E20 E20 B51,0.6925122075950493,https://1drv.ms/i/s!AuR4bnS0n2fes6oVNPzdlN8JBubj3A?e=f79vVc,0.8610967148838203,-0.7479994152816788,45203000,1247727600000,1341990000000,1439622000000,1147158000000,"{""type"":""Polygon"",""coordinates"":[[[12.780613011971829,50.078573645451485],[12.7805346775366,50.078566482327844],[12.780462578588054,50.07854556314765],[12.78040245424765,50.07851255309413],[12.780359090423463,50.07847007978922],[12.780335938848605,50.0784215241281],[12.78033484233178,50.07837075115366],[12.78035588808739,50.07832180239528],[12.780397400814609,50.07827857416289],[12.780456076069617,50.078244507404165],[12.780527243308939,50.078222313811295],[12.780605237662568,50.078213759977025],[12.780683850844433,50.07821952677928],[12.780756825311853,50.07823915518554],[12.780818352345147,50.07827108279032],[12.780863534406778,50.07831276817773],[12.780888774980854,50.078360893211475],[12.780892064863238,50.07841162715216],[12.780873142111165,50.07846093157989],[12.780833512915166,50.07850488185208],[12.78077633172517,50.07853997950801],[12.780706150166944,50.078563430752375],[12.780628554731724,50.078573368848126],[12.780613011971829,50.078573645451485]]]}"
2_LC08_192025_20130803_00000000000000000003,E20 E20 E20 B51,0.5238637264502374,https://1drv.ms/i/s!AuR4bnS0n2fes6oVNPzdlN8JBubj3A?e=f79vVc,0.712409578051695,-0.6447415966513728,45203000,1247727600000,1341990000000,1439622000000,1147158000000,"{""type"":""Polygon"",""coordinates"":[[[12.780613011971829,50.078573645451485],[12.7805346775366,50.078566482327844],[12.780462578588054,50.07854556314765],[12.78040245424765,50.07851255309413],[12.780359090423463,50.07847007978922],[12.780335938848605,50.0784215241281],[12.78033484233178,50.07837075115366],[12.78035588808739,50.07832180239528],[12.780397400814609,50.07827857416289],[12.780456076069617,50.078244507404165],[12.780527243308939,50.078222313811295],[12.780605237662568,50.078213759977025],[12.780683850844433,50.07821952677928],[12.780756825311853,50.07823915518554],[12.780818352345147,50.07827108279032],[12.780863534406778,50.07831276817773],[12.780888774980854,50.078360893211475],[12.780892064863238,50.07841162715216],[12.780873142111165,50.07846093157989],[12.780833512915166,50.07850488185208],[12.78077633172517,50.07853997950801],[12.780706150166944,50.078563430752375],[12.780628554731724,50.078573368848126],[12.780613011971829,50.078573645451485]]]}"
2_LC08_192025_20150318_00000000000000000002,E20 E20 E20 B16,0.1176210135831235,https://1drv.ms/i/s!AuR4bnS0n2fes6l4hvOSPmVzGxs2ag?e=239b2w,0.22733107226373947,-0.32463732660047956,44943016,1246345200000,1340694000000,1439276400000,1147330800000,"{""type"":""Polygon"",""coordinates"":[[[12.424825798018437,50.23078060080981],[12.424747213821886,50.23077343768601],[12.424674884993586,50.23075251850544],[12.424614568953812,50.230719508451415],[12.424571066870005,50.230677035146044],[12.424547841480498,50.23062847948463],[12.424546741469157,50.23057770651018],[12.424567854327963,50.23052875775207],[12.424609499414164,50.23048552952012],[12.424668361747903,50.230451462761906],[12.424739755894295,50.230429269169434],[12.424817998921895,50.23042071533534],[12.424896862750742,50.230426482137474],[12.424970069887223,50.23044611054338],[12.425031793091625,50.23047803814766],[12.425077119211299,50.23051972353459],[12.425102440263139,50.230567848568036],[12.425105740636502,50.23061858250866],[12.42508675755296,50.230667886936644],[12.425047002004897,50.23071183720926],[12.424989638499584,50.23074693486571],[12.424919233175109,50.230770386110486],[12.42484139033484,50.230780324206435],[12.424825798018437,50.23078060080981]]]}"
2_LC08_192025_20150318_00000000000000000003,E20 E20 E20 B51,0.27709827300103584,https://1drv.ms/i/s!AuR4bnS0n2fes6oVNPzdlN8JBubj3A?e=f79vVc,0.4439624332653351,-0.49841099508500336,45203000,1247727600000,1341990000000,1439622000000,1147158000000,"{""type"":""Polygon"",""coordinates"":[[[12.780613011971829,50.078573645451485],[12.7805346775366,50.078566482327844],[12.780462578588054,50.07854556314765],[12.78040245424765,50.07851255309413],[12.780359090423463,50.07847007978922],[12.780335938848605,50.0784215241281],[12.78033484233178,50.07837075115366],[12.78035588808739,50.07832180239528],[12.780397400814609,50.07827857416289],[12.780456076069617,50.078244507404165],[12.780527243308939,50.078222313811295],[12.780605237662568,50.078213759977025],[12.780683850844433,50.07821952677928],[12.780756825311853,50.07823915518554],[12.780818352345147,50.07827108279032],[12.780863534406778,50.07831276817773],[12.780888774980854,50.078360893211475],[12.780892064863238,50.07841162715216],[12.780873142111165,50.07846093157989],[12.780833512915166,50.07850488185208],[12.78077633172517,50.07853997950801],[12.780706150166944,50.078563430752375],[12.780628554731724,50.078573368848126],[12.780613011971829,50.078573645451485]]]}"
2_LC08_192025_20150419_00000000000000000002,E20 E20 E20 B16,0.14226086465442525,https://1drv.ms/i/s!AuR4bnS0n2fes6l4hvOSPmVzGxs2ag?e=239b2w,0.22104099108463515,-0.32711833839739535,44943016,1246345200000,1340694000000,1439276400000,1147330800000,"{""type"":""Polygon"",""coordinates"":[[[12.424825798018437,50.23078060080981],[12.424747213821886,50.23077343768601],[12.424674884993586,50.23075251850544],[12.424614568953812,50.230719508451415],[12.424571066870005,50.230677035146044],[12.424547841480498,50.23062847948463],[12.424546741469157,50.23057770651018],[12.424567854327963,50.23052875775207],[12.424609499414164,50.23048552952012],[12.424668361747903,50.230451462761906],[12.424739755894295,50.230429269169434],[12.424817998921895,50.23042071533534],[12.424896862750742,50.230426482137474],[12.424970069887223,50.23044611054338],[12.425031793091625,50.23047803814766],[12.425077119211299,50.23051972353459],[12.425102440263139,50.230567848568036],[12.425105740636502,50.23061858250866],[12.42508675755296,50.230667886936644],[12.425047002004897,50.23071183720926],[12.424989638499584,50.23074693486571],[12.424919233175109,50.230770386110486],[12.42484139033484,50.230780324206435],[12.424825798018437,50.23078060080981]]]}"
2_LC08_192025_20150419_00000000000000000003,E20 E20 E20 B51,0.4698860878503987,https://1drv.ms/i/s!AuR4bnS0n2fes6oVNPzdlN8JBubj3A?e=f79vVc,0.6373522037931816,-0.6246679280867652,45203000,1247727600000,1341990000000,1439622000000,1147158000000,"{""type"":""Polygon"",""coordinates"":[[[12.780613011971829,50.078573645451485],[12.7805346775366,50.078566482327844],[12.780462578588054,50.07854556314765],[12.78040245424765,50.07851255309413],[12.780359090423463,50.07847007978922],[12.780335938848605,50.0784215241281],[12.78033484233178,50.07837075115366],[12.78035588808739,50.07832180239528],[12.780397400814609,50.07827857416289],[12.780456076069617,50.078244507404165],[12.780527243308939,50.078222313811295],[12.780605237662568,50.078213759977025],[12.780683850844433,50.07821952677928],[12.780756825311853,50.07823915518554],[12.780818352345147,50.07827108279032],[12.780863534406778,50.07831276817773],[12.780888774980854,50.078360893211475],[12.780892064863238,50.07841162715216],[12.780873142111165,50.07846093157989],[12.780833512915166,50.07850488185208],[12.78077633172517,50.07853997950801],[12.780706150166944,50.078563430752375],[12.780628554731724,50.078573368848126],[12.780613011971829,50.078573645451485]]]}"
2_LC08_192025_20150606_00000000000000000005,E20 E20 E20 B14,0.16719943259219783,https://1drv.ms/i/s!AuR4bnS0n2fes6l-CMabXiyK5SOLZA?e=UYJd1D,0.2848314263972287,-0.38798214459251595,46943076,1247382000000,1342076400000,1438671600000,1148540400000,"{""type"":""Polygon"",""coordinates"":[[[15.281794138466477,50.67472870169088],[15.281714813377217,50.674721538566665],[15.281641802632954,50.67470061938495],[15.281580917935639,50.67466760932944],[15.281537005718116,50.67462513602269],[15.281513561364674,50.67457658036044],[15.28151245098724,50.67452580738595],[15.281533762901178,50.674476858628594],[15.281575800617446,50.674433630398],[15.28163521790204,50.67439956364129],[15.28170728514617,50.67437737005001],[15.281786265840893,50.674368816216415],[15.28186587318959,50.674374583018206],[15.281939770516198,50.67439421142304],[15.282002075643087,50.67442613902584],[15.28204782909696,50.67446782441135],[15.282073388878288,50.67451594944389],[15.282076720372164,50.67456668338439],[15.282057558321211,50.67461598781307],[15.282017427962073,50.674659938087004],[15.281959523636102,50.674695035744946],[15.281888454530783,50.674718486990955],[15.28180987778745,50.674728425087494],[15.281794138466477,50.67472870169088]]]}"
2_LC08_192025_20150606_00000000000000000002,E20 E20 E20 B16,0.18061674301869066,https://1drv.ms/i/s!AuR4bnS0n2fes6l4hvOSPmVzGxs2ag?e=239b2w,0.2559793215088892,-0.34959768297105404,44943016,1246345200000,1340694000000,1439276400000,1147330800000,"{""type"":""Polygon"",""coordinates"":[[[12.424825798018437,50.23078060080981],[12.424747213821886,50.23077343768601],[12.424674884993586,50.23075251850544],[12.424614568953812,50.230719508451415],[12.424571066870005,50.230677035146044],[12.424547841480498,50.23062847948463],[12.424546741469157,50.23057770651018],[12.424567854327963,50.23052875775207],[12.424609499414164,50.23048552952012],[12.424668361747903,50.230451462761906],[12.424739755894295,50.230429269169434],[12.424817998921895,50.23042071533534],[12.424896862750742,50.230426482137474],[12.424970069887223,50.23044611054338],[12.425031793091625,50.23047803814766],[12.425077119211299,50.23051972353459],[12.425102440263139,50.230567848568036],[12.425105740636502,50.23061858250866],[12.42508675755296,50.230667886936644],[12.425047002004897,50.23071183720926],[12.424989638499584,50.23074693486571],[12.424919233175109,50.230770386110486],[12.42484139033484,50.230780324206435],[12.424825798018437,50.23078060080981]]]}"
2_LC08_192025_20150606_00000000000000000003,E20 E20 E20 B51,0.7597705857490102,https://1drv.ms/i/s!AuR4bnS0n2fes6oVNPzdlN8JBubj3A?e=f79vVc,0.8638920209336409,-0.7923164328336291,45203000,1247727600000,1341990000000,1439622000000,1147158000000,"{""type"":""Polygon"",""coordinates"":[[[12.780613011971829,50.078573645451485],[12.7805346775366,50.078566482327844],[12.780462578588054,50.07854556314765],[12.78040245424765,50.07851255309413],[12.780359090423463,50.07847007978922],[12.780335938848605,50.0784215241281],[12.78033484233178,50.07837075115366],[12.78035588808739,50.07832180239528],[12.780397400814609,50.07827857416289],[12.780456076069617,50.078244507404165],[12.780527243308939,50.078222313811295],[12.780605237662568,50.078213759977025],[12.780683850844433,50.07821952677928],[12.780756825311853,50.07823915518554],[12.780818352345147,50.07827108279032],[12.780863534406778,50.07831276817773],[12.780888774980854,50.078360893211475],[12.780892064863238,50.07841162715216],[12.780873142111165,50.07846093157989],[12.780833512915166,50.07850488185208],[12.78077633172517,50.07853997950801],[12.780706150166944,50.078563430752375],[12.780628554731724,50.078573368848126],[12.780613011971829,50.078573645451485]]]}"
2_LC08_192025_20151012_00000000000000000005,E20 E20 E20 B14,0.5503517903635723,https://1drv.ms/i/s!AuR4bnS0n2fes6l-CMabXiyK5SOLZA?e=UYJd1D,0.775840610375962,-0.7147788531838757,46943076,1247382000000,1342076400000,1438671600000,1148540400000,"{""type"":""Polygon"",""coordinates"":[[[15.281794138466477,50.67472870169088],[15.281714813377217,50.674721538566665],[15.281641802632954,50.67470061938495],[15.281580917935639,50.67466760932944],[15.281537005718116,50.67462513602269],[15.281513561364674,50.67457658036044],[15.28151245098724,50.67452580738595],[15.281533762901178,50.674476858628594],[15.281575800617446,50.674433630398],[15.28163521790204,50.67439956364129],[15.28170728514617,50.67437737005001],[15.281786265840893,50.674368816216415],[15.28186587318959,50.674374583018206],[15.281939770516198,50.67439421142304],[15.282002075643087,50.67442613902584],[15.28204782909696,50.67446782441135],[15.282073388878288,50.67451594944389],[15.282076720372164,50.67456668338439],[15.282057558321211,50.67461598781307],[15.282017427962073,50.674659938087004],[15.281959523636102,50.674695035744946],[15.281888454530783,50.674718486990955],[15.28180987778745,50.674728425087494],[15.281794138466477,50.67472870169088]]]}"
2_LC08_192025_20151012_00000000000000000002,E20 E20 E20 B16,0.24841518695742418,https://1drv.ms/i/s!AuR4bnS0n2fes6l4hvOSPmVzGxs2ag?e=239b2w,0.5349211014048856,-0.5862529774886651,44943016,1246345200000,1340694000000,1439276400000,1147330800000,"{""type"":""Polygon"",""coordinates"":[[[12.424825798018437,50.23078060080981],[12.424747213821886,50.23077343768601],[12.424674884993586,50.23075251850544],[12.424614568953812,50.230719508451415],[12.424571066870005,50.230677035146044],[12.424547841480498,50.23062847948463],[12.424546741469157,50.23057770651018],[12.424567854327963,50.23052875775207],[12.424609499414164,50.23048552952012],[12.424668361747903,50.230451462761906],[12.424739755894295,50.230429269169434],[12.424817998921895,50.23042071533534],[12.424896862750742,50.230426482137474],[12.424970069887223,50.23044611054338],[12.425031793091625,50.23047803814766],[12.425077119211299,50.23051972353459],[12.425102440263139,50.230567848568036],[12.425105740636502,50.23061858250866],[12.42508675755296,50.230667886936644],[12.425047002004897,50.23071183720926],[12.424989638499584,50.23074693486571],[12.424919233175109,50.230770386110486],[12.42484139033484,50.230780324206435],[12.424825798018437,50.23078060080981]]]}"
2_LC08_192025_20151012_00000000000000000003,E20 E20 E20 B51,0.3754727095463144,https://1drv.ms/i/s!AuR4bnS0n2fes6oVNPzdlN8JBubj3A?e=f79vVc,0.6399069644248689,-0.6200827310066255,45203000,1247727600000,1341990000000,1439622000000,1147158000000,"{""type"":""Polygon"",""coordinates"":[[[12.780613011971829,50.078573645451485],[12.7805346775366,50.078566482327844],[12.780462578588054,50.07854556314765],[12.78040245424765,50.07851255309413],[12.780359090423463,50.07847007978922],[12.780335938848605,50.0784215241281],[12.78033484233178,50.07837075115366],[12.78035588808739,50.07832180239528],[12.780397400814609,50.07827857416289],[12.780456076069617,50.078244507404165],[12.780527243308939,50.078222313811295],[12.780605237662568,50.078213759977025],[12.780683850844433,50.07821952677928],[12.780756825311853,50.07823915518554],[12.780818352345147,50.07827108279032],[12.780863534406778,50.07831276817773],[12.780888774980854,50.078360893211475],[12.780892064863238,50.07841162715216],[12.780873142111165,50.07846093157989],[12.780833512915166,50.07850488185208],[12.78077633172517,50.07853997950801],[12.780706150166944,50.078563430752375],[12.780628554731724,50.078573368848126],[12.780613011971829,50.078573645451485]]]}"
2_LC08_192025_20160421_00000000000000000002,E20 E20 E20 B16,0.10537773473866698,https://1drv.ms/i/s!AuR4bnS0n2fes6l4hvOSPmVzGxs2ag?e=239b2w,0.15560764252164724,-0.2674630766186669,44943016,1246345200000,1340694000000,1439276400000,1147330800000,"{""type"":""Polygon"",""coordinates"":[[[12.424825798018437,50.23078060080981],[12.424747213821886,50.23077343768601],[12.424674884993586,50.23075251850544],[12.424614568953812,50.230719508451415],[12.424571066870005,50.230677035146044],[12.424547841480498,50.23062847948463],[12.424546741469157,50.23057770651018],[12.424567854327963,50.23052875775207],[12.424609499414164,50.23048552952012],[12.424668361747903,50.230451462761906],[12.424739755894295,50.230429269169434],[12.424817998921895,50.23042071533534],[12.424896862750742,50.230426482137474],[12.424970069887223,50.23044611054338],[12.425031793091625,50.23047803814766],[12.425077119211299,50.23051972353459],[12.425102440263139,50.230567848568036],[12.425105740636502,50.23061858250866],[12.42508675755296,50.230667886936644],[12.425047002004897,50.23071183720926],[12.424989638499584,50.23074693486571],[12.424919233175109,50.230770386110486],[12.42484139033484,50.230780324206435],[12.424825798018437,50.23078060080981]]]}"
2_LC08_192025_20160421_00000000000000000003,E20 E20 E20 B51,0.503529827207136,https://1drv.ms/i/s!AuR4bnS0n2fes6oVNPzdlN8JBubj3A?e=f79vVc,0.6920266223025915,-0.6465965515589998,45203000,1247727600000,1341990000000,1439622000000,1147158000000,"{""type"":""Polygon"",""coordinates"":[[[12.780613011971829,50.078573645451485],[12.7805346775366,50.078566482327844],[12.780462578588054,50.07854556314765],[12.78040245424765,50.07851255309413],[12.780359090423463,50.07847007978922],[12.780335938848605,50.0784215241281],[12.78033484233178,50.07837075115366],[12.78035588808739,50.07832180239528],[12.780397400814609,50.07827857416289],[12.780456076069617,50.078244507404165],[12.780527243308939,50.078222313811295],[12.780605237662568,50.078213759977025],[12.780683850844433,50.07821952677928],[12.780756825311853,50.07823915518554],[12.780818352345147,50.07827108279032],[12.780863534406778,50.07831276817773],[12.780888774980854,50.078360893211475],[12.780892064863238,50.07841162715216],[12.780873142111165,50.07846093157989],[12.780833512915166,50.07850488185208],[12.78077633172517,50.07853997950801],[12.780706150166944,50.078563430752375],[12.780628554731724,50.078573368848126],[12.780613011971829,50.078573645451485]]]}"
2_LC08_192025_20160507_00000000000000000002,E20 E20 E20 B16,0.11289417871216685,https://1drv.ms/i/s!AuR4bnS0n2fes6l4hvOSPmVzGxs2ag?e=239b2w,0.15898631666211327,-0.2758623502158096,44943016,1246345200000,1340694000000,1439276400000,1147330800000,"{""type"":""Polygon"",""coordinates"":[[[12.424825798018437,50.23078060080981],[12.424747213821886,50.23077343768601],[12.424674884993586,50.23075251850544],[12.424614568953812,50.230719508451415],[12.424571066870005,50.230677035146044],[12.424547841480498,50.23062847948463],[12.424546741469157,50.23057770651018],[12.424567854327963,50.23052875775207],[12.424609499414164,50.23048552952012],[12.424668361747903,50.230451462761906],[12.424739755894295,50.230429269169434],[12.424817998921895,50.23042071533534],[12.424896862750742,50.230426482137474],[12.424970069887223,50.23044611054338],[12.425031793091625,50.23047803814766],[12.425077119211299,50.23051972353459],[12.425102440263139,50.230567848568036],[12.425105740636502,50.23061858250866],[12.42508675755296,50.230667886936644],[12.425047002004897,50.23071183720926],[12.424989638499584,50.23074693486571],[12.424919233175109,50.230770386110486],[12.42484139033484,50.230780324206435],[12.424825798018437,50.23078060080981]]]}"
2_LC08_192025_20160507_00000000000000000003,E20 E20 E20 B51,0.6082015848905874,https://1drv.ms/i/s!AuR4bnS0n2fes6oVNPzdlN8JBubj3A?e=f79vVc,0.7720710338936927,-0.7012458175004043,45203000,1247727600000,1341990000000,1439622000000,1147158000000,"{""type"":""Polygon"",""coordinates"":[[[12.780613011971829,50.078573645451485],[12.7805346775366,50.078566482327844],[12.780462578588054,50.07854556314765],[12.78040245424765,50.07851255309413],[12.780359090423463,50.07847007978922],[12.780335938848605,50.0784215241281],[12.78033484233178,50.07837075115366],[12.78035588808739,50.07832180239528],[12.780397400814609,50.07827857416289],[12.780456076069617,50.078244507404165],[12.780527243308939,50.078222313811295],[12.780605237662568,50.078213759977025],[12.780683850844433,50.07821952677928],[12.780756825311853,50.07823915518554],[12.780818352345147,50.07827108279032],[12.780863534406778,50.07831276817773],[12.780888774980854,50.078360893211475],[12.780892064863238,50.07841162715216],[12.780873142111165,50.07846093157989],[12.780833512915166,50.07850488185208],[12.78077633172517,50.07853997950801],[12.780706150166944,50.078563430752375],[12.780628554731724,50.078573368848126],[12.780613011971829,50.078573645451485]]]}"
2_LC08_192025_20160624_00000000000000000004,E20 E20 E20 B13,0.6495880103023581,https://1drv.ms/i/s!AuR4bnS0n2fes6oD0gSHeVvXvGkuZQ?e=rB7cNL,0.8411154671861756,-0.7675177077383156,46782996,1246518000000,1339311600000,1438844400000,1147676400000,"{""type"":""Polygon"",""coordinates"":[[[14.979819356026065,49.96756432472594],[14.979741202403837,49.96755716160239],[14.979669269875169,49.96753624242248],[14.979609284314213,49.96750323236933],[14.97956602058214,49.96746075906477],[14.979542922444892,49.96741220340385],[14.979541828457904,49.96736143042943],[14.979562825634616,49.96731248167086],[14.979604242541454,49.967269253438126],[14.97966278236209,49.96723518667903],[14.979733785333586,49.96721299308588],[14.979811599661389,49.96720443925149],[14.979890031389075,49.96721020605382],[14.979962837417313,49.96722983446035],[14.980024222433876,49.9672617620655],[14.98006930020567,49.96730344745324],[14.980094482518423,49.96735157248722],[14.980097764805935,49.967402306427935],[14.980078885730428,49.967451610855505],[14.980039348006134,49.96749556112736],[14.97998229880207,49.96753065878292],[14.979912279237894,49.96755411002697],[14.979834862909865,49.9675640481226],[14.979819356026065,49.96756432472594]]]}"
2_LC08_192025_20160624_00000000000000000005,E20 E20 E20 B14,0.494539054657431,https://1drv.ms/i/s!AuR4bnS0n2fes6l-CMabXiyK5SOLZA?e=UYJd1D,0.7705990260856487,-0.7067189683745402,46943076,1247382000000,1342076400000,1438671600000,1148540400000,"{""type"":""Polygon"",""coordinates"":[[[15.281794138466477,50.67472870169088],[15.281714813377217,50.674721538566665],[15.281641802632954,50.67470061938495],[15.281580917935639,50.67466760932944],[15.281537005718116,50.67462513602269],[15.281513561364674,50.67457658036044],[15.28151245098724,50.67452580738595],[15.281533762901178,50.674476858628594],[15.281575800617446,50.674433630398],[15.28163521790204,50.67439956364129],[15.28170728514617,50.67437737005001],[15.281786265840893,50.674368816216415],[15.28186587318959,50.674374583018206],[15.281939770516198,50.67439421142304],[15.282002075643087,50.67442613902584],[15.28204782909696,50.67446782441135],[15.282073388878288,50.67451594944389],[15.282076720372164,50.67456668338439],[15.282057558321211,50.67461598781307],[15.282017427962073,50.674659938087004],[15.281959523636102,50.674695035744946],[15.281888454530783,50.674718486990955],[15.28180987778745,50.674728425087494],[15.281794138466477,50.67472870169088]]]}"
2_LC08_192025_20160624_00000000000000000002,E20 E20 E20 B16,0.3679082861448134,https://1drv.ms/i/s!AuR4bnS0n2fes6l4hvOSPmVzGxs2ag?e=239b2w,0.4607252912757773,-0.47251367987674997,44943016,1246345200000,1340694000000,1439276400000,1147330800000,"{""type"":""Polygon"",""coordinates"":[[[12.424825798018437,50.23078060080981],[12.424747213821886,50.23077343768601],[12.424674884993586,50.23075251850544],[12.424614568953812,50.230719508451415],[12.424571066870005,50.230677035146044],[12.424547841480498,50.23062847948463],[12.424546741469157,50.23057770651018],[12.424567854327963,50.23052875775207],[12.424609499414164,50.23048552952012],[12.424668361747903,50.230451462761906],[12.424739755894295,50.230429269169434],[12.424817998921895,50.23042071533534],[12.424896862750742,50.230426482137474],[12.424970069887223,50.23044611054338],[12.425031793091625,50.23047803814766],[12.425077119211299,50.23051972353459],[12.425102440263139,50.230567848568036],[12.425105740636502,50.23061858250866],[12.42508675755296,50.230667886936644],[12.425047002004897,50.23071183720926],[12.424989638499584,50.23074693486571],[12.424919233175109,50.230770386110486],[12.42484139033484,50.230780324206435],[12.424825798018437,50.23078060080981]]]}"
2_LC08_192025_20160624_00000000000000000003,E20 E20 E20 B51,0.45335369623864724,https://1drv.ms/i/s!AuR4bnS0n2fes6oVNPzdlN8JBubj3A?e=f79vVc,0.6405185549159876,-0.6140580556338648,45203000,1247727600000,1341990000000,1439622000000,1147158000000,"{""type"":""Polygon"",""coordinates"":[[[12.780613011971829,50.078573645451485],[12.7805346775366,50.078566482327844],[12.780462578588054,50.07854556314765],[12.78040245424765,50.07851255309413],[12.780359090423463,50.07847007978922],[12.780335938848605,50.0784215241281],[12.78033484233178,50.07837075115366],[12.78035588808739,50.07832180239528],[12.780397400814609,50.07827857416289],[12.780456076069617,50.078244507404165],[12.780527243308939,50.078222313811295],[12.780605237662568,50.078213759977025],[12.780683850844433,50.07821952677928],[12.780756825311853,50.07823915518554],[12.780818352345147,50.07827108279032],[12.780863534406778,50.07831276817773],[12.780888774980854,50.078360893211475],[12.780892064863238,50.07841162715216],[12.780873142111165,50.07846093157989],[12.780833512915166,50.07850488185208],[12.78077633172517,50.07853997950801],[12.780706150166944,50.078563430752375],[12.780628554731724,50.078573368848126],[12.780613011971829,50.078573645451485]]]}"
2_LC08_192025_20160827_00000000000000000005,E20 E20 E20 B14,0.5642311168861573,https://1drv.ms/i/s!AuR4bnS0n2fes6l-CMabXiyK5SOLZA?e=UYJd1D,0.8430013551441401,-0.7707706683818635,46943076,1247382000000,1342076400000,1438671600000,1148540400000,"{""type"":""Polygon"",""coordinates"":[[[15.281794138466477,50.67472870169088],[15.281714813377217,50.674721538566665],[15.281641802632954,50.67470061938495],[15.281580917935639,50.67466760932944],[15.281537005718116,50.67462513602269],[15.281513561364674,50.67457658036044],[15.28151245098724,50.67452580738595],[15.281533762901178,50.674476858628594],[15.281575800617446,50.674433630398],[15.28163521790204,50.67439956364129],[15.28170728514617,50.67437737005001],[15.281786265840893,50.674368816216415],[15.28186587318959,50.674374583018206],[15.281939770516198,50.67439421142304],[15.282002075643087,50.67442613902584],[15.28204782909696,50.67446782441135],[15.282073388878288,50.67451594944389],[15.282076720372164,50.67456668338439],[15.282057558321211,50.67461598781307],[15.282017427962073,50.674659938087004],[15.281959523636102,50.674695035744946],[15.281888454530783,50.674718486990955],[15.28180987778745,50.674728425087494],[15.281794138466477,50.67472870169088]]]}"
2_LC08_192025_20160827_00000000000000000002,E20 E20 E20 B16,0.7133865012210423,https://1drv.ms/i/s!AuR4bnS0n2fes6l4hvOSPmVzGxs2ag?e=239b2w,0.8797516076954015,-0.8147475440281287,44943016,1246345200000,1340694000000,1439276400000,1147330800000,"{""type"":""Polygon"",""coordinates"":[[[12.424825798018437,50.23078060080981],[12.424747213821886,50.23077343768601],[12.424674884993586,50.23075251850544],[12.424614568953812,50.230719508451415],[12.424571066870005,50.230677035146044],[12.424547841480498,50.23062847948463],[12.424546741469157,50.23057770651018],[12.424567854327963,50.23052875775207],[12.424609499414164,50.23048552952012],[12.424668361747903,50.230451462761906],[12.424739755894295,50.230429269169434],[12.424817998921895,50.23042071533534],[12.424896862750742,50.230426482137474],[12.424970069887223,50.23044611054338],[12.425031793091625,50.23047803814766],[12.425077119211299,50.23051972353459],[12.425102440263139,50.230567848568036],[12.425105740636502,50.23061858250866],[12.42508675755296,50.230667886936644],[12.425047002004897,50.23071183720926],[12.424989638499584,50.23074693486571],[12.424919233175109,50.230770386110486],[12.42484139033484,50.230780324206435],[12.424825798018437,50.23078060080981]]]}"
2_LC08_192025_20160827_00000000000000000003,E20 E20 E20 B51,0.7397244172392464,https://1drv.ms/i/s!AuR4bnS0n2fes6oVNPzdlN8JBubj3A?e=f79vVc,0.8777190861080533,-0.7673619223917335,45203000,1247727600000,1341990000000,1439622000000,1147158000000,"{""type"":""Polygon"",""coordinates"":[[[12.780613011971829,50.078573645451485],[12.7805346775366,50.078566482327844],[12.780462578588054,50.07854556314765],[12.78040245424765,50.07851255309413],[12.780359090423463,50.07847007978922],[12.780335938848605,50.0784215241281],[12.78033484233178,50.07837075115366],[12.78035588808739,50.07832180239528],[12.780397400814609,50.07827857416289],[12.780456076069617,50.078244507404165],[12.780527243308939,50.078222313811295],[12.780605237662568,50.078213759977025],[12.780683850844433,50.07821952677928],[12.780756825311853,50.07823915518554],[12.780818352345147,50.07827108279032],[12.780863534406778,50.07831276817773],[12.780888774980854,50.078360893211475],[12.780892064863238,50.07841162715216],[12.780873142111165,50.07846093157989],[12.780833512915166,50.07850488185208],[12.78077633172517,50.07853997950801],[12.780706150166944,50.078563430752375],[12.780628554731724,50.078573368848126],[12.780613011971829,50.078573645451485]]]}"
2_LC08_192025_20160912_00000000000000000005,E20 E20 E20 B14,0.4332081920662384,https://1drv.ms/i/s!AuR4bnS0n2fes6l-CMabXiyK5SOLZA?e=UYJd1D,0.6480666358768697,-0.6385303000660617,46943076,1247382000000,1342076400000,1438671600000,1148540400000,"{""type"":""Polygon"",""coordinates"":[[[15.281794138466477,50.67472870169088],[15.281714813377217,50.674721538566665],[15.281641802632954,50.67470061938495],[15.281580917935639,50.67466760932944],[15.281537005718116,50.67462513602269],[15.281513561364674,50.67457658036044],[15.28151245098724,50.67452580738595],[15.281533762901178,50.674476858628594],[15.281575800617446,50.674433630398],[15.28163521790204,50.67439956364129],[15.28170728514617,50.67437737005001],[15.281786265840893,50.674368816216415],[15.28186587318959,50.674374583018206],[15.281939770516198,50.67439421142304],[15.282002075643087,50.67442613902584],[15.28204782909696,50.67446782441135],[15.282073388878288,50.67451594944389],[15.282076720372164,50.67456668338439],[15.282057558321211,50.67461598781307],[15.282017427962073,50.674659938087004],[15.281959523636102,50.674695035744946],[15.281888454530783,50.674718486990955],[15.28180987778745,50.674728425087494],[15.281794138466477,50.67472870169088]]]}"
2_LC08_192025_20160912_00000000000000000002,E20 E20 E20 B16,0.6408710246020527,https://1drv.ms/i/s!AuR4bnS0n2fes6l4hvOSPmVzGxs2ag?e=239b2w,0.8543209913255362,-0.7927116838839907,44943016,1246345200000,1340694000000,1439276400000,1147330800000,"{""type"":""Polygon"",""coordinates"":[[[12.424825798018437,50.23078060080981],[12.424747213821886,50.23077343768601],[12.424674884993586,50.23075251850544],[12.424614568953812,50.230719508451415],[12.424571066870005,50.230677035146044],[12.424547841480498,50.23062847948463],[12.424546741469157,50.23057770651018],[12.424567854327963,50.23052875775207],[12.424609499414164,50.23048552952012],[12.424668361747903,50.230451462761906],[12.424739755894295,50.230429269169434],[12.424817998921895,50.23042071533534],[12.424896862750742,50.230426482137474],[12.424970069887223,50.23044611054338],[12.425031793091625,50.23047803814766],[12.425077119211299,50.23051972353459],[12.425102440263139,50.230567848568036],[12.425105740636502,50.23061858250866],[12.42508675755296,50.230667886936644],[12.425047002004897,50.23071183720926],[12.424989638499584,50.23074693486571],[12.424919233175109,50.230770386110486],[12.42484139033484,50.230780324206435],[12.424825798018437,50.23078060080981]]]}"
2_LC08_192025_20160912_00000000000000000003,E20 E20 E20 B51,0.39595045767463627,https://1drv.ms/i/s!AuR4bnS0n2fes6oVNPzdlN8JBubj3A?e=f79vVc,0.6070945475596208,-0.5898996472220847,45203000,1247727600000,1341990000000,1439622000000,1147158000000,"{""type"":""Polygon"",""coordinates"":[[[12.780613011971829,50.078573645451485],[12.7805346775366,50.078566482327844],[12.780462578588054,50.07854556314765],[12.78040245424765,50.07851255309413],[12.780359090423463,50.07847007978922],[12.780335938848605,50.0784215241281],[12.78033484233178,50.07837075115366],[12.78035588808739,50.07832180239528],[12.780397400814609,50.07827857416289],[12.780456076069617,50.078244507404165],[12.780527243308939,50.078222313811295],[12.780605237662568,50.078213759977025],[12.780683850844433,50.07821952677928],[12.780756825311853,50.07823915518554],[12.780818352345147,50.07827108279032],[12.780863534406778,50.07831276817773],[12.780888774980854,50.078360893211475],[12.780892064863238,50.07841162715216],[12.780873142111165,50.07846093157989],[12.780833512915166,50.07850488185208],[12.78077633172517,50.07853997950801],[12.780706150166944,50.078563430752375],[12.780628554731724,50.078573368848126],[12.780613011971829,50.078573645451485]]]}"
2_LC08_192025_20170424_00000000000000000002,E20 E20 E20 B16,0.21984466231261712,https://1drv.ms/i/s!AuR4bnS0n2fes6l4hvOSPmVzGxs2ag?e=239b2w,0.3462506285100233,-0.4256611565932246,44943016,1246345200000,1340694000000,1439276400000,1147330800000,"{""type"":""Polygon"",""coordinates"":[[[12.424825798018437,50.23078060080981],[12.424747213821886,50.23077343768601],[12.424674884993586,50.23075251850544],[12.424614568953812,50.230719508451415],[12.424571066870005,50.230677035146044],[12.424547841480498,50.23062847948463],[12.424546741469157,50.23057770651018],[12.424567854327963,50.23052875775207],[12.424609499414164,50.23048552952012],[12.424668361747903,50.230451462761906],[12.424739755894295,50.230429269169434],[12.424817998921895,50.23042071533534],[12.424896862750742,50.230426482137474],[12.424970069887223,50.23044611054338],[12.425031793091625,50.23047803814766],[12.425077119211299,50.23051972353459],[12.425102440263139,50.230567848568036],[12.425105740636502,50.23061858250866],[12.42508675755296,50.230667886936644],[12.425047002004897,50.23071183720926],[12.424989638499584,50.23074693486571],[12.424919233175109,50.230770386110486],[12.42484139033484,50.230780324206435],[12.424825798018437,50.23078060080981]]]}"
2_LC08_192025_20170424_00000000000000000003,E20 E20 E20 B51,0.5218445571630617,https://1drv.ms/i/s!AuR4bnS0n2fes6oVNPzdlN8JBubj3A?e=f79vVc,0.7059467045865313,-0.6581860265920361,45203000,1247727600000,1341990000000,1439622000000,1147158000000,"{""type"":""Polygon"",""coordinates"":[[[12.780613011971829,50.078573645451485],[12.7805346775366,50.078566482327844],[12.780462578588054,50.07854556314765],[12.78040245424765,50.07851255309413],[12.780359090423463,50.07847007978922],[12.780335938848605,50.0784215241281],[12.78033484233178,50.07837075115366],[12.78035588808739,50.07832180239528],[12.780397400814609,50.07827857416289],[12.780456076069617,50.078244507404165],[12.780527243308939,50.078222313811295],[12.780605237662568,50.078213759977025],[12.780683850844433,50.07821952677928],[12.780756825311853,50.07823915518554],[12.780818352345147,50.07827108279032],[12.780863534406778,50.07831276817773],[12.780888774980854,50.078360893211475],[12.780892064863238,50.07841162715216],[12.780873142111165,50.07846093157989],[12.780833512915166,50.07850488185208],[12.78077633172517,50.07853997950801],[12.780706150166944,50.078563430752375],[12.780628554731724,50.078573368848126],[12.780613011971829,50.078573645451485]]]}"
2_LC08_192025_20170611_00000000000000000005,E20 E20 E20 B14,0.6784333066322702,https://1drv.ms/i/s!AuR4bnS0n2fes6l-CMabXiyK5SOLZA?e=UYJd1D,0.8387039051602968,-0.7582729664454371,46943076,1247382000000,1342076400000,1438671600000,1148540400000,"{""type"":""Polygon"",""coordinates"":[[[15.281794138466477,50.67472870169088],[15.281714813377217,50.674721538566665],[15.281641802632954,50.67470061938495],[15.281580917935639,50.67466760932944],[15.281537005718116,50.67462513602269],[15.281513561364674,50.67457658036044],[15.28151245098724,50.67452580738595],[15.281533762901178,50.674476858628594],[15.281575800617446,50.674433630398],[15.28163521790204,50.67439956364129],[15.28170728514617,50.67437737005001],[15.281786265840893,50.674368816216415],[15.28186587318959,50.674374583018206],[15.281939770516198,50.67439421142304],[15.282002075643087,50.67442613902584],[15.28204782909696,50.67446782441135],[15.282073388878288,50.67451594944389],[15.282076720372164,50.67456668338439],[15.282057558321211,50.67461598781307],[15.282017427962073,50.674659938087004],[15.281959523636102,50.674695035744946],[15.281888454530783,50.674718486990955],[15.28180987778745,50.674728425087494],[15.281794138466477,50.67472870169088]]]}"
2_LC08_192025_20170611_00000000000000000002,E20 E20 E20 B16,0.3838557925211942,https://1drv.ms/i/s!AuR4bnS0n2fes6l4hvOSPmVzGxs2ag?e=239b2w,0.4890038759258443,-0.5282347561389391,44943016,1246345200000,1340694000000,1439276400000,1147330800000,"{""type"":""Polygon"",""coordinates"":[[[12.424825798018437,50.23078060080981],[12.424747213821886,50.23077343768601],[12.424674884993586,50.23075251850544],[12.424614568953812,50.230719508451415],[12.424571066870005,50.230677035146044],[12.424547841480498,50.23062847948463],[12.424546741469157,50.23057770651018],[12.424567854327963,50.23052875775207],[12.424609499414164,50.23048552952012],[12.424668361747903,50.230451462761906],[12.424739755894295,50.230429269169434],[12.424817998921895,50.23042071533534],[12.424896862750742,50.230426482137474],[12.424970069887223,50.23044611054338],[12.425031793091625,50.23047803814766],[12.425077119211299,50.23051972353459],[12.425102440263139,50.230567848568036],[12.425105740636502,50.23061858250866],[12.42508675755296,50.230667886936644],[12.425047002004897,50.23071183720926],[12.424989638499584,50.23074693486571],[12.424919233175109,50.230770386110486],[12.42484139033484,50.230780324206435],[12.424825798018437,50.23078060080981]]]}"
2_LC08_192025_20170611_00000000000000000003,E20 E20 E20 B51,0.8003864146280933,https://1drv.ms/i/s!AuR4bnS0n2fes6oVNPzdlN8JBubj3A?e=f79vVc,0.8885236528733232,-0.8012120935005032,45203000,1247727600000,1341990000000,1439622000000,1147158000000,"{""type"":""Polygon"",""coordinates"":[[[12.780613011971829,50.078573645451485],[12.7805346775366,50.078566482327844],[12.780462578588054,50.07854556314765],[12.78040245424765,50.07851255309413],[12.780359090423463,50.07847007978922],[12.780335938848605,50.0784215241281],[12.78033484233178,50.07837075115366],[12.78035588808739,50.07832180239528],[12.780397400814609,50.07827857416289],[12.780456076069617,50.078244507404165],[12.780527243308939,50.078222313811295],[12.780605237662568,50.078213759977025],[12.780683850844433,50.07821952677928],[12.780756825311853,50.07823915518554],[12.780818352345147,50.07827108279032],[12.780863534406778,50.07831276817773],[12.780888774980854,50.078360893211475],[12.780892064863238,50.07841162715216],[12.780873142111165,50.07846093157989],[12.780833512915166,50.07850488185208],[12.78077633172517,50.07853997950801],[12.780706150166944,50.078563430752375],[12.780628554731724,50.078573368848126],[12.780613011971829,50.078573645451485]]]}"
2_LC08_192025_20170830_00000000000000000005,E20 E20 E20 B14,0.6192954108349902,https://1drv.ms/i/s!AuR4bnS0n2fes6l-CMabXiyK5SOLZA?e=UYJd1D,0.8500352022010209,-0.756882799107051,46943076,1247382000000,1342076400000,1438671600000,1148540400000,"{""type"":""Polygon"",""coordinates"":[[[15.281794138466477,50.67472870169088],[15.281714813377217,50.674721538566665],[15.281641802632954,50.67470061938495],[15.281580917935639,50.67466760932944],[15.281537005718116,50.67462513602269],[15.281513561364674,50.67457658036044],[15.28151245098724,50.67452580738595],[15.281533762901178,50.674476858628594],[15.281575800617446,50.674433630398],[15.28163521790204,50.67439956364129],[15.28170728514617,50.67437737005001],[15.281786265840893,50.674368816216415],[15.28186587318959,50.674374583018206],[15.281939770516198,50.67439421142304],[15.282002075643087,50.67442613902584],[15.28204782909696,50.67446782441135],[15.282073388878288,50.67451594944389],[15.282076720372164,50.67456668338439],[15.282057558321211,50.67461598781307],[15.282017427962073,50.674659938087004],[15.281959523636102,50.674695035744946],[15.281888454530783,50.674718486990955],[15.28180987778745,50.674728425087494],[15.281794138466477,50.67472870169088]]]}"
2_LC08_192025_20170830_00000000000000000002,E20 E20 E20 B16,0.6160388583338222,https://1drv.ms/i/s!AuR4bnS0n2fes6l4hvOSPmVzGxs2ag?e=239b2w,0.8261784269667323,-0.7686028722004457,44943016,1246345200000,1340694000000,1439276400000,1147330800000,"{""type"":""Polygon"",""coordinates"":[[[12.424825798018437,50.23078060080981],[12.424747213821886,50.23077343768601],[12.424674884993586,50.23075251850544],[12.424614568953812,50.230719508451415],[12.424571066870005,50.230677035146044],[12.424547841480498,50.23062847948463],[12.424546741469157,50.23057770651018],[12.424567854327963,50.23052875775207],[12.424609499414164,50.23048552952012],[12.424668361747903,50.230451462761906],[12.424739755894295,50.230429269169434],[12.424817998921895,50.23042071533534],[12.424896862750742,50.230426482137474],[12.424970069887223,50.23044611054338],[12.425031793091625,50.23047803814766],[12.425077119211299,50.23051972353459],[12.425102440263139,50.230567848568036],[12.425105740636502,50.23061858250866],[12.42508675755296,50.230667886936644],[12.425047002004897,50.23071183720926],[12.424989638499584,50.23074693486571],[12.424919233175109,50.230770386110486],[12.42484139033484,50.230780324206435],[12.424825798018437,50.23078060080981]]]}"
2_LC08_192025_20170830_00000000000000000003,E20 E20 E20 B51,0.6388281422338115,https://1drv.ms/i/s!AuR4bnS0n2fes6oVNPzdlN8JBubj3A?e=f79vVc,0.8183627099726221,-0.7171619495271796,45203000,1247727600000,1341990000000,1439622000000,1147158000000,"{""type"":""Polygon"",""coordinates"":[[[12.780613011971829,50.078573645451485],[12.7805346775366,50.078566482327844],[12.780462578588054,50.07854556314765],[12.78040245424765,50.07851255309413],[12.780359090423463,50.07847007978922],[12.780335938848605,50.0784215241281],[12.78033484233178,50.07837075115366],[12.78035588808739,50.07832180239528],[12.780397400814609,50.07827857416289],[12.780456076069617,50.078244507404165],[12.780527243308939,50.078222313811295],[12.780605237662568,50.078213759977025],[12.780683850844433,50.07821952677928],[12.780756825311853,50.07823915518554],[12.780818352345147,50.07827108279032],[12.780863534406778,50.07831276817773],[12.780888774980854,50.078360893211475],[12.780892064863238,50.07841162715216],[12.780873142111165,50.07846093157989],[12.780833512915166,50.07850488185208],[12.78077633172517,50.07853997950801],[12.780706150166944,50.078563430752375],[12.780628554731724,50.078573368848126],[12.780613011971829,50.078573645451485]]]}"
2_LC08_192025_20171017_00000000000000000002,E20 E20 E20 B16,0.21449373382128842,https://1drv.ms/i/s!AuR4bnS0n2fes6l4hvOSPmVzGxs2ag?e=239b2w,0.4128756386399344,-0.47219126219840724,44943016,1246345200000,1340694000000,1439276400000,1147330800000,"{""type"":""Polygon"",""coordinates"":[[[12.424825798018437,50.23078060080981],[12.424747213821886,50.23077343768601],[12.424674884993586,50.23075251850544],[12.424614568953812,50.230719508451415],[12.424571066870005,50.230677035146044],[12.424547841480498,50.23062847948463],[12.424546741469157,50.23057770651018],[12.424567854327963,50.23052875775207],[12.424609499414164,50.23048552952012],[12.424668361747903,50.230451462761906],[12.424739755894295,50.230429269169434],[12.424817998921895,50.23042071533534],[12.424896862750742,50.230426482137474],[12.424970069887223,50.23044611054338],[12.425031793091625,50.23047803814766],[12.425077119211299,50.23051972353459],[12.425102440263139,50.230567848568036],[12.425105740636502,50.23061858250866],[12.42508675755296,50.230667886936644],[12.425047002004897,50.23071183720926],[12.424989638499584,50.23074693486571],[12.424919233175109,50.230770386110486],[12.42484139033484,50.230780324206435],[12.424825798018437,50.23078060080981]]]}"
2_LC08_192025_20171017_00000000000000000003,E20 E20 E20 B51,0.40496849722709416,https://1drv.ms/i/s!AuR4bnS0n2fes6oVNPzdlN8JBubj3A?e=f79vVc,0.6409826285127794,-0.6230255571411093,45203000,1247727600000,1341990000000,1439622000000,1147158000000,"{""type"":""Polygon"",""coordinates"":[[[12.780613011971829,50.078573645451485],[12.7805346775366,50.078566482327844],[12.780462578588054,50.07854556314765],[12.78040245424765,50.07851255309413],[12.780359090423463,50.07847007978922],[12.780335938848605,50.0784215241281],[12.78033484233178,50.07837075115366],[12.78035588808739,50.07832180239528],[12.780397400814609,50.07827857416289],[12.780456076069617,50.078244507404165],[12.780527243308939,50.078222313811295],[12.780605237662568,50.078213759977025],[12.780683850844433,50.07821952677928],[12.780756825311853,50.07823915518554],[12.780818352345147,50.07827108279032],[12.780863534406778,50.07831276817773],[12.780888774980854,50.078360893211475],[12.780892064863238,50.07841162715216],[12.780873142111165,50.07846093157989],[12.780833512915166,50.07850488185208],[12.78077633172517,50.07853997950801],[12.780706150166944,50.078563430752375],[12.780628554731724,50.078573368848126],[12.780613011971829,50.078573645451485]]]}"
2_LC08_192025_20180222_00000000000000000002,E20 E20 E20 B16,-0.018586315484812998,https://1drv.ms/i/s!AuR4bnS0n2fes6l4hvOSPmVzGxs2ag?e=239b2w,-0.004382842738444859,-0.019014903792784088,44943016,1246345200000,1340694000000,1439276400000,1147330800000,"{""type"":""Polygon"",""coordinates"":[[[12.424825798018437,50.23078060080981],[12.424747213821886,50.23077343768601],[12.424674884993586,50.23075251850544],[12.424614568953812,50.230719508451415],[12.424571066870005,50.230677035146044],[12.424547841480498,50.23062847948463],[12.424546741469157,50.23057770651018],[12.424567854327963,50.23052875775207],[12.424609499414164,50.23048552952012],[12.424668361747903,50.230451462761906],[12.424739755894295,50.230429269169434],[12.424817998921895,50.23042071533534],[12.424896862750742,50.230426482137474],[12.424970069887223,50.23044611054338],[12.425031793091625,50.23047803814766],[12.425077119211299,50.23051972353459],[12.425102440263139,50.230567848568036],[12.425105740636502,50.23061858250866],[12.42508675755296,50.230667886936644],[12.425047002004897,50.23071183720926],[12.424989638499584,50.23074693486571],[12.424919233175109,50.230770386110486],[12.42484139033484,50.230780324206435],[12.424825798018437,50.23078060080981]]]}"
2_LC08_192025_20180513_00000000000000000002,E20 E20 E20 B16,0.2839573034962685,https://1drv.ms/i/s!AuR4bnS0n2fes6l4hvOSPmVzGxs2ag?e=239b2w,0.38625119485440307,-0.42682810271255966,44943016,1246345200000,1340694000000,1439276400000,1147330800000,"{""type"":""Polygon"",""coordinates"":[[[12.424825798018437,50.23078060080981],[12.424747213821886,50.23077343768601],[12.424674884993586,50.23075251850544],[12.424614568953812,50.230719508451415],[12.424571066870005,50.230677035146044],[12.424547841480498,50.23062847948463],[12.424546741469157,50.23057770651018],[12.424567854327963,50.23052875775207],[12.424609499414164,50.23048552952012],[12.424668361747903,50.230451462761906],[12.424739755894295,50.230429269169434],[12.424817998921895,50.23042071533534],[12.424896862750742,50.230426482137474],[12.424970069887223,50.23044611054338],[12.425031793091625,50.23047803814766],[12.425077119211299,50.23051972353459],[12.425102440263139,50.230567848568036],[12.425105740636502,50.23061858250866],[12.42508675755296,50.230667886936644],[12.425047002004897,50.23071183720926],[12.424989638499584,50.23074693486571],[12.424919233175109,50.230770386110486],[12.42484139033484,50.230780324206435],[12.424825798018437,50.23078060080981]]]}"
2_LC08_192025_20180513_00000000000000000003,E20 E20 E20 B51,0.6826276450532034,https://1drv.ms/i/s!AuR4bnS0n2fes6oVNPzdlN8JBubj3A?e=f79vVc,0.8196648347214145,-0.7303943981554653,45203000,1247727600000,1341990000000,1439622000000,1147158000000,"{""type"":""Polygon"",""coordinates"":[[[12.780613011971829,50.078573645451485],[12.7805346775366,50.078566482327844],[12.780462578588054,50.07854556314765],[12.78040245424765,50.07851255309413],[12.780359090423463,50.07847007978922],[12.780335938848605,50.0784215241281],[12.78033484233178,50.07837075115366],[12.78035588808739,50.07832180239528],[12.780397400814609,50.07827857416289],[12.780456076069617,50.078244507404165],[12.780527243308939,50.078222313811295],[12.780605237662568,50.078213759977025],[12.780683850844433,50.07821952677928],[12.780756825311853,50.07823915518554],[12.780818352345147,50.07827108279032],[12.780863534406778,50.07831276817773],[12.780888774980854,50.078360893211475],[12.780892064863238,50.07841162715216],[12.780873142111165,50.07846093157989],[12.780833512915166,50.07850488185208],[12.78077633172517,50.07853997950801],[12.780706150166944,50.078563430752375],[12.780628554731724,50.078573368848126],[12.780613011971829,50.078573645451485]]]}"
2_LC08_192025_20180529_00000000000000000002,E20 E20 E20 B16,0.5647031474728553,https://1drv.ms/i/s!AuR4bnS0n2fes6l4hvOSPmVzGxs2ag?e=239b2w,0.7531993226701582,-0.6889631403323891,44943016,1246345200000,1340694000000,1439276400000,1147330800000,"{""type"":""Polygon"",""coordinates"":[[[12.424825798018437,50.23078060080981],[12.424747213821886,50.23077343768601],[12.424674884993586,50.23075251850544],[12.424614568953812,50.230719508451415],[12.424571066870005,50.230677035146044],[12.424547841480498,50.23062847948463],[12.424546741469157,50.23057770651018],[12.424567854327963,50.23052875775207],[12.424609499414164,50.23048552952012],[12.424668361747903,50.230451462761906],[12.424739755894295,50.230429269169434],[12.424817998921895,50.23042071533534],[12.424896862750742,50.230426482137474],[12.424970069887223,50.23044611054338],[12.425031793091625,50.23047803814766],[12.425077119211299,50.23051972353459],[12.425102440263139,50.230567848568036],[12.425105740636502,50.23061858250866],[12.42508675755296,50.230667886936644],[12.425047002004897,50.23071183720926],[12.424989638499584,50.23074693486571],[12.424919233175109,50.230770386110486],[12.42484139033484,50.230780324206435],[12.424825798018437,50.23078060080981]]]}"
2_LC08_192025_20180529_00000000000000000003,E20 E20 E20 B51,0.7242781891151137,https://1drv.ms/i/s!AuR4bnS0n2fes6oVNPzdlN8JBubj3A?e=f79vVc,0.84489141400699,-0.7464242416526745,45203000,1247727600000,1341990000000,1439622000000,1147158000000,"{""type"":""Polygon"",""coordinates"":[[[12.780613011971829,50.078573645451485],[12.7805346775366,50.078566482327844],[12.780462578588054,50.07854556314765],[12.78040245424765,50.07851255309413],[12.780359090423463,50.07847007978922],[12.780335938848605,50.0784215241281],[12.78033484233178,50.07837075115366],[12.78035588808739,50.07832180239528],[12.780397400814609,50.07827857416289],[12.780456076069617,50.078244507404165],[12.780527243308939,50.078222313811295],[12.780605237662568,50.078213759977025],[12.780683850844433,50.07821952677928],[12.780756825311853,50.07823915518554],[12.780818352345147,50.07827108279032],[12.780863534406778,50.07831276817773],[12.780888774980854,50.078360893211475],[12.780892064863238,50.07841162715216],[12.780873142111165,50.07846093157989],[12.780833512915166,50.07850488185208],[12.78077633172517,50.07853997950801],[12.780706150166944,50.078563430752375],[12.780628554731724,50.078573368848126],[12.780613011971829,50.078573645451485]]]}"
2_LC08_192025_20180630_00000000000000000004,E20 E20 E20 B13,0.3136692126794617,https://1drv.ms/i/s!AuR4bnS0n2fes6oD0gSHeVvXvGkuZQ?e=rB7cNL,0.5550250695348582,-0.5983429115660428,46782996,1246518000000,1339311600000,1438844400000,1147676400000,"{""type"":""Polygon"",""coordinates"":[[[14.979819356026065,49.96756432472594],[14.979741202403837,49.96755716160239],[14.979669269875169,49.96753624242248],[14.979609284314213,49.96750323236933],[14.97956602058214,49.96746075906477],[14.979542922444892,49.96741220340385],[14.979541828457904,49.96736143042943],[14.979562825634616,49.96731248167086],[14.979604242541454,49.967269253438126],[14.97966278236209,49.96723518667903],[14.979733785333586,49.96721299308588],[14.979811599661389,49.96720443925149],[14.979890031389075,49.96721020605382],[14.979962837417313,49.96722983446035],[14.980024222433876,49.9672617620655],[14.98006930020567,49.96730344745324],[14.980094482518423,49.96735157248722],[14.980097764805935,49.967402306427935],[14.980078885730428,49.967451610855505],[14.980039348006134,49.96749556112736],[14.97998229880207,49.96753065878292],[14.979912279237894,49.96755411002697],[14.979834862909865,49.9675640481226],[14.979819356026065,49.96756432472594]]]}"
2_LC08_192025_20180630_00000000000000000005,E20 E20 E20 B14,0.5786665699502748,https://1drv.ms/i/s!AuR4bnS0n2fes6l-CMabXiyK5SOLZA?e=UYJd1D,0.7796020971244214,-0.702473489030674,46943076,1247382000000,1342076400000,1438671600000,1148540400000,"{""type"":""Polygon"",""coordinates"":[[[15.281794138466477,50.67472870169088],[15.281714813377217,50.674721538566665],[15.281641802632954,50.67470061938495],[15.281580917935639,50.67466760932944],[15.281537005718116,50.67462513602269],[15.281513561364674,50.67457658036044],[15.28151245098724,50.67452580738595],[15.281533762901178,50.674476858628594],[15.281575800617446,50.674433630398],[15.28163521790204,50.67439956364129],[15.28170728514617,50.67437737005001],[15.281786265840893,50.674368816216415],[15.28186587318959,50.674374583018206],[15.281939770516198,50.67439421142304],[15.282002075643087,50.67442613902584],[15.28204782909696,50.67446782441135],[15.282073388878288,50.67451594944389],[15.282076720372164,50.67456668338439],[15.282057558321211,50.67461598781307],[15.282017427962073,50.674659938087004],[15.281959523636102,50.674695035744946],[15.281888454530783,50.674718486990955],[15.28180987778745,50.674728425087494],[15.281794138466477,50.67472870169088]]]}"
2_LC08_192025_20180630_00000000000000000002,E20 E20 E20 B16,0.6611255976342795,https://1drv.ms/i/s!AuR4bnS0n2fes6l4hvOSPmVzGxs2ag?e=239b2w,0.8402540841510929,-0.7775325454530866,44943016,1246345200000,1340694000000,1439276400000,1147330800000,"{""type"":""Polygon"",""coordinates"":[[[12.424825798018437,50.23078060080981],[12.424747213821886,50.23077343768601],[12.424674884993586,50.23075251850544],[12.424614568953812,50.230719508451415],[12.424571066870005,50.230677035146044],[12.424547841480498,50.23062847948463],[12.424546741469157,50.23057770651018],[12.424567854327963,50.23052875775207],[12.424609499414164,50.23048552952012],[12.424668361747903,50.230451462761906],[12.424739755894295,50.230429269169434],[12.424817998921895,50.23042071533534],[12.424896862750742,50.230426482137474],[12.424970069887223,50.23044611054338],[12.425031793091625,50.23047803814766],[12.425077119211299,50.23051972353459],[12.425102440263139,50.230567848568036],[12.425105740636502,50.23061858250866],[12.42508675755296,50.230667886936644],[12.425047002004897,50.23071183720926],[12.424989638499584,50.23074693486571],[12.424919233175109,50.230770386110486],[12.42484139033484,50.230780324206435],[12.424825798018437,50.23078060080981]]]}"
2_LC08_192025_20180630_00000000000000000003,E20 E20 E20 B51,0.5031296255457062,https://1drv.ms/i/s!AuR4bnS0n2fes6oVNPzdlN8JBubj3A?e=f79vVc,0.7414080105939373,-0.6777925560546986,45203000,1247727600000,1341990000000,1439622000000,1147158000000,"{""type"":""Polygon"",""coordinates"":[[[12.780613011971829,50.078573645451485],[12.7805346775366,50.078566482327844],[12.780462578588054,50.07854556314765],[12.78040245424765,50.07851255309413],[12.780359090423463,50.07847007978922],[12.780335938848605,50.0784215241281],[12.78033484233178,50.07837075115366],[12.78035588808739,50.07832180239528],[12.780397400814609,50.07827857416289],[12.780456076069617,50.078244507404165],[12.780527243308939,50.078222313811295],[12.780605237662568,50.078213759977025],[12.780683850844433,50.07821952677928],[12.780756825311853,50.07823915518554],[12.780818352345147,50.07827108279032],[12.780863534406778,50.07831276817773],[12.780888774980854,50.078360893211475],[12.780892064863238,50.07841162715216],[12.780873142111165,50.07846093157989],[12.780833512915166,50.07850488185208],[12.78077633172517,50.07853997950801],[12.780706150166944,50.078563430752375],[12.780628554731724,50.078573368848126],[12.780613011971829,50.078573645451485]]]}"
2_LC08_192025_20180801_00000000000000000004,E20 E20 E20 B13,0.20397506753923408,https://1drv.ms/i/s!AuR4bnS0n2fes6oD0gSHeVvXvGkuZQ?e=rB7cNL,0.2920095701068809,-0.4161367529365556,46782996,1246518000000,1339311600000,1438844400000,1147676400000,"{""type"":""Polygon"",""coordinates"":[[[14.979819356026065,49.96756432472594],[14.979741202403837,49.96755716160239],[14.979669269875169,49.96753624242248],[14.979609284314213,49.96750323236933],[14.97956602058214,49.96746075906477],[14.979542922444892,49.96741220340385],[14.979541828457904,49.96736143042943],[14.979562825634616,49.96731248167086],[14.979604242541454,49.967269253438126],[14.97966278236209,49.96723518667903],[14.979733785333586,49.96721299308588],[14.979811599661389,49.96720443925149],[14.979890031389075,49.96721020605382],[14.979962837417313,49.96722983446035],[14.980024222433876,49.9672617620655],[14.98006930020567,49.96730344745324],[14.980094482518423,49.96735157248722],[14.980097764805935,49.967402306427935],[14.980078885730428,49.967451610855505],[14.980039348006134,49.96749556112736],[14.97998229880207,49.96753065878292],[14.979912279237894,49.96755411002697],[14.979834862909865,49.9675640481226],[14.979819356026065,49.96756432472594]]]}"
2_LC08_192025_20180801_00000000000000000005,E20 E20 E20 B14,0.4465308786904954,https://1drv.ms/i/s!AuR4bnS0n2fes6l-CMabXiyK5SOLZA?e=UYJd1D,0.67911689658891,-0.6535951856302252,46943076,1247382000000,1342076400000,1438671600000,1148540400000,"{""type"":""Polygon"",""coordinates"":[[[15.281794138466477,50.67472870169088],[15.281714813377217,50.674721538566665],[15.281641802632954,50.67470061938495],[15.281580917935639,50.67466760932944],[15.281537005718116,50.67462513602269],[15.281513561364674,50.67457658036044],[15.28151245098724,50.67452580738595],[15.281533762901178,50.674476858628594],[15.281575800617446,50.674433630398],[15.28163521790204,50.67439956364129],[15.28170728514617,50.67437737005001],[15.281786265840893,50.674368816216415],[15.28186587318959,50.674374583018206],[15.281939770516198,50.67439421142304],[15.282002075643087,50.67442613902584],[15.28204782909696,50.67446782441135],[15.282073388878288,50.67451594944389],[15.282076720372164,50.67456668338439],[15.282057558321211,50.67461598781307],[15.282017427962073,50.674659938087004],[15.281959523636102,50.674695035744946],[15.281888454530783,50.674718486990955],[15.28180987778745,50.674728425087494],[15.281794138466477,50.67472870169088]]]}"
2_LC08_192025_20180801_00000000000000000002,E20 E20 E20 B16,0.2839926312426359,https://1drv.ms/i/s!AuR4bnS0n2fes6l4hvOSPmVzGxs2ag?e=239b2w,0.44791861015754814,-0.5146357258477879,44943016,1246345200000,1340694000000,1439276400000,1147330800000,"{""type"":""Polygon"",""coordinates"":[[[12.424825798018437,50.23078060080981],[12.424747213821886,50.23077343768601],[12.424674884993586,50.23075251850544],[12.424614568953812,50.230719508451415],[12.424571066870005,50.230677035146044],[12.424547841480498,50.23062847948463],[12.424546741469157,50.23057770651018],[12.424567854327963,50.23052875775207],[12.424609499414164,50.23048552952012],[12.424668361747903,50.230451462761906],[12.424739755894295,50.230429269169434],[12.424817998921895,50.23042071533534],[12.424896862750742,50.230426482137474],[12.424970069887223,50.23044611054338],[12.425031793091625,50.23047803814766],[12.425077119211299,50.23051972353459],[12.425102440263139,50.230567848568036],[12.425105740636502,50.23061858250866],[12.42508675755296,50.230667886936644],[12.425047002004897,50.23071183720926],[12.424989638499584,50.23074693486571],[12.424919233175109,50.230770386110486],[12.42484139033484,50.230780324206435],[12.424825798018437,50.23078060080981]]]}"
2_LC08_192025_20180801_00000000000000000003,E20 E20 E20 B51,0.5052029674622988,https://1drv.ms/i/s!AuR4bnS0n2fes6oVNPzdlN8JBubj3A?e=f79vVc,0.7021669124709685,-0.6324940889326629,45203000,1247727600000,1341990000000,1439622000000,1147158000000,"{""type"":""Polygon"",""coordinates"":[[[12.780613011971829,50.078573645451485],[12.7805346775366,50.078566482327844],[12.780462578588054,50.07854556314765],[12.78040245424765,50.07851255309413],[12.780359090423463,50.07847007978922],[12.780335938848605,50.0784215241281],[12.78033484233178,50.07837075115366],[12.78035588808739,50.07832180239528],[12.780397400814609,50.07827857416289],[12.780456076069617,50.078244507404165],[12.780527243308939,50.078222313811295],[12.780605237662568,50.078213759977025],[12.780683850844433,50.07821952677928],[12.780756825311853,50.07823915518554],[12.780818352345147,50.07827108279032],[12.780863534406778,50.07831276817773],[12.780888774980854,50.078360893211475],[12.780892064863238,50.07841162715216],[12.780873142111165,50.07846093157989],[12.780833512915166,50.07850488185208],[12.78077633172517,50.07853997950801],[12.780706150166944,50.078563430752375],[12.780628554731724,50.078573368848126],[12.780613011971829,50.078573645451485]]]}"
2_LC08_192025_20180817_00000000000000000004,E20 E20 E20 B13,0.05722031767347589,https://1drv.ms/i/s!AuR4bnS0n2fes6oD0gSHeVvXvGkuZQ?e=rB7cNL,0.19454384938224456,-0.21242663425182515,46782996,1246518000000,1339311600000,1438844400000,1147676400000,"{""type"":""Polygon"",""coordinates"":[[[14.979819356026065,49.96756432472594],[14.979741202403837,49.96755716160239],[14.979669269875169,49.96753624242248],[14.979609284314213,49.96750323236933],[14.97956602058214,49.96746075906477],[14.979542922444892,49.96741220340385],[14.979541828457904,49.96736143042943],[14.979562825634616,49.96731248167086],[14.979604242541454,49.967269253438126],[14.97966278236209,49.96723518667903],[14.979733785333586,49.96721299308588],[14.979811599661389,49.96720443925149],[14.979890031389075,49.96721020605382],[14.979962837417313,49.96722983446035],[14.980024222433876,49.9672617620655],[14.98006930020567,49.96730344745324],[14.980094482518423,49.96735157248722],[14.980097764805935,49.967402306427935],[14.980078885730428,49.967451610855505],[14.980039348006134,49.96749556112736],[14.97998229880207,49.96753065878292],[14.979912279237894,49.96755411002697],[14.979834862909865,49.9675640481226],[14.979819356026065,49.96756432472594]]]}"
2_LC08_192025_20180817_00000000000000000005,E20 E20 E20 B14,0.3572873930160241,https://1drv.ms/i/s!AuR4bnS0n2fes6l-CMabXiyK5SOLZA?e=UYJd1D,0.5747103442136003,-0.5871517854587881,46943076,1247382000000,1342076400000,1438671600000,1148540400000,"{""type"":""Polygon"",""coordinates"":[[[15.281794138466477,50.67472870169088],[15.281714813377217,50.674721538566665],[15.281641802632954,50.67470061938495],[15.281580917935639,50.67466760932944],[15.281537005718116,50.67462513602269],[15.281513561364674,50.67457658036044],[15.28151245098724,50.67452580738595],[15.281533762901178,50.674476858628594],[15.281575800617446,50.674433630398],[15.28163521790204,50.67439956364129],[15.28170728514617,50.67437737005001],[15.281786265840893,50.674368816216415],[15.28186587318959,50.674374583018206],[15.281939770516198,50.67439421142304],[15.282002075643087,50.67442613902584],[15.28204782909696,50.67446782441135],[15.282073388878288,50.67451594944389],[15.282076720372164,50.67456668338439],[15.282057558321211,50.67461598781307],[15.282017427962073,50.674659938087004],[15.281959523636102,50.674695035744946],[15.281888454530783,50.674718486990955],[15.28180987778745,50.674728425087494],[15.281794138466477,50.67472870169088]]]}"
2_LC08_192025_20180817_00000000000000000002,E20 E20 E20 B16,0.23432684643014481,https://1drv.ms/i/s!AuR4bnS0n2fes6l4hvOSPmVzGxs2ag?e=239b2w,0.3369896303995238,-0.4431554295490774,44943016,1246345200000,1340694000000,1439276400000,1147330800000,"{""type"":""Polygon"",""coordinates"":[[[12.424825798018437,50.23078060080981],[12.424747213821886,50.23077343768601],[12.424674884993586,50.23075251850544],[12.424614568953812,50.230719508451415],[12.424571066870005,50.230677035146044],[12.424547841480498,50.23062847948463],[12.424546741469157,50.23057770651018],[12.424567854327963,50.23052875775207],[12.424609499414164,50.23048552952012],[12.424668361747903,50.230451462761906],[12.424739755894295,50.230429269169434],[12.424817998921895,50.23042071533534],[12.424896862750742,50.230426482137474],[12.424970069887223,50.23044611054338],[12.425031793091625,50.23047803814766],[12.425077119211299,50.23051972353459],[12.425102440263139,50.230567848568036],[12.425105740636502,50.23061858250866],[12.42508675755296,50.230667886936644],[12.425047002004897,50.23071183720926],[12.424989638499584,50.23074693486571],[12.424919233175109,50.230770386110486],[12.42484139033484,50.230780324206435],[12.424825798018437,50.23078060080981]]]}"
2_LC08_192025_20180918_00000000000000000004,E20 E20 E20 B13,0.3688125661730181,https://1drv.ms/i/s!AuR4bnS0n2fes6oD0gSHeVvXvGkuZQ?e=rB7cNL,0.5363825394653348,-0.552620505231861,46782996,1246518000000,1339311600000,1438844400000,1147676400000,"{""type"":""Polygon"",""coordinates"":[[[14.979819356026065,49.96756432472594],[14.979741202403837,49.96755716160239],[14.979669269875169,49.96753624242248],[14.979609284314213,49.96750323236933],[14.97956602058214,49.96746075906477],[14.979542922444892,49.96741220340385],[14.979541828457904,49.96736143042943],[14.979562825634616,49.96731248167086],[14.979604242541454,49.967269253438126],[14.97966278236209,49.96723518667903],[14.979733785333586,49.96721299308588],[14.979811599661389,49.96720443925149],[14.979890031389075,49.96721020605382],[14.979962837417313,49.96722983446035],[14.980024222433876,49.9672617620655],[14.98006930020567,49.96730344745324],[14.980094482518423,49.96735157248722],[14.980097764805935,49.967402306427935],[14.980078885730428,49.967451610855505],[14.980039348006134,49.96749556112736],[14.97998229880207,49.96753065878292],[14.979912279237894,49.96755411002697],[14.979834862909865,49.9675640481226],[14.979819356026065,49.96756432472594]]]}"
2_LC08_192025_20180918_00000000000000000005,E20 E20 E20 B14,0.2986587392851796,https://1drv.ms/i/s!AuR4bnS0n2fes6l-CMabXiyK5SOLZA?e=UYJd1D,0.5181451539482551,-0.5514593704908972,46943076,1247382000000,1342076400000,1438671600000,1148540400000,"{""type"":""Polygon"",""coordinates"":[[[15.281794138466477,50.67472870169088],[15.281714813377217,50.674721538566665],[15.281641802632954,50.67470061938495],[15.281580917935639,50.67466760932944],[15.281537005718116,50.67462513602269],[15.281513561364674,50.67457658036044],[15.28151245098724,50.67452580738595],[15.281533762901178,50.674476858628594],[15.281575800617446,50.674433630398],[15.28163521790204,50.67439956364129],[15.28170728514617,50.67437737005001],[15.281786265840893,50.674368816216415],[15.28186587318959,50.674374583018206],[15.281939770516198,50.67439421142304],[15.282002075643087,50.67442613902584],[15.28204782909696,50.67446782441135],[15.282073388878288,50.67451594944389],[15.282076720372164,50.67456668338439],[15.282057558321211,50.67461598781307],[15.282017427962073,50.674659938087004],[15.281959523636102,50.674695035744946],[15.281888454530783,50.674718486990955],[15.28180987778745,50.674728425087494],[15.281794138466477,50.67472870169088]]]}"
2_LC08_192025_20180918_00000000000000000002,E20 E20 E20 B16,0.27583536927582025,https://1drv.ms/i/s!AuR4bnS0n2fes6l4hvOSPmVzGxs2ag?e=239b2w,0.3982571122763755,-0.42336156516148743,44943016,1246345200000,1340694000000,1439276400000,1147330800000,"{""type"":""Polygon"",""coordinates"":[[[12.424825798018437,50.23078060080981],[12.424747213821886,50.23077343768601],[12.424674884993586,50.23075251850544],[12.424614568953812,50.230719508451415],[12.424571066870005,50.230677035146044],[12.424547841480498,50.23062847948463],[12.424546741469157,50.23057770651018],[12.424567854327963,50.23052875775207],[12.424609499414164,50.23048552952012],[12.424668361747903,50.230451462761906],[12.424739755894295,50.230429269169434],[12.424817998921895,50.23042071533534],[12.424896862750742,50.230426482137474],[12.424970069887223,50.23044611054338],[12.425031793091625,50.23047803814766],[12.425077119211299,50.23051972353459],[12.425102440263139,50.230567848568036],[12.425105740636502,50.23061858250866],[12.42508675755296,50.230667886936644],[12.425047002004897,50.23071183720926],[12.424989638499584,50.23074693486571],[12.424919233175109,50.230770386110486],[12.42484139033484,50.230780324206435],[12.424825798018437,50.23078060080981]]]}"
2_LC08_192025_20180918_00000000000000000003,E20 E20 E20 B51,0.4374841197686115,https://1drv.ms/i/s!AuR4bnS0n2fes6oVNPzdlN8JBubj3A?e=f79vVc,0.7034011445521919,-0.6496700005249819,45203000,1247727600000,1341990000000,1439622000000,1147158000000,"{""type"":""Polygon"",""coordinates"":[[[12.780613011971829,50.078573645451485],[12.7805346775366,50.078566482327844],[12.780462578588054,50.07854556314765],[12.78040245424765,50.07851255309413],[12.780359090423463,50.07847007978922],[12.780335938848605,50.0784215241281],[12.78033484233178,50.07837075115366],[12.78035588808739,50.07832180239528],[12.780397400814609,50.07827857416289],[12.780456076069617,50.078244507404165],[12.780527243308939,50.078222313811295],[12.780605237662568,50.078213759977025],[12.780683850844433,50.07821952677928],[12.780756825311853,50.07823915518554],[12.780818352345147,50.07827108279032],[12.780863534406778,50.07831276817773],[12.780888774980854,50.078360893211475],[12.780892064863238,50.07841162715216],[12.780873142111165,50.07846093157989],[12.780833512915166,50.07850488185208],[12.78077633172517,50.07853997950801],[12.780706150166944,50.078563430752375],[12.780628554731724,50.078573368848126],[12.780613011971829,50.078573645451485]]]}"
2_LC08_192025_20190225_00000000000000000005,E20 E20 E20 B14,-0.5656488055250766,https://1drv.ms/i/s!AuR4bnS0n2fes6l-CMabXiyK5SOLZA?e=UYJd1D,-0.09649933917385205,0.07732732281437152,46943076,1247382000000,1342076400000,1438671600000,1148540400000,"{""type"":""Polygon"",""coordinates"":[[[15.281794138466477,50.67472870169088],[15.281714813377217,50.674721538566665],[15.281641802632954,50.67470061938495],[15.281580917935639,50.67466760932944],[15.281537005718116,50.67462513602269],[15.281513561364674,50.67457658036044],[15.28151245098724,50.67452580738595],[15.281533762901178,50.674476858628594],[15.281575800617446,50.674433630398],[15.28163521790204,50.67439956364129],[15.28170728514617,50.67437737005001],[15.281786265840893,50.674368816216415],[15.28186587318959,50.674374583018206],[15.281939770516198,50.67439421142304],[15.282002075643087,50.67442613902584],[15.28204782909696,50.67446782441135],[15.282073388878288,50.67451594944389],[15.282076720372164,50.67456668338439],[15.282057558321211,50.67461598781307],[15.282017427962073,50.674659938087004],[15.281959523636102,50.674695035744946],[15.281888454530783,50.674718486990955],[15.28180987778745,50.674728425087494],[15.281794138466477,50.67472870169088]]]}"
2_LC08_192025_20190225_00000000000000000002,E20 E20 E20 B16,0.08273925985439204,https://1drv.ms/i/s!AuR4bnS0n2fes6l4hvOSPmVzGxs2ag?e=239b2w,0.20567675616792,-0.3236401468713727,44943016,1246345200000,1340694000000,1439276400000,1147330800000,"{""type"":""Polygon"",""coordinates"":[[[12.424825798018437,50.23078060080981],[12.424747213821886,50.23077343768601],[12.424674884993586,50.23075251850544],[12.424614568953812,50.230719508451415],[12.424571066870005,50.230677035146044],[12.424547841480498,50.23062847948463],[12.424546741469157,50.23057770651018],[12.424567854327963,50.23052875775207],[12.424609499414164,50.23048552952012],[12.424668361747903,50.230451462761906],[12.424739755894295,50.230429269169434],[12.424817998921895,50.23042071533534],[12.424896862750742,50.230426482137474],[12.424970069887223,50.23044611054338],[12.425031793091625,50.23047803814766],[12.425077119211299,50.23051972353459],[12.425102440263139,50.230567848568036],[12.425105740636502,50.23061858250866],[12.42508675755296,50.230667886936644],[12.425047002004897,50.23071183720926],[12.424989638499584,50.23074693486571],[12.424919233175109,50.230770386110486],[12.42484139033484,50.230780324206435],[12.424825798018437,50.23078060080981]]]}"
2_LC08_192025_20190921_00000000000000000005,E20 E20 E20 B14,0.3992815604230858,https://1drv.ms/i/s!AuR4bnS0n2fes6l-CMabXiyK5SOLZA?e=UYJd1D,0.6816512623054153,-0.6409376946987293,46943076,1247382000000,1342076400000,1438671600000,1148540400000,"{""type"":""Polygon"",""coordinates"":[[[15.281794138466477,50.67472870169088],[15.281714813377217,50.674721538566665],[15.281641802632954,50.67470061938495],[15.281580917935639,50.67466760932944],[15.281537005718116,50.67462513602269],[15.281513561364674,50.67457658036044],[15.28151245098724,50.67452580738595],[15.281533762901178,50.674476858628594],[15.281575800617446,50.674433630398],[15.28163521790204,50.67439956364129],[15.28170728514617,50.67437737005001],[15.281786265840893,50.674368816216415],[15.28186587318959,50.674374583018206],[15.281939770516198,50.67439421142304],[15.282002075643087,50.67442613902584],[15.28204782909696,50.67446782441135],[15.282073388878288,50.67451594944389],[15.282076720372164,50.67456668338439],[15.282057558321211,50.67461598781307],[15.282017427962073,50.674659938087004],[15.281959523636102,50.674695035744946],[15.281888454530783,50.674718486990955],[15.28180987778745,50.674728425087494],[15.281794138466477,50.67472870169088]]]}"
2_LC08_192025_20190921_00000000000000000002,E20 E20 E20 B16,0.5430643561993761,https://1drv.ms/i/s!AuR4bnS0n2fes6l4hvOSPmVzGxs2ag?e=239b2w,0.7893495840055931,-0.7594713057368052,44943016,1246345200000,1340694000000,1439276400000,1147330800000,"{""type"":""Polygon"",""coordinates"":[[[12.424825798018437,50.23078060080981],[12.424747213821886,50.23077343768601],[12.424674884993586,50.23075251850544],[12.424614568953812,50.230719508451415],[12.424571066870005,50.230677035146044],[12.424547841480498,50.23062847948463],[12.424546741469157,50.23057770651018],[12.424567854327963,50.23052875775207],[12.424609499414164,50.23048552952012],[12.424668361747903,50.230451462761906],[12.424739755894295,50.230429269169434],[12.424817998921895,50.23042071533534],[12.424896862750742,50.230426482137474],[12.424970069887223,50.23044611054338],[12.425031793091625,50.23047803814766],[12.425077119211299,50.23051972353459],[12.425102440263139,50.230567848568036],[12.425105740636502,50.23061858250866],[12.42508675755296,50.230667886936644],[12.425047002004897,50.23071183720926],[12.424989638499584,50.23074693486571],[12.424919233175109,50.230770386110486],[12.42484139033484,50.230780324206435],[12.424825798018437,50.23078060080981]]]}"
2_LC08_192025_20190921_00000000000000000003,E20 E20 E20 B51,0.4733978399589787,https://1drv.ms/i/s!AuR4bnS0n2fes6oVNPzdlN8JBubj3A?e=f79vVc,0.7098117465443545,-0.6533540279460891,45203000,1247727600000,1341990000000,1439622000000,1147158000000,"{""type"":""Polygon"",""coordinates"":[[[12.780613011971829,50.078573645451485],[12.7805346775366,50.078566482327844],[12.780462578588054,50.07854556314765],[12.78040245424765,50.07851255309413],[12.780359090423463,50.07847007978922],[12.780335938848605,50.0784215241281],[12.78033484233178,50.07837075115366],[12.78035588808739,50.07832180239528],[12.780397400814609,50.07827857416289],[12.780456076069617,50.078244507404165],[12.780527243308939,50.078222313811295],[12.780605237662568,50.078213759977025],[12.780683850844433,50.07821952677928],[12.780756825311853,50.07823915518554],[12.780818352345147,50.07827108279032],[12.780863534406778,50.07831276817773],[12.780888774980854,50.078360893211475],[12.780892064863238,50.07841162715216],[12.780873142111165,50.07846093157989],[12.780833512915166,50.07850488185208],[12.78077633172517,50.07853997950801],[12.780706150166944,50.078563430752375],[12.780628554731724,50.078573368848126],[12.780613011971829,50.078573645451485]]]}"
2_LC08_192025_20191007_00000000000000000005,E20 E20 E20 B14,0.3854876376017839,https://1drv.ms/i/s!AuR4bnS0n2fes6l-CMabXiyK5SOLZA?e=UYJd1D,0.6760501153036876,-0.6292026728966104,46943076,1247382000000,1342076400000,1438671600000,1148540400000,"{""type"":""Polygon"",""coordinates"":[[[15.281794138466477,50.67472870169088],[15.281714813377217,50.674721538566665],[15.281641802632954,50.67470061938495],[15.281580917935639,50.67466760932944],[15.281537005718116,50.67462513602269],[15.281513561364674,50.67457658036044],[15.28151245098724,50.67452580738595],[15.281533762901178,50.674476858628594],[15.281575800617446,50.674433630398],[15.28163521790204,50.67439956364129],[15.28170728514617,50.67437737005001],[15.281786265840893,50.674368816216415],[15.28186587318959,50.674374583018206],[15.281939770516198,50.67439421142304],[15.282002075643087,50.67442613902584],[15.28204782909696,50.67446782441135],[15.282073388878288,50.67451594944389],[15.282076720372164,50.67456668338439],[15.282057558321211,50.67461598781307],[15.282017427962073,50.674659938087004],[15.281959523636102,50.674695035744946],[15.281888454530783,50.674718486990955],[15.28180987778745,50.674728425087494],[15.281794138466477,50.67472870169088]]]}"
2_LC08_192025_20191007_00000000000000000003,E20 E20 E20 B51,0.48491580083799923,https://1drv.ms/i/s!AuR4bnS0n2fes6oVNPzdlN8JBubj3A?e=f79vVc,0.6607060589487626,-0.6157689720854904,45203000,1247727600000,1341990000000,1439622000000,1147158000000,"{""type"":""Polygon"",""coordinates"":[[[12.780613011971829,50.078573645451485],[12.7805346775366,50.078566482327844],[12.780462578588054,50.07854556314765],[12.78040245424765,50.07851255309413],[12.780359090423463,50.07847007978922],[12.780335938848605,50.0784215241281],[12.78033484233178,50.07837075115366],[12.78035588808739,50.07832180239528],[12.780397400814609,50.07827857416289],[12.780456076069617,50.078244507404165],[12.780527243308939,50.078222313811295],[12.780605237662568,50.078213759977025],[12.780683850844433,50.07821952677928],[12.780756825311853,50.07823915518554],[12.780818352345147,50.07827108279032],[12.780863534406778,50.07831276817773],[12.780888774980854,50.078360893211475],[12.780892064863238,50.07841162715216],[12.780873142111165,50.07846093157989],[12.780833512915166,50.07850488185208],[12.78077633172517,50.07853997950801],[12.780706150166944,50.078563430752375],[12.780628554731724,50.078573368848126],[12.780613011971829,50.078573645451485]]]}"
2_LC08_192025_20200315_00000000000000000002,E20 E20 E20 B16,0.12959700287537032,https://1drv.ms/i/s!AuR4bnS0n2fes6l4hvOSPmVzGxs2ag?e=239b2w,0.25948463182184134,-0.36352552073600974,44943016,1246345200000,1340694000000,1439276400000,1147330800000,"{""type"":""Polygon"",""coordinates"":[[[12.424825798018437,50.23078060080981],[12.424747213821886,50.23077343768601],[12.424674884993586,50.23075251850544],[12.424614568953812,50.230719508451415],[12.424571066870005,50.230677035146044],[12.424547841480498,50.23062847948463],[12.424546741469157,50.23057770651018],[12.424567854327963,50.23052875775207],[12.424609499414164,50.23048552952012],[12.424668361747903,50.230451462761906],[12.424739755894295,50.230429269169434],[12.424817998921895,50.23042071533534],[12.424896862750742,50.230426482137474],[12.424970069887223,50.23044611054338],[12.425031793091625,50.23047803814766],[12.425077119211299,50.23051972353459],[12.425102440263139,50.230567848568036],[12.425105740636502,50.23061858250866],[12.42508675755296,50.230667886936644],[12.425047002004897,50.23071183720926],[12.424989638499584,50.23074693486571],[12.424919233175109,50.230770386110486],[12.42484139033484,50.230780324206435],[12.424825798018437,50.23078060080981]]]}"
2_LC08_192025_20200315_00000000000000000003,E20 E20 E20 B51,0.28451540114694857,https://1drv.ms/i/s!AuR4bnS0n2fes6oVNPzdlN8JBubj3A?e=f79vVc,0.4928162265468255,-0.5452878556317662,45203000,1247727600000,1341990000000,1439622000000,1147158000000,"{""type"":""Polygon"",""coordinates"":[[[12.780613011971829,50.078573645451485],[12.7805346775366,50.078566482327844],[12.780462578588054,50.07854556314765],[12.78040245424765,50.07851255309413],[12.780359090423463,50.07847007978922],[12.780335938848605,50.0784215241281],[12.78033484233178,50.07837075115366],[12.78035588808739,50.07832180239528],[12.780397400814609,50.07827857416289],[12.780456076069617,50.078244507404165],[12.780527243308939,50.078222313811295],[12.780605237662568,50.078213759977025],[12.780683850844433,50.07821952677928],[12.780756825311853,50.07823915518554],[12.780818352345147,50.07827108279032],[12.780863534406778,50.07831276817773],[12.780888774980854,50.078360893211475],[12.780892064863238,50.07841162715216],[12.780873142111165,50.07846093157989],[12.780833512915166,50.07850488185208],[12.78077633172517,50.07853997950801],[12.780706150166944,50.078563430752375],[12.780628554731724,50.078573368848126],[12.780613011971829,50.078573645451485]]]}"
2_LC08_192025_20200518_00000000000000000005,E20 E20 E20 B14,0.33015767599258716,https://1drv.ms/i/s!AuR4bnS0n2fes6l-CMabXiyK5SOLZA?e=UYJd1D,0.5290947368352951,-0.5400073046767526,46943076,1247382000000,1342076400000,1438671600000,1148540400000,"{""type"":""Polygon"",""coordinates"":[[[15.281794138466477,50.67472870169088],[15.281714813377217,50.674721538566665],[15.281641802632954,50.67470061938495],[15.281580917935639,50.67466760932944],[15.281537005718116,50.67462513602269],[15.281513561364674,50.67457658036044],[15.28151245098724,50.67452580738595],[15.281533762901178,50.674476858628594],[15.281575800617446,50.674433630398],[15.28163521790204,50.67439956364129],[15.28170728514617,50.67437737005001],[15.281786265840893,50.674368816216415],[15.28186587318959,50.674374583018206],[15.281939770516198,50.67439421142304],[15.282002075643087,50.67442613902584],[15.28204782909696,50.67446782441135],[15.282073388878288,50.67451594944389],[15.282076720372164,50.67456668338439],[15.282057558321211,50.67461598781307],[15.282017427962073,50.674659938087004],[15.281959523636102,50.674695035744946],[15.281888454530783,50.674718486990955],[15.28180987778745,50.674728425087494],[15.281794138466477,50.67472870169088]]]}"
2_LC08_192025_20200518_00000000000000000002,E20 E20 E20 B16,0.10601409875548122,https://1drv.ms/i/s!AuR4bnS0n2fes6l4hvOSPmVzGxs2ag?e=239b2w,0.14662190319474605,-0.25717707309503746,44943016,1246345200000,1340694000000,1439276400000,1147330800000,"{""type"":""Polygon"",""coordinates"":[[[12.424825798018437,50.23078060080981],[12.424747213821886,50.23077343768601],[12.424674884993586,50.23075251850544],[12.424614568953812,50.230719508451415],[12.424571066870005,50.230677035146044],[12.424547841480498,50.23062847948463],[12.424546741469157,50.23057770651018],[12.424567854327963,50.23052875775207],[12.424609499414164,50.23048552952012],[12.424668361747903,50.230451462761906],[12.424739755894295,50.230429269169434],[12.424817998921895,50.23042071533534],[12.424896862750742,50.230426482137474],[12.424970069887223,50.23044611054338],[12.425031793091625,50.23047803814766],[12.425077119211299,50.23051972353459],[12.425102440263139,50.230567848568036],[12.425105740636502,50.23061858250866],[12.42508675755296,50.230667886936644],[12.425047002004897,50.23071183720926],[12.424989638499584,50.23074693486571],[12.424919233175109,50.230770386110486],[12.42484139033484,50.230780324206435],[12.424825798018437,50.23078060080981]]]}"
2_LC08_192025_20200518_00000000000000000003,E20 E20 E20 B51,0.5676186704201206,https://1drv.ms/i/s!AuR4bnS0n2fes6oVNPzdlN8JBubj3A?e=f79vVc,0.7277876406467433,-0.6736740584310013,45203000,1247727600000,1341990000000,1439622000000,1147158000000,"{""type"":""Polygon"",""coordinates"":[[[12.780613011971829,50.078573645451485],[12.7805346775366,50.078566482327844],[12.780462578588054,50.07854556314765],[12.78040245424765,50.07851255309413],[12.780359090423463,50.07847007978922],[12.780335938848605,50.0784215241281],[12.78033484233178,50.07837075115366],[12.78035588808739,50.07832180239528],[12.780397400814609,50.07827857416289],[12.780456076069617,50.078244507404165],[12.780527243308939,50.078222313811295],[12.780605237662568,50.078213759977025],[12.780683850844433,50.07821952677928],[12.780756825311853,50.07823915518554],[12.780818352345147,50.07827108279032],[12.780863534406778,50.07831276817773],[12.780888774980854,50.078360893211475],[12.780892064863238,50.07841162715216],[12.780873142111165,50.07846093157989],[12.780833512915166,50.07850488185208],[12.78077633172517,50.07853997950801],[12.780706150166944,50.078563430752375],[12.780628554731724,50.078573368848126],[12.780613011971829,50.078573645451485]]]}"
2_LC08_192025_20200806_00000000000000000004,E20 E20 E20 B13,0.34927325666403963,https://1drv.ms/i/s!AuR4bnS0n2fes6oD0gSHeVvXvGkuZQ?e=rB7cNL,0.5938433129646583,-0.6125762103537787,46782996,1246518000000,1339311600000,1438844400000,1147676400000,"{""type"":""Polygon"",""coordinates"":[[[14.979819356026065,49.96756432472594],[14.979741202403837,49.96755716160239],[14.979669269875169,49.96753624242248],[14.979609284314213,49.96750323236933],[14.97956602058214,49.96746075906477],[14.979542922444892,49.96741220340385],[14.979541828457904,49.96736143042943],[14.979562825634616,49.96731248167086],[14.979604242541454,49.967269253438126],[14.97966278236209,49.96723518667903],[14.979733785333586,49.96721299308588],[14.979811599661389,49.96720443925149],[14.979890031389075,49.96721020605382],[14.979962837417313,49.96722983446035],[14.980024222433876,49.9672617620655],[14.98006930020567,49.96730344745324],[14.980094482518423,49.96735157248722],[14.980097764805935,49.967402306427935],[14.980078885730428,49.967451610855505],[14.980039348006134,49.96749556112736],[14.97998229880207,49.96753065878292],[14.979912279237894,49.96755411002697],[14.979834862909865,49.9675640481226],[14.979819356026065,49.96756432472594]]]}"
2_LC08_192025_20200806_00000000000000000005,E20 E20 E20 B14,0.5546205870043897,https://1drv.ms/i/s!AuR4bnS0n2fes6l-CMabXiyK5SOLZA?e=UYJd1D,0.8105273282532669,-0.7242049677498741,46943076,1247382000000,1342076400000,1438671600000,1148540400000,"{""type"":""Polygon"",""coordinates"":[[[15.281794138466477,50.67472870169088],[15.281714813377217,50.674721538566665],[15.281641802632954,50.67470061938495],[15.281580917935639,50.67466760932944],[15.281537005718116,50.67462513602269],[15.281513561364674,50.67457658036044],[15.28151245098724,50.67452580738595],[15.281533762901178,50.674476858628594],[15.281575800617446,50.674433630398],[15.28163521790204,50.67439956364129],[15.28170728514617,50.67437737005001],[15.281786265840893,50.674368816216415],[15.28186587318959,50.674374583018206],[15.281939770516198,50.67439421142304],[15.282002075643087,50.67442613902584],[15.28204782909696,50.67446782441135],[15.282073388878288,50.67451594944389],[15.282076720372164,50.67456668338439],[15.282057558321211,50.67461598781307],[15.282017427962073,50.674659938087004],[15.281959523636102,50.674695035744946],[15.281888454530783,50.674718486990955],[15.28180987778745,50.674728425087494],[15.281794138466477,50.67472870169088]]]}"
2_LC08_192025_20200806_00000000000000000002,E20 E20 E20 B16,0.36943425884320225,https://1drv.ms/i/s!AuR4bnS0n2fes6l4hvOSPmVzGxs2ag?e=239b2w,0.5251394699325488,-0.5445870517051934,44943016,1246345200000,1340694000000,1439276400000,1147330800000,"{""type"":""Polygon"",""coordinates"":[[[12.424825798018437,50.23078060080981],[12.424747213821886,50.23077343768601],[12.424674884993586,50.23075251850544],[12.424614568953812,50.230719508451415],[12.424571066870005,50.230677035146044],[12.424547841480498,50.23062847948463],[12.424546741469157,50.23057770651018],[12.424567854327963,50.23052875775207],[12.424609499414164,50.23048552952012],[12.424668361747903,50.230451462761906],[12.424739755894295,50.230429269169434],[12.424817998921895,50.23042071533534],[12.424896862750742,50.230426482137474],[12.424970069887223,50.23044611054338],[12.425031793091625,50.23047803814766],[12.425077119211299,50.23051972353459],[12.425102440263139,50.230567848568036],[12.425105740636502,50.23061858250866],[12.42508675755296,50.230667886936644],[12.425047002004897,50.23071183720926],[12.424989638499584,50.23074693486571],[12.424919233175109,50.230770386110486],[12.42484139033484,50.230780324206435],[12.424825798018437,50.23078060080981]]]}"
2_LC08_192025_20200806_00000000000000000003,E20 E20 E20 B51,0.63628277556253,https://1drv.ms/i/s!AuR4bnS0n2fes6oVNPzdlN8JBubj3A?e=f79vVc,0.7920883644806819,-0.694891569358851,45203000,1247727600000,1341990000000,1439622000000,1147158000000,"{""type"":""Polygon"",""coordinates"":[[[12.780613011971829,50.078573645451485],[12.7805346775366,50.078566482327844],[12.780462578588054,50.07854556314765],[12.78040245424765,50.07851255309413],[12.780359090423463,50.07847007978922],[12.780335938848605,50.0784215241281],[12.78033484233178,50.07837075115366],[12.78035588808739,50.07832180239528],[12.780397400814609,50.07827857416289],[12.780456076069617,50.078244507404165],[12.780527243308939,50.078222313811295],[12.780605237662568,50.078213759977025],[12.780683850844433,50.07821952677928],[12.780756825311853,50.07823915518554],[12.780818352345147,50.07827108279032],[12.780863534406778,50.07831276817773],[12.780888774980854,50.078360893211475],[12.780892064863238,50.07841162715216],[12.780873142111165,50.07846093157989],[12.780833512915166,50.07850488185208],[12.78077633172517,50.07853997950801],[12.780706150166944,50.078563430752375],[12.780628554731724,50.078573368848126],[12.780613011971829,50.078573645451485]]]}"
2_LC08_192025_20210214_00000000000000000005,E20 E20 E20 B14,-0.37435910373649744,https://1drv.ms/i/s!AuR4bnS0n2fes6l-CMabXiyK5SOLZA?e=UYJd1D,-0.03847899227013062,0.01638867307421684,46943076,1247382000000,1342076400000,1438671600000,1148540400000,"{""type"":""Polygon"",""coordinates"":[[[15.281794138466477,50.67472870169088],[15.281714813377217,50.674721538566665],[15.281641802632954,50.67470061938495],[15.281580917935639,50.67466760932944],[15.281537005718116,50.67462513602269],[15.281513561364674,50.67457658036044],[15.28151245098724,50.67452580738595],[15.281533762901178,50.674476858628594],[15.281575800617446,50.674433630398],[15.28163521790204,50.67439956364129],[15.28170728514617,50.67437737005001],[15.281786265840893,50.674368816216415],[15.28186587318959,50.674374583018206],[15.281939770516198,50.67439421142304],[15.282002075643087,50.67442613902584],[15.28204782909696,50.67446782441135],[15.282073388878288,50.67451594944389],[15.282076720372164,50.67456668338439],[15.282057558321211,50.67461598781307],[15.282017427962073,50.674659938087004],[15.281959523636102,50.674695035744946],[15.281888454530783,50.674718486990955],[15.28180987778745,50.674728425087494],[15.281794138466477,50.67472870169088]]]}"
2_LC08_192025_20210214_00000000000000000002,E20 E20 E20 B16,-0.8767401838073013,https://1drv.ms/i/s!AuR4bnS0n2fes6l4hvOSPmVzGxs2ag?e=239b2w,-0.05107618672809263,0.037981433112682816,44943016,1246345200000,1340694000000,1439276400000,1147330800000,"{""type"":""Polygon"",""coordinates"":[[[12.424825798018437,50.23078060080981],[12.424747213821886,50.23077343768601],[12.424674884993586,50.23075251850544],[12.424614568953812,50.230719508451415],[12.424571066870005,50.230677035146044],[12.424547841480498,50.23062847948463],[12.424546741469157,50.23057770651018],[12.424567854327963,50.23052875775207],[12.424609499414164,50.23048552952012],[12.424668361747903,50.230451462761906],[12.424739755894295,50.230429269169434],[12.424817998921895,50.23042071533534],[12.424896862750742,50.230426482137474],[12.424970069887223,50.23044611054338],[12.425031793091625,50.23047803814766],[12.425077119211299,50.23051972353459],[12.425102440263139,50.230567848568036],[12.425105740636502,50.23061858250866],[12.42508675755296,50.230667886936644],[12.425047002004897,50.23071183720926],[12.424989638499584,50.23074693486571],[12.424919233175109,50.230770386110486],[12.42484139033484,50.230780324206435],[12.424825798018437,50.23078060080981]]]}"
2_LC08_192025_20210214_00000000000000000003,E20 E20 E20 B51,-0.5630227845004585,https://1drv.ms/i/s!AuR4bnS0n2fes6oVNPzdlN8JBubj3A?e=f79vVc,-0.04863829489753041,0.03327785406874283,45203000,1247727600000,1341990000000,1439622000000,1147158000000,"{""type"":""Polygon"",""coordinates"":[[[12.780613011971829,50.078573645451485],[12.7805346775366,50.078566482327844],[12.780462578588054,50.07854556314765],[12.78040245424765,50.07851255309413],[12.780359090423463,50.07847007978922],[12.780335938848605,50.0784215241281],[12.78033484233178,50.07837075115366],[12.78035588808739,50.07832180239528],[12.780397400814609,50.07827857416289],[12.780456076069617,50.078244507404165],[12.780527243308939,50.078222313811295],[12.780605237662568,50.078213759977025],[12.780683850844433,50.07821952677928],[12.780756825311853,50.07823915518554],[12.780818352345147,50.07827108279032],[12.780863534406778,50.07831276817773],[12.780888774980854,50.078360893211475],[12.780892064863238,50.07841162715216],[12.780873142111165,50.07846093157989],[12.780833512915166,50.07850488185208],[12.78077633172517,50.07853997950801],[12.780706150166944,50.078563430752375],[12.780628554731724,50.078573368848126],[12.780613011971829,50.078573645451485]]]}"
2_LC08_192025_20210926_00000000000000000005,E20 E20 E20 B14,0.5393234317001643,https://1drv.ms/i/s!AuR4bnS0n2fes6l-CMabXiyK5SOLZA?e=UYJd1D,0.7987137049228243,-0.711445137874693,46943076,1247382000000,1342076400000,1438671600000,1148540400000,"{""type"":""Polygon"",""coordinates"":[[[15.281794138466477,50.67472870169088],[15.281714813377217,50.674721538566665],[15.281641802632954,50.67470061938495],[15.281580917935639,50.67466760932944],[15.281537005718116,50.67462513602269],[15.281513561364674,50.67457658036044],[15.28151245098724,50.67452580738595],[15.281533762901178,50.674476858628594],[15.281575800617446,50.674433630398],[15.28163521790204,50.67439956364129],[15.28170728514617,50.67437737005001],[15.281786265840893,50.674368816216415],[15.28186587318959,50.674374583018206],[15.281939770516198,50.67439421142304],[15.282002075643087,50.67442613902584],[15.28204782909696,50.67446782441135],[15.282073388878288,50.67451594944389],[15.282076720372164,50.67456668338439],[15.282057558321211,50.67461598781307],[15.282017427962073,50.674659938087004],[15.281959523636102,50.674695035744946],[15.281888454530783,50.674718486990955],[15.28180987778745,50.674728425087494],[15.281794138466477,50.67472870169088]]]}"
2_LC08_192025_20210926_00000000000000000002,E20 E20 E20 B16,0.16140169811969687,https://1drv.ms/i/s!AuR4bnS0n2fes6l4hvOSPmVzGxs2ag?e=239b2w,0.34408193144982235,-0.40357141625057585,44943016,1246345200000,1340694000000,1439276400000,1147330800000,"{""type"":""Polygon"",""coordinates"":[[[12.424825798018437,50.23078060080981],[12.424747213821886,50.23077343768601],[12.424674884993586,50.23075251850544],[12.424614568953812,50.230719508451415],[12.424571066870005,50.230677035146044],[12.424547841480498,50.23062847948463],[12.424546741469157,50.23057770651018],[12.424567854327963,50.23052875775207],[12.424609499414164,50.23048552952012],[12.424668361747903,50.230451462761906],[12.424739755894295,50.230429269169434],[12.424817998921895,50.23042071533534],[12.424896862750742,50.230426482137474],[12.424970069887223,50.23044611054338],[12.425031793091625,50.23047803814766],[12.425077119211299,50.23051972353459],[12.425102440263139,50.230567848568036],[12.425105740636502,50.23061858250866],[12.42508675755296,50.230667886936644],[12.425047002004897,50.23071183720926],[12.424989638499584,50.23074693486571],[12.424919233175109,50.230770386110486],[12.42484139033484,50.230780324206435],[12.424825798018437,50.23078060080981]]]}"
2_LC08_193025_20131216_00000000000000000002,E20 E20 E20 B16,0.4532092291163696,https://1drv.ms/i/s!AuR4bnS0n2fes6l4hvOSPmVzGxs2ag?e=239b2w,0.7575125506317719,-0.6841795497694518,44943016,1246345200000,1340694000000,1439276400000,1147330800000,"{""type"":""Polygon"",""coordinates"":[[[12.424825798018437,50.23078060080981],[12.424747213821886,50.23077343768601],[12.424674884993586,50.23075251850544],[12.424614568953812,50.230719508451415],[12.424571066870005,50.230677035146044],[12.424547841480498,50.23062847948463],[12.424546741469157,50.23057770651018],[12.424567854327963,50.23052875775207],[12.424609499414164,50.23048552952012],[12.424668361747903,50.230451462761906],[12.424739755894295,50.230429269169434],[12.424817998921895,50.23042071533534],[12.424896862750742,50.230426482137474],[12.424970069887223,50.23044611054338],[12.425031793091625,50.23047803814766],[12.425077119211299,50.23051972353459],[12.425102440263139,50.230567848568036],[12.425105740636502,50.23061858250866],[12.42508675755296,50.230667886936644],[12.425047002004897,50.23071183720926],[12.424989638499584,50.23074693486571],[12.424919233175109,50.230770386110486],[12.42484139033484,50.230780324206435],[12.424825798018437,50.23078060080981]]]}"
2_LC08_193025_20131216_00000000000000000003,E20 E20 E20 B51,0.2455164506838334,https://1drv.ms/i/s!AuR4bnS0n2fes6oVNPzdlN8JBubj3A?e=f79vVc,0.43893110798469726,-0.5589297913344624,45203000,1247727600000,1341990000000,1439622000000,1147158000000,"{""type"":""Polygon"",""coordinates"":[[[12.780613011971829,50.078573645451485],[12.7805346775366,50.078566482327844],[12.780462578588054,50.07854556314765],[12.78040245424765,50.07851255309413],[12.780359090423463,50.07847007978922],[12.780335938848605,50.0784215241281],[12.78033484233178,50.07837075115366],[12.78035588808739,50.07832180239528],[12.780397400814609,50.07827857416289],[12.780456076069617,50.078244507404165],[12.780527243308939,50.078222313811295],[12.780605237662568,50.078213759977025],[12.780683850844433,50.07821952677928],[12.780756825311853,50.07823915518554],[12.780818352345147,50.07827108279032],[12.780863534406778,50.07831276817773],[12.780888774980854,50.078360893211475],[12.780892064863238,50.07841162715216],[12.780873142111165,50.07846093157989],[12.780833512915166,50.07850488185208],[12.78077633172517,50.07853997950801],[12.780706150166944,50.078563430752375],[12.780628554731724,50.078573368848126],[12.780613011971829,50.078573645451485]]]}"
2_LC08_193025_20150325_00000000000000000002,E20 E20 E20 B16,0.12107787320420155,https://1drv.ms/i/s!AuR4bnS0n2fes6l4hvOSPmVzGxs2ag?e=239b2w,0.2320889747486315,-0.3178796365576488,44943016,1246345200000,1340694000000,1439276400000,1147330800000,"{""type"":""Polygon"",""coordinates"":[[[12.424825798018437,50.23078060080981],[12.424747213821886,50.23077343768601],[12.424674884993586,50.23075251850544],[12.424614568953812,50.230719508451415],[12.424571066870005,50.230677035146044],[12.424547841480498,50.23062847948463],[12.424546741469157,50.23057770651018],[12.424567854327963,50.23052875775207],[12.424609499414164,50.23048552952012],[12.424668361747903,50.230451462761906],[12.424739755894295,50.230429269169434],[12.424817998921895,50.23042071533534],[12.424896862750742,50.230426482137474],[12.424970069887223,50.23044611054338],[12.425031793091625,50.23047803814766],[12.425077119211299,50.23051972353459],[12.425102440263139,50.230567848568036],[12.425105740636502,50.23061858250866],[12.42508675755296,50.230667886936644],[12.425047002004897,50.23071183720926],[12.424989638499584,50.23074693486571],[12.424919233175109,50.230770386110486],[12.42484139033484,50.230780324206435],[12.424825798018437,50.23078060080981]]]}"
2_LC08_193025_20150325_00000000000000000003,E20 E20 E20 B51,0.26040720431402886,https://1drv.ms/i/s!AuR4bnS0n2fes6oVNPzdlN8JBubj3A?e=f79vVc,0.4034077390841469,-0.4640484881559434,45203000,1247727600000,1341990000000,1439622000000,1147158000000,"{""type"":""Polygon"",""coordinates"":[[[12.780613011971829,50.078573645451485],[12.7805346775366,50.078566482327844],[12.780462578588054,50.07854556314765],[12.78040245424765,50.07851255309413],[12.780359090423463,50.07847007978922],[12.780335938848605,50.0784215241281],[12.78033484233178,50.07837075115366],[12.78035588808739,50.07832180239528],[12.780397400814609,50.07827857416289],[12.780456076069617,50.078244507404165],[12.780527243308939,50.078222313811295],[12.780605237662568,50.078213759977025],[12.780683850844433,50.07821952677928],[12.780756825311853,50.07823915518554],[12.780818352345147,50.07827108279032],[12.780863534406778,50.07831276817773],[12.780888774980854,50.078360893211475],[12.780892064863238,50.07841162715216],[12.780873142111165,50.07846093157989],[12.780833512915166,50.07850488185208],[12.78077633172517,50.07853997950801],[12.780706150166944,50.078563430752375],[12.780628554731724,50.078573368848126],[12.780613011971829,50.078573645451485]]]}"
2_LC08_193025_20150410_00000000000000000002,E20 E20 E20 B16,0.14791345011038465,https://1drv.ms/i/s!AuR4bnS0n2fes6l4hvOSPmVzGxs2ag?e=239b2w,0.27555054872774065,-0.3641466087091167,44943016,1246345200000,1340694000000,1439276400000,1147330800000,"{""type"":""Polygon"",""coordinates"":[[[12.424825798018437,50.23078060080981],[12.424747213821886,50.23077343768601],[12.424674884993586,50.23075251850544],[12.424614568953812,50.230719508451415],[12.424571066870005,50.230677035146044],[12.424547841480498,50.23062847948463],[12.424546741469157,50.23057770651018],[12.424567854327963,50.23052875775207],[12.424609499414164,50.23048552952012],[12.424668361747903,50.230451462761906],[12.424739755894295,50.230429269169434],[12.424817998921895,50.23042071533534],[12.424896862750742,50.230426482137474],[12.424970069887223,50.23044611054338],[12.425031793091625,50.23047803814766],[12.425077119211299,50.23051972353459],[12.425102440263139,50.230567848568036],[12.425105740636502,50.23061858250866],[12.42508675755296,50.230667886936644],[12.425047002004897,50.23071183720926],[12.424989638499584,50.23074693486571],[12.424919233175109,50.230770386110486],[12.42484139033484,50.230780324206435],[12.424825798018437,50.23078060080981]]]}"
2_LC08_193025_20150410_00000000000000000003,E20 E20 E20 B51,0.35781083107868467,https://1drv.ms/i/s!AuR4bnS0n2fes6oVNPzdlN8JBubj3A?e=f79vVc,0.5215137020029396,-0.5518486379859321,45203000,1247727600000,1341990000000,1439622000000,1147158000000,"{""type"":""Polygon"",""coordinates"":[[[12.780613011971829,50.078573645451485],[12.7805346775366,50.078566482327844],[12.780462578588054,50.07854556314765],[12.78040245424765,50.07851255309413],[12.780359090423463,50.07847007978922],[12.780335938848605,50.0784215241281],[12.78033484233178,50.07837075115366],[12.78035588808739,50.07832180239528],[12.780397400814609,50.07827857416289],[12.780456076069617,50.078244507404165],[12.780527243308939,50.078222313811295],[12.780605237662568,50.078213759977025],[12.780683850844433,50.07821952677928],[12.780756825311853,50.07823915518554],[12.780818352345147,50.07827108279032],[12.780863534406778,50.07831276817773],[12.780888774980854,50.078360893211475],[12.780892064863238,50.07841162715216],[12.780873142111165,50.07846093157989],[12.780833512915166,50.07850488185208],[12.78077633172517,50.07853997950801],[12.780706150166944,50.078563430752375],[12.780628554731724,50.078573368848126],[12.780613011971829,50.078573645451485]]]}"
2_LC08_193025_20150901_00000000000000000002,E20 E20 E20 B16,0.6650277014632595,https://1drv.ms/i/s!AuR4bnS0n2fes6l4hvOSPmVzGxs2ag?e=239b2w,0.8626574010976845,-0.8087804139744706,44943016,1246345200000,1340694000000,1439276400000,1147330800000,"{""type"":""Polygon"",""coordinates"":[[[12.424825798018437,50.23078060080981],[12.424747213821886,50.23077343768601],[12.424674884993586,50.23075251850544],[12.424614568953812,50.230719508451415],[12.424571066870005,50.230677035146044],[12.424547841480498,50.23062847948463],[12.424546741469157,50.23057770651018],[12.424567854327963,50.23052875775207],[12.424609499414164,50.23048552952012],[12.424668361747903,50.230451462761906],[12.424739755894295,50.230429269169434],[12.424817998921895,50.23042071533534],[12.424896862750742,50.230426482137474],[12.424970069887223,50.23044611054338],[12.425031793091625,50.23047803814766],[12.425077119211299,50.23051972353459],[12.425102440263139,50.230567848568036],[12.425105740636502,50.23061858250866],[12.42508675755296,50.230667886936644],[12.425047002004897,50.23071183720926],[12.424989638499584,50.23074693486571],[12.424919233175109,50.230770386110486],[12.42484139033484,50.230780324206435],[12.424825798018437,50.23078060080981]]]}"
2_LC08_193025_20150901_00000000000000000003,E20 E20 E20 B51,0.5647543586856429,https://1drv.ms/i/s!AuR4bnS0n2fes6oVNPzdlN8JBubj3A?e=f79vVc,0.797030443988482,-0.7111153885958688,45203000,1247727600000,1341990000000,1439622000000,1147158000000,"{""type"":""Polygon"",""coordinates"":[[[12.780613011971829,50.078573645451485],[12.7805346775366,50.078566482327844],[12.780462578588054,50.07854556314765],[12.78040245424765,50.07851255309413],[12.780359090423463,50.07847007978922],[12.780335938848605,50.0784215241281],[12.78033484233178,50.07837075115366],[12.78035588808739,50.07832180239528],[12.780397400814609,50.07827857416289],[12.780456076069617,50.078244507404165],[12.780527243308939,50.078222313811295],[12.780605237662568,50.078213759977025],[12.780683850844433,50.07821952677928],[12.780756825311853,50.07823915518554],[12.780818352345147,50.07827108279032],[12.780863534406778,50.07831276817773],[12.780888774980854,50.078360893211475],[12.780892064863238,50.07841162715216],[12.780873142111165,50.07846093157989],[12.780833512915166,50.07850488185208],[12.78077633172517,50.07853997950801],[12.780706150166944,50.078563430752375],[12.780628554731724,50.078573368848126],[12.780613011971829,50.078573645451485]]]}"
2_LC08_193025_20151003_00000000000000000002,E20 E20 E20 B16,0.48145555852973465,https://1drv.ms/i/s!AuR4bnS0n2fes6l4hvOSPmVzGxs2ag?e=239b2w,0.7610310274486484,-0.735914809456871,44943016,1246345200000,1340694000000,1439276400000,1147330800000,"{""type"":""Polygon"",""coordinates"":[[[12.424825798018437,50.23078060080981],[12.424747213821886,50.23077343768601],[12.424674884993586,50.23075251850544],[12.424614568953812,50.230719508451415],[12.424571066870005,50.230677035146044],[12.424547841480498,50.23062847948463],[12.424546741469157,50.23057770651018],[12.424567854327963,50.23052875775207],[12.424609499414164,50.23048552952012],[12.424668361747903,50.230451462761906],[12.424739755894295,50.230429269169434],[12.424817998921895,50.23042071533534],[12.424896862750742,50.230426482137474],[12.424970069887223,50.23044611054338],[12.425031793091625,50.23047803814766],[12.425077119211299,50.23051972353459],[12.425102440263139,50.230567848568036],[12.425105740636502,50.23061858250866],[12.42508675755296,50.230667886936644],[12.425047002004897,50.23071183720926],[12.424989638499584,50.23074693486571],[12.424919233175109,50.230770386110486],[12.42484139033484,50.230780324206435],[12.424825798018437,50.23078060080981]]]}"
2_LC08_193025_20151003_00000000000000000003,E20 E20 E20 B51,0.41677857389834294,https://1drv.ms/i/s!AuR4bnS0n2fes6oVNPzdlN8JBubj3A?e=f79vVc,0.6507692650534006,-0.6307733768676157,45203000,1247727600000,1341990000000,1439622000000,1147158000000,"{""type"":""Polygon"",""coordinates"":[[[12.780613011971829,50.078573645451485],[12.7805346775366,50.078566482327844],[12.780462578588054,50.07854556314765],[12.78040245424765,50.07851255309413],[12.780359090423463,50.07847007978922],[12.780335938848605,50.0784215241281],[12.78033484233178,50.07837075115366],[12.78035588808739,50.07832180239528],[12.780397400814609,50.07827857416289],[12.780456076069617,50.078244507404165],[12.780527243308939,50.078222313811295],[12.780605237662568,50.078213759977025],[12.780683850844433,50.07821952677928],[12.780756825311853,50.07823915518554],[12.780818352345147,50.07827108279032],[12.780863534406778,50.07831276817773],[12.780888774980854,50.078360893211475],[12.780892064863238,50.07841162715216],[12.780873142111165,50.07846093157989],[12.780833512915166,50.07850488185208],[12.78077633172517,50.07853997950801],[12.780706150166944,50.078563430752375],[12.780628554731724,50.078573368848126],[12.780613011971829,50.078573645451485]]]}"
2_LC08_193025_20160818_00000000000000000002,E20 E20 E20 B16,0.7294659192612876,https://1drv.ms/i/s!AuR4bnS0n2fes6l4hvOSPmVzGxs2ag?e=239b2w,0.8807586063233112,-0.8198626639045574,44943016,1246345200000,1340694000000,1439276400000,1147330800000,"{""type"":""Polygon"",""coordinates"":[[[12.424825798018437,50.23078060080981],[12.424747213821886,50.23077343768601],[12.424674884993586,50.23075251850544],[12.424614568953812,50.230719508451415],[12.424571066870005,50.230677035146044],[12.424547841480498,50.23062847948463],[12.424546741469157,50.23057770651018],[12.424567854327963,50.23052875775207],[12.424609499414164,50.23048552952012],[12.424668361747903,50.230451462761906],[12.424739755894295,50.230429269169434],[12.424817998921895,50.23042071533534],[12.424896862750742,50.230426482137474],[12.424970069887223,50.23044611054338],[12.425031793091625,50.23047803814766],[12.425077119211299,50.23051972353459],[12.425102440263139,50.230567848568036],[12.425105740636502,50.23061858250866],[12.42508675755296,50.230667886936644],[12.425047002004897,50.23071183720926],[12.424989638499584,50.23074693486571],[12.424919233175109,50.230770386110486],[12.42484139033484,50.230780324206435],[12.424825798018437,50.23078060080981]]]}"
2_LC08_193025_20160818_00000000000000000003,E20 E20 E20 B51,0.7335565696887526,https://1drv.ms/i/s!AuR4bnS0n2fes6oVNPzdlN8JBubj3A?e=f79vVc,0.8844318196374976,-0.7736346617847448,45203000,1247727600000,1341990000000,1439622000000,1147158000000,"{""type"":""Polygon"",""coordinates"":[[[12.780613011971829,50.078573645451485],[12.7805346775366,50.078566482327844],[12.780462578588054,50.07854556314765],[12.78040245424765,50.07851255309413],[12.780359090423463,50.07847007978922],[12.780335938848605,50.0784215241281],[12.78033484233178,50.07837075115366],[12.78035588808739,50.07832180239528],[12.780397400814609,50.07827857416289],[12.780456076069617,50.078244507404165],[12.780527243308939,50.078222313811295],[12.780605237662568,50.078213759977025],[12.780683850844433,50.07821952677928],[12.780756825311853,50.07823915518554],[12.780818352345147,50.07827108279032],[12.780863534406778,50.07831276817773],[12.780888774980854,50.078360893211475],[12.780892064863238,50.07841162715216],[12.780873142111165,50.07846093157989],[12.780833512915166,50.07850488185208],[12.78077633172517,50.07853997950801],[12.780706150166944,50.078563430752375],[12.780628554731724,50.078573368848126],[12.780613011971829,50.078573645451485]]]}"
2_LC08_193025_20170602_00000000000000000003,E20 E20 E20 B51,0.7707375979533905,https://1drv.ms/i/s!AuR4bnS0n2fes6oVNPzdlN8JBubj3A?e=f79vVc,0.8887665795447359,-0.8090540620224853,45203000,1247727600000,1341990000000,1439622000000,1147158000000,"{""type"":""Polygon"",""coordinates"":[[[12.780613011971829,50.078573645451485],[12.7805346775366,50.078566482327844],[12.780462578588054,50.07854556314765],[12.78040245424765,50.07851255309413],[12.780359090423463,50.07847007978922],[12.780335938848605,50.0784215241281],[12.78033484233178,50.07837075115366],[12.78035588808739,50.07832180239528],[12.780397400814609,50.07827857416289],[12.780456076069617,50.078244507404165],[12.780527243308939,50.078222313811295],[12.780605237662568,50.078213759977025],[12.780683850844433,50.07821952677928],[12.780756825311853,50.07823915518554],[12.780818352345147,50.07827108279032],[12.780863534406778,50.07831276817773],[12.780888774980854,50.078360893211475],[12.780892064863238,50.07841162715216],[12.780873142111165,50.07846093157989],[12.780833512915166,50.07850488185208],[12.78077633172517,50.07853997950801],[12.780706150166944,50.078563430752375],[12.780628554731724,50.078573368848126],[12.780613011971829,50.078573645451485]]]}"
2_LC08_193025_20180418_00000000000000000002,E20 E20 E20 B16,0.10068728029285162,https://1drv.ms/i/s!AuR4bnS0n2fes6l4hvOSPmVzGxs2ag?e=239b2w,0.1674138980270989,-0.2810503509758834,44943016,1246345200000,1340694000000,1439276400000,1147330800000,"{""type"":""Polygon"",""coordinates"":[[[12.424825798018437,50.23078060080981],[12.424747213821886,50.23077343768601],[12.424674884993586,50.23075251850544],[12.424614568953812,50.230719508451415],[12.424571066870005,50.230677035146044],[12.424547841480498,50.23062847948463],[12.424546741469157,50.23057770651018],[12.424567854327963,50.23052875775207],[12.424609499414164,50.23048552952012],[12.424668361747903,50.230451462761906],[12.424739755894295,50.230429269169434],[12.424817998921895,50.23042071533534],[12.424896862750742,50.230426482137474],[12.424970069887223,50.23044611054338],[12.425031793091625,50.23047803814766],[12.425077119211299,50.23051972353459],[12.425102440263139,50.230567848568036],[12.425105740636502,50.23061858250866],[12.42508675755296,50.230667886936644],[12.425047002004897,50.23071183720926],[12.424989638499584,50.23074693486571],[12.424919233175109,50.230770386110486],[12.42484139033484,50.230780324206435],[12.424825798018437,50.23078060080981]]]}"
2_LC08_193025_20180418_00000000000000000003,E20 E20 E20 B51,0.45874419053971793,https://1drv.ms/i/s!AuR4bnS0n2fes6oVNPzdlN8JBubj3A?e=f79vVc,0.6396914558792267,-0.6134216245491194,45203000,1247727600000,1341990000000,1439622000000,1147158000000,"{""type"":""Polygon"",""coordinates"":[[[12.780613011971829,50.078573645451485],[12.7805346775366,50.078566482327844],[12.780462578588054,50.07854556314765],[12.78040245424765,50.07851255309413],[12.780359090423463,50.07847007978922],[12.780335938848605,50.0784215241281],[12.78033484233178,50.07837075115366],[12.78035588808739,50.07832180239528],[12.780397400814609,50.07827857416289],[12.780456076069617,50.078244507404165],[12.780527243308939,50.078222313811295],[12.780605237662568,50.078213759977025],[12.780683850844433,50.07821952677928],[12.780756825311853,50.07823915518554],[12.780818352345147,50.07827108279032],[12.780863534406778,50.07831276817773],[12.780888774980854,50.078360893211475],[12.780892064863238,50.07841162715216],[12.780873142111165,50.07846093157989],[12.780833512915166,50.07850488185208],[12.78077633172517,50.07853997950801],[12.780706150166944,50.078563430752375],[12.780628554731724,50.078573368848126],[12.780613011971829,50.078573645451485]]]}"
2_LC08_193025_20180707_00000000000000000003,E20 E20 E20 B51,0.48531330199958045,https://1drv.ms/i/s!AuR4bnS0n2fes6oVNPzdlN8JBubj3A?e=f79vVc,0.7486970430734714,-0.7032526635562985,45203000,1247727600000,1341990000000,1439622000000,1147158000000,"{""type"":""Polygon"",""coordinates"":[[[12.780613011971829,50.078573645451485],[12.7805346775366,50.078566482327844],[12.780462578588054,50.07854556314765],[12.78040245424765,50.07851255309413],[12.780359090423463,50.07847007978922],[12.780335938848605,50.0784215241281],[12.78033484233178,50.07837075115366],[12.78035588808739,50.07832180239528],[12.780397400814609,50.07827857416289],[12.780456076069617,50.078244507404165],[12.780527243308939,50.078222313811295],[12.780605237662568,50.078213759977025],[12.780683850844433,50.07821952677928],[12.780756825311853,50.07823915518554],[12.780818352345147,50.07827108279032],[12.780863534406778,50.07831276817773],[12.780888774980854,50.078360893211475],[12.780892064863238,50.07841162715216],[12.780873142111165,50.07846093157989],[12.780833512915166,50.07850488185208],[12.78077633172517,50.07853997950801],[12.780706150166944,50.078563430752375],[12.780628554731724,50.078573368848126],[12.780613011971829,50.078573645451485]]]}"
2_LC08_193025_20181011_00000000000000000002,E20 E20 E20 B16,0.46326070065025504,https://1drv.ms/i/s!AuR4bnS0n2fes6l4hvOSPmVzGxs2ag?e=239b2w,0.667387695824204,-0.5961247367518968,44943016,1246345200000,1340694000000,1439276400000,1147330800000,"{""type"":""Polygon"",""coordinates"":[[[12.424825798018437,50.23078060080981],[12.424747213821886,50.23077343768601],[12.424674884993586,50.23075251850544],[12.424614568953812,50.230719508451415],[12.424571066870005,50.230677035146044],[12.424547841480498,50.23062847948463],[12.424546741469157,50.23057770651018],[12.424567854327963,50.23052875775207],[12.424609499414164,50.23048552952012],[12.424668361747903,50.230451462761906],[12.424739755894295,50.230429269169434],[12.424817998921895,50.23042071533534],[12.424896862750742,50.230426482137474],[12.424970069887223,50.23044611054338],[12.425031793091625,50.23047803814766],[12.425077119211299,50.23051972353459],[12.425102440263139,50.230567848568036],[12.425105740636502,50.23061858250866],[12.42508675755296,50.230667886936644],[12.425047002004897,50.23071183720926],[12.424989638499584,50.23074693486571],[12.424919233175109,50.230770386110486],[12.42484139033484,50.230780324206435],[12.424825798018437,50.23078060080981]]]}"
2_LC08_193025_20181011_00000000000000000003,E20 E20 E20 B51,0.2956041796561406,https://1drv.ms/i/s!AuR4bnS0n2fes6oVNPzdlN8JBubj3A?e=f79vVc,0.5118387532836839,-0.5655293994802969,45203000,1247727600000,1341990000000,1439622000000,1147158000000,"{""type"":""Polygon"",""coordinates"":[[[12.780613011971829,50.078573645451485],[12.7805346775366,50.078566482327844],[12.780462578588054,50.07854556314765],[12.78040245424765,50.07851255309413],[12.780359090423463,50.07847007978922],[12.780335938848605,50.0784215241281],[12.78033484233178,50.07837075115366],[12.78035588808739,50.07832180239528],[12.780397400814609,50.07827857416289],[12.780456076069617,50.078244507404165],[12.780527243308939,50.078222313811295],[12.780605237662568,50.078213759977025],[12.780683850844433,50.07821952677928],[12.780756825311853,50.07823915518554],[12.780818352345147,50.07827108279032],[12.780863534406778,50.07831276817773],[12.780888774980854,50.078360893211475],[12.780892064863238,50.07841162715216],[12.780873142111165,50.07846093157989],[12.780833512915166,50.07850488185208],[12.78077633172517,50.07853997950801],[12.780706150166944,50.078563430752375],[12.780628554731724,50.078573368848126],[12.780613011971829,50.078573645451485]]]}"
2_LC08_193025_20190216_00000000000000000003,E20 E20 E20 B51,-0.4252345414115233,https://1drv.ms/i/s!AuR4bnS0n2fes6oVNPzdlN8JBubj3A?e=f79vVc,-0.08358790444817372,0.06843787509298808,45203000,1247727600000,1341990000000,1439622000000,1147158000000,"{""type"":""Polygon"",""coordinates"":[[[12.780613011971829,50.078573645451485],[12.7805346775366,50.078566482327844],[12.780462578588054,50.07854556314765],[12.78040245424765,50.07851255309413],[12.780359090423463,50.07847007978922],[12.780335938848605,50.0784215241281],[12.78033484233178,50.07837075115366],[12.78035588808739,50.07832180239528],[12.780397400814609,50.07827857416289],[12.780456076069617,50.078244507404165],[12.780527243308939,50.078222313811295],[12.780605237662568,50.078213759977025],[12.780683850844433,50.07821952677928],[12.780756825311853,50.07823915518554],[12.780818352345147,50.07827108279032],[12.780863534406778,50.07831276817773],[12.780888774980854,50.078360893211475],[12.780892064863238,50.07841162715216],[12.780873142111165,50.07846093157989],[12.780833512915166,50.07850488185208],[12.78077633172517,50.07853997950801],[12.780706150166944,50.078563430752375],[12.780628554731724,50.078573368848126],[12.780613011971829,50.078573645451485]]]}"
2_LC08_193025_20190320_00000000000000000002,E20 E20 E20 B16,0.07738546712893808,https://1drv.ms/i/s!AuR4bnS0n2fes6l4hvOSPmVzGxs2ag?e=239b2w,0.1852644206446255,-0.30812538387548355,44943016,1246345200000,1340694000000,1439276400000,1147330800000,"{""type"":""Polygon"",""coordinates"":[[[12.424825798018437,50.23078060080981],[12.424747213821886,50.23077343768601],[12.424674884993586,50.23075251850544],[12.424614568953812,50.230719508451415],[12.424571066870005,50.230677035146044],[12.424547841480498,50.23062847948463],[12.424546741469157,50.23057770651018],[12.424567854327963,50.23052875775207],[12.424609499414164,50.23048552952012],[12.424668361747903,50.230451462761906],[12.424739755894295,50.230429269169434],[12.424817998921895,50.23042071533534],[12.424896862750742,50.230426482137474],[12.424970069887223,50.23044611054338],[12.425031793091625,50.23047803814766],[12.425077119211299,50.23051972353459],[12.425102440263139,50.230567848568036],[12.425105740636502,50.23061858250866],[12.42508675755296,50.230667886936644],[12.425047002004897,50.23071183720926],[12.424989638499584,50.23074693486571],[12.424919233175109,50.230770386110486],[12.42484139033484,50.230780324206435],[12.424825798018437,50.23078060080981]]]}"
2_LC08_193025_20190320_00000000000000000003,E20 E20 E20 B51,0.24115155672912164,https://1drv.ms/i/s!AuR4bnS0n2fes6oVNPzdlN8JBubj3A?e=f79vVc,0.4562243260894573,-0.5323535648684801,45203000,1247727600000,1341990000000,1439622000000,1147158000000,"{""type"":""Polygon"",""coordinates"":[[[12.780613011971829,50.078573645451485],[12.7805346775366,50.078566482327844],[12.780462578588054,50.07854556314765],[12.78040245424765,50.07851255309413],[12.780359090423463,50.07847007978922],[12.780335938848605,50.0784215241281],[12.78033484233178,50.07837075115366],[12.78035588808739,50.07832180239528],[12.780397400814609,50.07827857416289],[12.780456076069617,50.078244507404165],[12.780527243308939,50.078222313811295],[12.780605237662568,50.078213759977025],[12.780683850844433,50.07821952677928],[12.780756825311853,50.07823915518554],[12.780818352345147,50.07827108279032],[12.780863534406778,50.07831276817773],[12.780888774980854,50.078360893211475],[12.780892064863238,50.07841162715216],[12.780873142111165,50.07846093157989],[12.780833512915166,50.07850488185208],[12.78077633172517,50.07853997950801],[12.780706150166944,50.078563430752375],[12.780628554731724,50.078573368848126],[12.780613011971829,50.078573645451485]]]}"
2_LC08_193025_20190421_00000000000000000002,E20 E20 E20 B16,0.1114743005048218,https://1drv.ms/i/s!AuR4bnS0n2fes6l4hvOSPmVzGxs2ag?e=239b2w,0.15319889219008936,-0.2543757359087777,44943016,1246345200000,1340694000000,1439276400000,1147330800000,"{""type"":""Polygon"",""coordinates"":[[[12.424825798018437,50.23078060080981],[12.424747213821886,50.23077343768601],[12.424674884993586,50.23075251850544],[12.424614568953812,50.230719508451415],[12.424571066870005,50.230677035146044],[12.424547841480498,50.23062847948463],[12.424546741469157,50.23057770651018],[12.424567854327963,50.23052875775207],[12.424609499414164,50.23048552952012],[12.424668361747903,50.230451462761906],[12.424739755894295,50.230429269169434],[12.424817998921895,50.23042071533534],[12.424896862750742,50.230426482137474],[12.424970069887223,50.23044611054338],[12.425031793091625,50.23047803814766],[12.425077119211299,50.23051972353459],[12.425102440263139,50.230567848568036],[12.425105740636502,50.23061858250866],[12.42508675755296,50.230667886936644],[12.425047002004897,50.23071183720926],[12.424989638499584,50.23074693486571],[12.424919233175109,50.230770386110486],[12.42484139033484,50.230780324206435],[12.424825798018437,50.23078060080981]]]}"
2_LC08_193025_20190421_00000000000000000003,E20 E20 E20 B51,0.4069055927202602,https://1drv.ms/i/s!AuR4bnS0n2fes6oVNPzdlN8JBubj3A?e=f79vVc,0.6051404352181968,-0.6017173732791955,45203000,1247727600000,1341990000000,1439622000000,1147158000000,"{""type"":""Polygon"",""coordinates"":[[[12.780613011971829,50.078573645451485],[12.7805346775366,50.078566482327844],[12.780462578588054,50.07854556314765],[12.78040245424765,50.07851255309413],[12.780359090423463,50.07847007978922],[12.780335938848605,50.0784215241281],[12.78033484233178,50.07837075115366],[12.78035588808739,50.07832180239528],[12.780397400814609,50.07827857416289],[12.780456076069617,50.078244507404165],[12.780527243308939,50.078222313811295],[12.780605237662568,50.078213759977025],[12.780683850844433,50.07821952677928],[12.780756825311853,50.07823915518554],[12.780818352345147,50.07827108279032],[12.780863534406778,50.07831276817773],[12.780888774980854,50.078360893211475],[12.780892064863238,50.07841162715216],[12.780873142111165,50.07846093157989],[12.780833512915166,50.07850488185208],[12.78077633172517,50.07853997950801],[12.780706150166944,50.078563430752375],[12.780628554731724,50.078573368848126],[12.780613011971829,50.078573645451485]]]}"
2_LC08_193025_20190624_00000000000000000002,E20 E20 E20 B16,0.2791944780157471,https://1drv.ms/i/s!AuR4bnS0n2fes6l4hvOSPmVzGxs2ag?e=239b2w,0.36724356287128646,-0.42706550805740195,44943016,1246345200000,1340694000000,1439276400000,1147330800000,"{""type"":""Polygon"",""coordinates"":[[[12.424825798018437,50.23078060080981],[12.424747213821886,50.23077343768601],[12.424674884993586,50.23075251850544],[12.424614568953812,50.230719508451415],[12.424571066870005,50.230677035146044],[12.424547841480498,50.23062847948463],[12.424546741469157,50.23057770651018],[12.424567854327963,50.23052875775207],[12.424609499414164,50.23048552952012],[12.424668361747903,50.230451462761906],[12.424739755894295,50.230429269169434],[12.424817998921895,50.23042071533534],[12.424896862750742,50.230426482137474],[12.424970069887223,50.23044611054338],[12.425031793091625,50.23047803814766],[12.425077119211299,50.23051972353459],[12.425102440263139,50.230567848568036],[12.425105740636502,50.23061858250866],[12.42508675755296,50.230667886936644],[12.425047002004897,50.23071183720926],[12.424989638499584,50.23074693486571],[12.424919233175109,50.230770386110486],[12.42484139033484,50.230780324206435],[12.424825798018437,50.23078060080981]]]}"
2_LC08_193025_20190624_00000000000000000003,E20 E20 E20 B51,0.4720161328780961,https://1drv.ms/i/s!AuR4bnS0n2fes6oVNPzdlN8JBubj3A?e=f79vVc,0.7061702282586227,-0.6494830346552343,45203000,1247727600000,1341990000000,1439622000000,1147158000000,"{""type"":""Polygon"",""coordinates"":[[[12.780613011971829,50.078573645451485],[12.7805346775366,50.078566482327844],[12.780462578588054,50.07854556314765],[12.78040245424765,50.07851255309413],[12.780359090423463,50.07847007978922],[12.780335938848605,50.0784215241281],[12.78033484233178,50.07837075115366],[12.78035588808739,50.07832180239528],[12.780397400814609,50.07827857416289],[12.780456076069617,50.078244507404165],[12.780527243308939,50.078222313811295],[12.780605237662568,50.078213759977025],[12.780683850844433,50.07821952677928],[12.780756825311853,50.07823915518554],[12.780818352345147,50.07827108279032],[12.780863534406778,50.07831276817773],[12.780888774980854,50.078360893211475],[12.780892064863238,50.07841162715216],[12.780873142111165,50.07846093157989],[12.780833512915166,50.07850488185208],[12.78077633172517,50.07853997950801],[12.780706150166944,50.078563430752375],[12.780628554731724,50.078573368848126],[12.780613011971829,50.078573645451485]]]}"
2_LC08_193025_20190726_00000000000000000002,E20 E20 E20 B16,0.6106139195449475,https://1drv.ms/i/s!AuR4bnS0n2fes6l4hvOSPmVzGxs2ag?e=239b2w,0.7784934897318537,-0.7307321951028647,44943016,1246345200000,1340694000000,1439276400000,1147330800000,"{""type"":""Polygon"",""coordinates"":[[[12.424825798018437,50.23078060080981],[12.424747213821886,50.23077343768601],[12.424674884993586,50.23075251850544],[12.424614568953812,50.230719508451415],[12.424571066870005,50.230677035146044],[12.424547841480498,50.23062847948463],[12.424546741469157,50.23057770651018],[12.424567854327963,50.23052875775207],[12.424609499414164,50.23048552952012],[12.424668361747903,50.230451462761906],[12.424739755894295,50.230429269169434],[12.424817998921895,50.23042071533534],[12.424896862750742,50.230426482137474],[12.424970069887223,50.23044611054338],[12.425031793091625,50.23047803814766],[12.425077119211299,50.23051972353459],[12.425102440263139,50.230567848568036],[12.425105740636502,50.23061858250866],[12.42508675755296,50.230667886936644],[12.425047002004897,50.23071183720926],[12.424989638499584,50.23074693486571],[12.424919233175109,50.230770386110486],[12.42484139033484,50.230780324206435],[12.424825798018437,50.23078060080981]]]}"
2_LC08_193025_20190726_00000000000000000003,E20 E20 E20 B51,0.3875689697251615,https://1drv.ms/i/s!AuR4bnS0n2fes6oVNPzdlN8JBubj3A?e=f79vVc,0.6106423825309498,-0.6065092797319578,45203000,1247727600000,1341990000000,1439622000000,1147158000000,"{""type"":""Polygon"",""coordinates"":[[[12.780613011971829,50.078573645451485],[12.7805346775366,50.078566482327844],[12.780462578588054,50.07854556314765],[12.78040245424765,50.07851255309413],[12.780359090423463,50.07847007978922],[12.780335938848605,50.0784215241281],[12.78033484233178,50.07837075115366],[12.78035588808739,50.07832180239528],[12.780397400814609,50.07827857416289],[12.780456076069617,50.078244507404165],[12.780527243308939,50.078222313811295],[12.780605237662568,50.078213759977025],[12.780683850844433,50.07821952677928],[12.780756825311853,50.07823915518554],[12.780818352345147,50.07827108279032],[12.780863534406778,50.07831276817773],[12.780888774980854,50.078360893211475],[12.780892064863238,50.07841162715216],[12.780873142111165,50.07846093157989],[12.780833512915166,50.07850488185208],[12.78077633172517,50.07853997950801],[12.780706150166944,50.078563430752375],[12.780628554731724,50.078573368848126],[12.780613011971829,50.078573645451485]]]}"
2_LC08_193025_20191014_00000000000000000002,E20 E20 E20 B16,0.19584901549600045,https://1drv.ms/i/s!AuR4bnS0n2fes6l4hvOSPmVzGxs2ag?e=239b2w,0.37666923795597806,-0.4416594292822579,44943016,1246345200000,1340694000000,1439276400000,1147330800000,"{""type"":""Polygon"",""coordinates"":[[[12.424825798018437,50.23078060080981],[12.424747213821886,50.23077343768601],[12.424674884993586,50.23075251850544],[12.424614568953812,50.230719508451415],[12.424571066870005,50.230677035146044],[12.424547841480498,50.23062847948463],[12.424546741469157,50.23057770651018],[12.424567854327963,50.23052875775207],[12.424609499414164,50.23048552952012],[12.424668361747903,50.230451462761906],[12.424739755894295,50.230429269169434],[12.424817998921895,50.23042071533534],[12.424896862750742,50.230426482137474],[12.424970069887223,50.23044611054338],[12.425031793091625,50.23047803814766],[12.425077119211299,50.23051972353459],[12.425102440263139,50.230567848568036],[12.425105740636502,50.23061858250866],[12.42508675755296,50.230667886936644],[12.425047002004897,50.23071183720926],[12.424989638499584,50.23074693486571],[12.424919233175109,50.230770386110486],[12.42484139033484,50.230780324206435],[12.424825798018437,50.23078060080981]]]}"
2_LC08_193025_20191014_00000000000000000003,E20 E20 E20 B51,0.4024260101496313,https://1drv.ms/i/s!AuR4bnS0n2fes6oVNPzdlN8JBubj3A?e=f79vVc,0.661514837460708,-0.6257557927559481,45203000,1247727600000,1341990000000,1439622000000,1147158000000,"{""type"":""Polygon"",""coordinates"":[[[12.780613011971829,50.078573645451485],[12.7805346775366,50.078566482327844],[12.780462578588054,50.07854556314765],[12.78040245424765,50.07851255309413],[12.780359090423463,50.07847007978922],[12.780335938848605,50.0784215241281],[12.78033484233178,50.07837075115366],[12.78035588808739,50.07832180239528],[12.780397400814609,50.07827857416289],[12.780456076069617,50.078244507404165],[12.780527243308939,50.078222313811295],[12.780605237662568,50.078213759977025],[12.780683850844433,50.07821952677928],[12.780756825311853,50.07823915518554],[12.780818352345147,50.07827108279032],[12.780863534406778,50.07831276817773],[12.780888774980854,50.078360893211475],[12.780892064863238,50.07841162715216],[12.780873142111165,50.07846093157989],[12.780833512915166,50.07850488185208],[12.78077633172517,50.07853997950801],[12.780706150166944,50.078563430752375],[12.780628554731724,50.078573368848126],[12.780613011971829,50.078573645451485]]]}"
2_LC08_193025_20200407_00000000000000000002,E20 E20 E20 B16,0.15504088592632265,https://1drv.ms/i/s!AuR4bnS0n2fes6l4hvOSPmVzGxs2ag?e=239b2w,0.22705667310917246,-0.3265774070599548,44943016,1246345200000,1340694000000,1439276400000,1147330800000,"{""type"":""Polygon"",""coordinates"":[[[12.424825798018437,50.23078060080981],[12.424747213821886,50.23077343768601],[12.424674884993586,50.23075251850544],[12.424614568953812,50.230719508451415],[12.424571066870005,50.230677035146044],[12.424547841480498,50.23062847948463],[12.424546741469157,50.23057770651018],[12.424567854327963,50.23052875775207],[12.424609499414164,50.23048552952012],[12.424668361747903,50.230451462761906],[12.424739755894295,50.230429269169434],[12.424817998921895,50.23042071533534],[12.424896862750742,50.230426482137474],[12.424970069887223,50.23044611054338],[12.425031793091625,50.23047803814766],[12.425077119211299,50.23051972353459],[12.425102440263139,50.230567848568036],[12.425105740636502,50.23061858250866],[12.42508675755296,50.230667886936644],[12.425047002004897,50.23071183720926],[12.424989638499584,50.23074693486571],[12.424919233175109,50.230770386110486],[12.42484139033484,50.230780324206435],[12.424825798018437,50.23078060080981]]]}"
2_LC08_193025_20200407_00000000000000000003,E20 E20 E20 B51,0.33715808020848825,https://1drv.ms/i/s!AuR4bnS0n2fes6oVNPzdlN8JBubj3A?e=f79vVc,0.5261980432369833,-0.5675711565085036,45203000,1247727600000,1341990000000,1439622000000,1147158000000,"{""type"":""Polygon"",""coordinates"":[[[12.780613011971829,50.078573645451485],[12.7805346775366,50.078566482327844],[12.780462578588054,50.07854556314765],[12.78040245424765,50.07851255309413],[12.780359090423463,50.07847007978922],[12.780335938848605,50.0784215241281],[12.78033484233178,50.07837075115366],[12.78035588808739,50.07832180239528],[12.780397400814609,50.07827857416289],[12.780456076069617,50.078244507404165],[12.780527243308939,50.078222313811295],[12.780605237662568,50.078213759977025],[12.780683850844433,50.07821952677928],[12.780756825311853,50.07823915518554],[12.780818352345147,50.07827108279032],[12.780863534406778,50.07831276817773],[12.780888774980854,50.078360893211475],[12.780892064863238,50.07841162715216],[12.780873142111165,50.07846093157989],[12.780833512915166,50.07850488185208],[12.78077633172517,50.07853997950801],[12.780706150166944,50.078563430752375],[12.780628554731724,50.078573368848126],[12.780613011971829,50.078573645451485]]]}"
2_LC08_193025_20200423_00000000000000000002,E20 E20 E20 B16,0.09701759381891624,https://1drv.ms/i/s!AuR4bnS0n2fes6l4hvOSPmVzGxs2ag?e=239b2w,0.14164322684592812,-0.260461540760252,44943016,1246345200000,1340694000000,1439276400000,1147330800000,"{""type"":""Polygon"",""coordinates"":[[[12.424825798018437,50.23078060080981],[12.424747213821886,50.23077343768601],[12.424674884993586,50.23075251850544],[12.424614568953812,50.230719508451415],[12.424571066870005,50.230677035146044],[12.424547841480498,50.23062847948463],[12.424546741469157,50.23057770651018],[12.424567854327963,50.23052875775207],[12.424609499414164,50.23048552952012],[12.424668361747903,50.230451462761906],[12.424739755894295,50.230429269169434],[12.424817998921895,50.23042071533534],[12.424896862750742,50.230426482137474],[12.424970069887223,50.23044611054338],[12.425031793091625,50.23047803814766],[12.425077119211299,50.23051972353459],[12.425102440263139,50.230567848568036],[12.425105740636502,50.23061858250866],[12.42508675755296,50.230667886936644],[12.425047002004897,50.23071183720926],[12.424989638499584,50.23074693486571],[12.424919233175109,50.230770386110486],[12.42484139033484,50.230780324206435],[12.424825798018437,50.23078060080981]]]}"
2_LC08_193025_20200423_00000000000000000003,E20 E20 E20 B51,0.4232684058484248,https://1drv.ms/i/s!AuR4bnS0n2fes6oVNPzdlN8JBubj3A?e=f79vVc,0.6223721582794585,-0.6215873427740768,45203000,1247727600000,1341990000000,1439622000000,1147158000000,"{""type"":""Polygon"",""coordinates"":[[[12.780613011971829,50.078573645451485],[12.7805346775366,50.078566482327844],[12.780462578588054,50.07854556314765],[12.78040245424765,50.07851255309413],[12.780359090423463,50.07847007978922],[12.780335938848605,50.0784215241281],[12.78033484233178,50.07837075115366],[12.78035588808739,50.07832180239528],[12.780397400814609,50.07827857416289],[12.780456076069617,50.078244507404165],[12.780527243308939,50.078222313811295],[12.780605237662568,50.078213759977025],[12.780683850844433,50.07821952677928],[12.780756825311853,50.07823915518554],[12.780818352345147,50.07827108279032],[12.780863534406778,50.07831276817773],[12.780888774980854,50.078360893211475],[12.780892064863238,50.07841162715216],[12.780873142111165,50.07846093157989],[12.780833512915166,50.07850488185208],[12.78077633172517,50.07853997950801],[12.780706150166944,50.078563430752375],[12.780628554731724,50.078573368848126],[12.780613011971829,50.078573645451485]]]}"
2_LC08_193025_20200914_00000000000000000002,E20 E20 E20 B16,0.4526939056843707,https://1drv.ms/i/s!AuR4bnS0n2fes6l4hvOSPmVzGxs2ag?e=239b2w,0.6668683055786304,-0.6272176817043977,44943016,1246345200000,1340694000000,1439276400000,1147330800000,"{""type"":""Polygon"",""coordinates"":[[[12.424825798018437,50.23078060080981],[12.424747213821886,50.23077343768601],[12.424674884993586,50.23075251850544],[12.424614568953812,50.230719508451415],[12.424571066870005,50.230677035146044],[12.424547841480498,50.23062847948463],[12.424546741469157,50.23057770651018],[12.424567854327963,50.23052875775207],[12.424609499414164,50.23048552952012],[12.424668361747903,50.230451462761906],[12.424739755894295,50.230429269169434],[12.424817998921895,50.23042071533534],[12.424896862750742,50.230426482137474],[12.424970069887223,50.23044611054338],[12.425031793091625,50.23047803814766],[12.425077119211299,50.23051972353459],[12.425102440263139,50.230567848568036],[12.425105740636502,50.23061858250866],[12.42508675755296,50.230667886936644],[12.425047002004897,50.23071183720926],[12.424989638499584,50.23074693486571],[12.424919233175109,50.230770386110486],[12.42484139033484,50.230780324206435],[12.424825798018437,50.23078060080981]]]}"
2_LC08_193025_20200914_00000000000000000003,E20 E20 E20 B51,0.5381055435727355,https://1drv.ms/i/s!AuR4bnS0n2fes6oVNPzdlN8JBubj3A?e=f79vVc,0.7536036498816173,-0.6700811620233985,45203000,1247727600000,1341990000000,1439622000000,1147158000000,"{""type"":""Polygon"",""coordinates"":[[[12.780613011971829,50.078573645451485],[12.7805346775366,50.078566482327844],[12.780462578588054,50.07854556314765],[12.78040245424765,50.07851255309413],[12.780359090423463,50.07847007978922],[12.780335938848605,50.0784215241281],[12.78033484233178,50.07837075115366],[12.78035588808739,50.07832180239528],[12.780397400814609,50.07827857416289],[12.780456076069617,50.078244507404165],[12.780527243308939,50.078222313811295],[12.780605237662568,50.078213759977025],[12.780683850844433,50.07821952677928],[12.780756825311853,50.07823915518554],[12.780818352345147,50.07827108279032],[12.780863534406778,50.07831276817773],[12.780888774980854,50.078360893211475],[12.780892064863238,50.07841162715216],[12.780873142111165,50.07846093157989],[12.780833512915166,50.07850488185208],[12.78077633172517,50.07853997950801],[12.780706150166944,50.078563430752375],[12.780628554731724,50.078573368848126],[12.780613011971829,50.078573645451485]]]}"
2_LC08_193025_20210426_00000000000000000002,E20 E20 E20 B16,0.22125539738605926,https://1drv.ms/i/s!AuR4bnS0n2fes6l4hvOSPmVzGxs2ag?e=239b2w,0.3394803330484091,-0.39180067390374695,44943016,1246345200000,1340694000000,1439276400000,1147330800000,"{""type"":""Polygon"",""coordinates"":[[[12.424825798018437,50.23078060080981],[12.424747213821886,50.23077343768601],[12.424674884993586,50.23075251850544],[12.424614568953812,50.230719508451415],[12.424571066870005,50.230677035146044],[12.424547841480498,50.23062847948463],[12.424546741469157,50.23057770651018],[12.424567854327963,50.23052875775207],[12.424609499414164,50.23048552952012],[12.424668361747903,50.230451462761906],[12.424739755894295,50.230429269169434],[12.424817998921895,50.23042071533534],[12.424896862750742,50.230426482137474],[12.424970069887223,50.23044611054338],[12.425031793091625,50.23047803814766],[12.425077119211299,50.23051972353459],[12.425102440263139,50.230567848568036],[12.425105740636502,50.23061858250866],[12.42508675755296,50.230667886936644],[12.425047002004897,50.23071183720926],[12.424989638499584,50.23074693486571],[12.424919233175109,50.230770386110486],[12.42484139033484,50.230780324206435],[12.424825798018437,50.23078060080981]]]}"
2_LC08_193025_20210426_00000000000000000003,E20 E20 E20 B51,0.420257504470103,https://1drv.ms/i/s!AuR4bnS0n2fes6oVNPzdlN8JBubj3A?e=f79vVc,0.5743081746312909,-0.5743478148853834,45203000,1247727600000,1341990000000,1439622000000,1147158000000,"{""type"":""Polygon"",""coordinates"":[[[12.780613011971829,50.078573645451485],[12.7805346775366,50.078566482327844],[12.780462578588054,50.07854556314765],[12.78040245424765,50.07851255309413],[12.780359090423463,50.07847007978922],[12.780335938848605,50.0784215241281],[12.78033484233178,50.07837075115366],[12.78035588808739,50.07832180239528],[12.780397400814609,50.07827857416289],[12.780456076069617,50.078244507404165],[12.780527243308939,50.078222313811295],[12.780605237662568,50.078213759977025],[12.780683850844433,50.07821952677928],[12.780756825311853,50.07823915518554],[12.780818352345147,50.07827108279032],[12.780863534406778,50.07831276817773],[12.780888774980854,50.078360893211475],[12.780892064863238,50.07841162715216],[12.780873142111165,50.07846093157989],[12.780833512915166,50.07850488185208],[12.78077633172517,50.07853997950801],[12.780706150166944,50.078563430752375],[12.780628554731724,50.078573368848126],[12.780613011971829,50.078573645451485]]]}"
2_LC08_193025_20211222_00000000000000000003,E20 E20 E20 B51,0.2718212961955042,https://1drv.ms/i/s!AuR4bnS0n2fes6oVNPzdlN8JBubj3A?e=f79vVc,0.968126699434437,0.5309546625880848,45203000,1247727600000,1341990000000,1439622000000,1147158000000,"{""type"":""Polygon"",""coordinates"":[[[12.780613011971829,50.078573645451485],[12.7805346775366,50.078566482327844],[12.780462578588054,50.07854556314765],[12.78040245424765,50.07851255309413],[12.780359090423463,50.07847007978922],[12.780335938848605,50.0784215241281],[12.78033484233178,50.07837075115366],[12.78035588808739,50.07832180239528],[12.780397400814609,50.07827857416289],[12.780456076069617,50.078244507404165],[12.780527243308939,50.078222313811295],[12.780605237662568,50.078213759977025],[12.780683850844433,50.07821952677928],[12.780756825311853,50.07823915518554],[12.780818352345147,50.07827108279032],[12.780863534406778,50.07831276817773],[12.780888774980854,50.078360893211475],[12.780892064863238,50.07841162715216],[12.780873142111165,50.07846093157989],[12.780833512915166,50.07850488185208],[12.78077633172517,50.07853997950801],[12.780706150166944,50.078563430752375],[12.780628554731724,50.078573368848126],[12.780613011971829,50.078573645451485]]]}"
